ISO-10303-21;
HEADER;
/* Generated by software containing ST-Developer
 * from STEP Tools, Inc. (www.steptools.com) 
 */

FILE_DESCRIPTION(
/* description */ (''),
/* implementation_level */ '2;1');

FILE_NAME(
/* name */ 'PROJECT_TYPEFACE_SHELL.step',
/* time_stamp */ '2026-06-30T23:30:12-05:00',
/* author */ (''),
/* organization */ (''),
/* preprocessor_version */ 'ST-DEVELOPER v20.1',
/* originating_system */ 'Autodesk Translation Framework v15.8.0.0',
/* authorisation */ '');

FILE_SCHEMA (('AUTOMOTIVE_DESIGN { 1 0 10303 214 3 1 1 }'));
ENDSEC;

DATA;
#10=MECHANICAL_DESIGN_GEOMETRIC_PRESENTATION_REPRESENTATION('',(#13,#14,
#15,#16,#17,#18,#19,#20,#21,#22,#23,#24,#25,#26,#27,#28,#29,#30,#31,#32,
#33,#34,#35,#36),#11435);
#11=SHAPE_REPRESENTATION_RELATIONSHIP('SRR','None',#11441,#12);
#12=ADVANCED_BREP_SHAPE_REPRESENTATION('',(#37,#38,#39,#40,#41,#42,#43,
#44,#45,#46,#47,#48,#49,#50,#51,#52,#53,#54,#55,#56,#57,#58,#59,#60),#11434);
#13=STYLED_ITEM('',(#11450),#37);
#14=STYLED_ITEM('',(#11450),#38);
#15=STYLED_ITEM('',(#11450),#39);
#16=STYLED_ITEM('',(#11450),#40);
#17=STYLED_ITEM('',(#11450),#41);
#18=STYLED_ITEM('',(#11450),#42);
#19=STYLED_ITEM('',(#11450),#43);
#20=STYLED_ITEM('',(#11450),#44);
#21=STYLED_ITEM('',(#11450),#45);
#22=STYLED_ITEM('',(#11450),#46);
#23=STYLED_ITEM('',(#11450),#47);
#24=STYLED_ITEM('',(#11450),#48);
#25=STYLED_ITEM('',(#11450),#49);
#26=STYLED_ITEM('',(#11450),#50);
#27=STYLED_ITEM('',(#11450),#51);
#28=STYLED_ITEM('',(#11450),#52);
#29=STYLED_ITEM('',(#11450),#53);
#30=STYLED_ITEM('',(#11450),#54);
#31=STYLED_ITEM('',(#11450),#55);
#32=STYLED_ITEM('',(#11450),#56);
#33=STYLED_ITEM('',(#11450),#57);
#34=STYLED_ITEM('',(#11450),#58);
#35=STYLED_ITEM('',(#11450),#59);
#36=STYLED_ITEM('',(#11450),#60);
#37=MANIFOLD_SOLID_BREP('Body1',#6811);
#38=MANIFOLD_SOLID_BREP('Body2',#6812);
#39=MANIFOLD_SOLID_BREP('Body4',#6813);
#40=MANIFOLD_SOLID_BREP('Body5',#6814);
#41=MANIFOLD_SOLID_BREP('Body6',#6815);
#42=MANIFOLD_SOLID_BREP('Body7',#6816);
#43=MANIFOLD_SOLID_BREP('Body8',#6817);
#44=MANIFOLD_SOLID_BREP('Body9',#6818);
#45=MANIFOLD_SOLID_BREP('Body10',#6819);
#46=MANIFOLD_SOLID_BREP('Body11',#6820);
#47=MANIFOLD_SOLID_BREP('Body12',#6821);
#48=MANIFOLD_SOLID_BREP('Body13',#6822);
#49=MANIFOLD_SOLID_BREP('Body14',#6823);
#50=MANIFOLD_SOLID_BREP('Body15',#6824);
#51=MANIFOLD_SOLID_BREP('Body16',#6825);
#52=MANIFOLD_SOLID_BREP('Body17',#6826);
#53=MANIFOLD_SOLID_BREP('Body18',#6827);
#54=MANIFOLD_SOLID_BREP('Body19',#6828);
#55=MANIFOLD_SOLID_BREP('Body20',#6829);
#56=MANIFOLD_SOLID_BREP('Body21',#6830);
#57=MANIFOLD_SOLID_BREP('Body22',#6831);
#58=MANIFOLD_SOLID_BREP('Body23',#6832);
#59=MANIFOLD_SOLID_BREP('Body24',#6833);
#60=MANIFOLD_SOLID_BREP('Body25',#6834);
#61=CYLINDRICAL_SURFACE('',#6891,2.);
#62=CYLINDRICAL_SURFACE('',#6899,2.);
#63=CYLINDRICAL_SURFACE('',#6906,2.);
#64=CYLINDRICAL_SURFACE('',#6910,2.);
#65=CYLINDRICAL_SURFACE('',#6917,2.);
#66=CYLINDRICAL_SURFACE('',#6924,2.);
#67=CYLINDRICAL_SURFACE('',#6927,2.);
#68=CYLINDRICAL_SURFACE('',#6929,2.);
#69=CYLINDRICAL_SURFACE('',#6932,2.);
#70=CYLINDRICAL_SURFACE('',#6935,2.);
#71=CYLINDRICAL_SURFACE('',#6938,2.);
#72=CYLINDRICAL_SURFACE('',#6941,2.);
#73=CYLINDRICAL_SURFACE('',#6970,0.990000000000002);
#74=CYLINDRICAL_SURFACE('',#6975,0.990000000000002);
#75=CYLINDRICAL_SURFACE('',#6980,0.989999999999993);
#76=CYLINDRICAL_SURFACE('',#6985,0.989949471534071);
#77=CYLINDRICAL_SURFACE('',#6990,0.989949471534071);
#78=CYLINDRICAL_SURFACE('',#6995,0.989949471534071);
#79=CYLINDRICAL_SURFACE('',#7055,2.);
#80=CYLINDRICAL_SURFACE('',#7063,2.);
#81=CYLINDRICAL_SURFACE('',#7070,2.);
#82=CYLINDRICAL_SURFACE('',#7074,2.);
#83=CYLINDRICAL_SURFACE('',#7081,2.);
#84=CYLINDRICAL_SURFACE('',#7088,2.);
#85=CYLINDRICAL_SURFACE('',#7091,2.);
#86=CYLINDRICAL_SURFACE('',#7093,2.);
#87=CYLINDRICAL_SURFACE('',#7096,2.);
#88=CYLINDRICAL_SURFACE('',#7099,2.);
#89=CYLINDRICAL_SURFACE('',#7102,2.);
#90=CYLINDRICAL_SURFACE('',#7105,2.);
#91=CYLINDRICAL_SURFACE('',#7134,0.989949471534071);
#92=CYLINDRICAL_SURFACE('',#7139,0.989999999999993);
#93=CYLINDRICAL_SURFACE('',#7144,0.990000000000002);
#94=CYLINDRICAL_SURFACE('',#7149,0.990000000000002);
#95=CYLINDRICAL_SURFACE('',#7154,0.989949471534071);
#96=CYLINDRICAL_SURFACE('',#7214,2.);
#97=CYLINDRICAL_SURFACE('',#7222,2.);
#98=CYLINDRICAL_SURFACE('',#7229,2.);
#99=CYLINDRICAL_SURFACE('',#7233,2.);
#100=CYLINDRICAL_SURFACE('',#7240,2.);
#101=CYLINDRICAL_SURFACE('',#7247,2.);
#102=CYLINDRICAL_SURFACE('',#7250,2.);
#103=CYLINDRICAL_SURFACE('',#7252,2.);
#104=CYLINDRICAL_SURFACE('',#7255,2.);
#105=CYLINDRICAL_SURFACE('',#7258,2.);
#106=CYLINDRICAL_SURFACE('',#7261,2.);
#107=CYLINDRICAL_SURFACE('',#7264,2.);
#108=CYLINDRICAL_SURFACE('',#7293,0.989949471534071);
#109=CYLINDRICAL_SURFACE('',#7298,0.989999999999993);
#110=CYLINDRICAL_SURFACE('',#7303,0.990000000000002);
#111=CYLINDRICAL_SURFACE('',#7308,0.990000000000002);
#112=B_SPLINE_SURFACE_WITH_KNOTS('',3,1,((#9438,#9439),(#9440,#9441),(#9442,
#9443),(#9444,#9445),(#9446,#9447),(#9448,#9449),(#9450,#9451),(#9452,#9453),
(#9454,#9455),(#9456,#9457),(#9458,#9459),(#9460,#9461)),.UNSPECIFIED.,
 .F.,.F.,.F.,(4,2,2,2,2,4),(2,2),(0.,0.121275402095023,0.21434104097926,
0.296266061762866,0.382098289955675,0.502233731778328),(0.,0.2),
 .UNSPECIFIED.);
#113=B_SPLINE_SURFACE_WITH_KNOTS('',3,1,((#9581,#9582),(#9583,#9584),(#9585,
#9586),(#9587,#9588),(#9589,#9590),(#9591,#9592),(#9593,#9594),(#9595,#9596),
(#9597,#9598),(#9599,#9600),(#9601,#9602),(#9603,#9604)),.UNSPECIFIED.,
 .F.,.F.,.F.,(4,2,2,2,2,4),(2,2),(-0.415615994697733,-0.322294306314602,
-0.250287968242051,-0.186564601776191,-0.114614935185135,0.),(0.,0.3),
 .UNSPECIFIED.);
#114=B_SPLINE_SURFACE_WITH_KNOTS('',3,3,((#9623,#9624,#9625,#9626),(#9627,
#9628,#9629,#9630),(#9631,#9632,#9633,#9634),(#9635,#9636,#9637,#9638),
(#9639,#9640,#9641,#9642),(#9643,#9644,#9645,#9646),(#9647,#9648,#9649,
#9650)),.UNSPECIFIED.,.F.,.F.,.F.,(4,1,1,1,4),(4,4),(0.,0.285714285714286,
0.571428571428571,0.857142857142857,1.),(-0.3,0.900000000000001),
 .UNSPECIFIED.);
#115=B_SPLINE_SURFACE_WITH_KNOTS('',3,1,((#10224,#10225),(#10226,#10227),
(#10228,#10229),(#10230,#10231),(#10232,#10233),(#10234,#10235),(#10236,
#10237),(#10238,#10239),(#10240,#10241),(#10242,#10243),(#10244,#10245),
(#10246,#10247)),.UNSPECIFIED.,.F.,.F.,.F.,(4,2,2,2,2,4),(2,2),(0.,0.121275402095023,
0.21434104097926,0.296266061762866,0.382098289955675,0.502233731778328),
(0.,0.2),.UNSPECIFIED.);
#116=B_SPLINE_SURFACE_WITH_KNOTS('',3,1,((#10367,#10368),(#10369,#10370),
(#10371,#10372),(#10373,#10374),(#10375,#10376),(#10377,#10378),(#10379,
#10380),(#10381,#10382),(#10383,#10384),(#10385,#10386),(#10387,#10388),
(#10389,#10390)),.UNSPECIFIED.,.F.,.F.,.F.,(4,2,2,2,2,4),(2,2),(-0.415615994697733,
-0.322294306314602,-0.250287968242051,-0.186564601776191,-0.114614935185135,
0.),(0.,0.3),.UNSPECIFIED.);
#117=B_SPLINE_SURFACE_WITH_KNOTS('',3,3,((#10409,#10410,#10411,#10412),
(#10413,#10414,#10415,#10416),(#10417,#10418,#10419,#10420),(#10421,#10422,
#10423,#10424),(#10425,#10426,#10427,#10428),(#10429,#10430,#10431,#10432),
(#10433,#10434,#10435,#10436)),.UNSPECIFIED.,.F.,.F.,.F.,(4,1,1,1,4),(4,
4),(0.,0.285714285714286,0.571428571428571,0.857142857142857,1.),(-0.3,
0.900000000000001),.UNSPECIFIED.);
#118=B_SPLINE_SURFACE_WITH_KNOTS('',3,1,((#11002,#11003),(#11004,#11005),
(#11006,#11007),(#11008,#11009),(#11010,#11011),(#11012,#11013),(#11014,
#11015),(#11016,#11017),(#11018,#11019),(#11020,#11021),(#11022,#11023),
(#11024,#11025)),.UNSPECIFIED.,.F.,.F.,.F.,(4,2,2,2,2,4),(2,2),(0.,0.121275402095023,
0.21434104097926,0.296266061762866,0.382098289955675,0.502233731778328),
(0.,0.2),.UNSPECIFIED.);
#119=B_SPLINE_SURFACE_WITH_KNOTS('',3,1,((#11145,#11146),(#11147,#11148),
(#11149,#11150),(#11151,#11152),(#11153,#11154),(#11155,#11156),(#11157,
#11158),(#11159,#11160),(#11161,#11162),(#11163,#11164),(#11165,#11166),
(#11167,#11168)),.UNSPECIFIED.,.F.,.F.,.F.,(4,2,2,2,2,4),(2,2),(-0.415615994697733,
-0.322294306314602,-0.250287968242051,-0.186564601776191,-0.114614935185135,
0.),(0.,0.3),.UNSPECIFIED.);
#120=B_SPLINE_SURFACE_WITH_KNOTS('',3,3,((#11187,#11188,#11189,#11190),
(#11191,#11192,#11193,#11194),(#11195,#11196,#11197,#11198),(#11199,#11200,
#11201,#11202),(#11203,#11204,#11205,#11206),(#11207,#11208,#11209,#11210),
(#11211,#11212,#11213,#11214)),.UNSPECIFIED.,.F.,.F.,.F.,(4,1,1,1,4),(4,
4),(0.,0.285714285714286,0.571428571428571,0.857142857142857,1.),(-0.3,
0.900000000000001),.UNSPECIFIED.);
#121=B_SPLINE_CURVE_WITH_KNOTS('',3,(#9319,#9320,#9321,#9322,#9323,#9324,
#9325,#9326,#9327,#9328,#9329,#9330,#9331,#9332,#9333,#9334),
 .UNSPECIFIED.,.F.,.F.,(4,3,3,3,3,4),(0.,0.121275402095023,0.21434104097926,
0.296266061762866,0.382098289955675,0.502233731778328),.UNSPECIFIED.);
#122=B_SPLINE_CURVE_WITH_KNOTS('',3,(#9464,#9465,#9466,#9467,#9468,#9469,
#9470,#9471,#9472,#9473,#9474,#9475,#9476,#9477,#9478,#9479),
 .UNSPECIFIED.,.F.,.F.,(4,3,3,3,3,4),(-0.502233731778328,-0.382098289955675,
-0.296266061762866,-0.21434104097926,-0.121275402095023,0.),
 .UNSPECIFIED.);
#123=B_SPLINE_CURVE_WITH_KNOTS('',3,(#9607,#9608,#9609,#9610,#9611,#9612,
#9613,#9614,#9615,#9616,#9617,#9618,#9619,#9620,#9621,#9622),
 .UNSPECIFIED.,.F.,.F.,(4,3,3,3,3,4),(0.,0.114614935185135,0.186564601776191,
0.250287968242051,0.322294306314602,0.415615994697733),.UNSPECIFIED.);
#124=B_SPLINE_CURVE_WITH_KNOTS('',3,(#9652,#9653,#9654,#9655),
 .UNSPECIFIED.,.F.,.F.,(4,4),(-0.900000000000001,0.3),.UNSPECIFIED.);
#125=B_SPLINE_CURVE_WITH_KNOTS('',3,(#9656,#9657,#9658,#9659,#9660,#9661,
#9662,#9663,#9664,#9665,#9666,#9667,#9668),.UNSPECIFIED.,.F.,.F.,(4,3,3,
3,4),(0.,0.118747427065303,0.237494854130606,0.356242281195909,0.415615994728561),
 .UNSPECIFIED.);
#126=B_SPLINE_CURVE_WITH_KNOTS('',3,(#10105,#10106,#10107,#10108,#10109,
#10110,#10111,#10112,#10113,#10114,#10115,#10116,#10117,#10118,#10119,#10120),
 .UNSPECIFIED.,.F.,.F.,(4,3,3,3,3,4),(0.,0.121275402095023,0.21434104097926,
0.296266061762866,0.382098289955675,0.502233731778328),.UNSPECIFIED.);
#127=B_SPLINE_CURVE_WITH_KNOTS('',3,(#10250,#10251,#10252,#10253,#10254,
#10255,#10256,#10257,#10258,#10259,#10260,#10261,#10262,#10263,#10264,#10265),
 .UNSPECIFIED.,.F.,.F.,(4,3,3,3,3,4),(-0.502233731778328,-0.382098289955675,
-0.296266061762866,-0.21434104097926,-0.121275402095023,0.),
 .UNSPECIFIED.);
#128=B_SPLINE_CURVE_WITH_KNOTS('',3,(#10393,#10394,#10395,#10396,#10397,
#10398,#10399,#10400,#10401,#10402,#10403,#10404,#10405,#10406,#10407,#10408),
 .UNSPECIFIED.,.F.,.F.,(4,3,3,3,3,4),(0.,0.114614935185135,0.186564601776191,
0.250287968242051,0.322294306314602,0.415615994697733),.UNSPECIFIED.);
#129=B_SPLINE_CURVE_WITH_KNOTS('',3,(#10438,#10439,#10440,#10441),
 .UNSPECIFIED.,.F.,.F.,(4,4),(-0.900000000000001,0.3),.UNSPECIFIED.);
#130=B_SPLINE_CURVE_WITH_KNOTS('',3,(#10442,#10443,#10444,#10445,#10446,
#10447,#10448,#10449,#10450,#10451,#10452,#10453,#10454),.UNSPECIFIED.,
 .F.,.F.,(4,3,3,3,4),(0.,0.118747427065303,0.237494854130606,0.356242281195909,
0.415615994728561),.UNSPECIFIED.);
#131=B_SPLINE_CURVE_WITH_KNOTS('',3,(#10883,#10884,#10885,#10886,#10887,
#10888,#10889,#10890,#10891,#10892,#10893,#10894,#10895,#10896,#10897,#10898),
 .UNSPECIFIED.,.F.,.F.,(4,3,3,3,3,4),(0.,0.121275402095023,0.21434104097926,
0.296266061762866,0.382098289955675,0.502233731778328),.UNSPECIFIED.);
#132=B_SPLINE_CURVE_WITH_KNOTS('',3,(#11028,#11029,#11030,#11031,#11032,
#11033,#11034,#11035,#11036,#11037,#11038,#11039,#11040,#11041,#11042,#11043),
 .UNSPECIFIED.,.F.,.F.,(4,3,3,3,3,4),(-0.502233731778328,-0.382098289955675,
-0.296266061762866,-0.21434104097926,-0.121275402095023,0.),
 .UNSPECIFIED.);
#133=B_SPLINE_CURVE_WITH_KNOTS('',3,(#11171,#11172,#11173,#11174,#11175,
#11176,#11177,#11178,#11179,#11180,#11181,#11182,#11183,#11184,#11185,#11186),
 .UNSPECIFIED.,.F.,.F.,(4,3,3,3,3,4),(0.,0.114614935185135,0.186564601776191,
0.250287968242051,0.322294306314602,0.415615994697733),.UNSPECIFIED.);
#134=B_SPLINE_CURVE_WITH_KNOTS('',3,(#11216,#11217,#11218,#11219),
 .UNSPECIFIED.,.F.,.F.,(4,4),(-0.900000000000001,0.3),.UNSPECIFIED.);
#135=B_SPLINE_CURVE_WITH_KNOTS('',3,(#11220,#11221,#11222,#11223,#11224,
#11225,#11226,#11227,#11228,#11229,#11230,#11231,#11232),.UNSPECIFIED.,
 .F.,.F.,(4,3,3,3,4),(0.,0.118747427065303,0.237494854130606,0.356242281195909,
0.415615994728561),.UNSPECIFIED.);
#136=CIRCLE('',#6847,2.);
#137=CIRCLE('',#6848,2.);
#138=CIRCLE('',#6849,2.);
#139=CIRCLE('',#6850,2.);
#140=CIRCLE('',#6851,2.);
#141=CIRCLE('',#6852,2.);
#142=CIRCLE('',#6853,2.);
#143=CIRCLE('',#6854,2.);
#144=CIRCLE('',#6855,2.);
#145=CIRCLE('',#6856,2.);
#146=CIRCLE('',#6857,2.);
#147=CIRCLE('',#6858,2.);
#148=CIRCLE('',#6892,2.);
#149=CIRCLE('',#6900,2.);
#150=CIRCLE('',#6907,2.);
#151=CIRCLE('',#6911,2.);
#152=CIRCLE('',#6918,2.);
#153=CIRCLE('',#6925,2.);
#154=CIRCLE('',#6928,2.);
#155=CIRCLE('',#6930,2.);
#156=CIRCLE('',#6933,2.);
#157=CIRCLE('',#6936,2.);
#158=CIRCLE('',#6939,2.);
#159=CIRCLE('',#6942,2.);
#160=CIRCLE('',#6971,0.990000000000002);
#161=CIRCLE('',#6972,0.990000000000002);
#162=CIRCLE('',#6976,0.990000000000002);
#163=CIRCLE('',#6977,0.990000000000002);
#164=CIRCLE('',#6981,0.989999999999993);
#165=CIRCLE('',#6982,0.989999999999993);
#166=CIRCLE('',#6986,0.989949471534071);
#167=CIRCLE('',#6987,0.989949471534071);
#168=CIRCLE('',#6991,0.989949471534071);
#169=CIRCLE('',#6992,0.989949471534071);
#170=CIRCLE('',#6996,0.989949471534071);
#171=CIRCLE('',#6997,0.989949471534071);
#172=CIRCLE('',#7011,2.);
#173=CIRCLE('',#7012,2.);
#174=CIRCLE('',#7013,2.);
#175=CIRCLE('',#7014,2.);
#176=CIRCLE('',#7015,2.);
#177=CIRCLE('',#7016,2.);
#178=CIRCLE('',#7017,2.);
#179=CIRCLE('',#7018,2.);
#180=CIRCLE('',#7019,2.);
#181=CIRCLE('',#7020,2.);
#182=CIRCLE('',#7021,2.);
#183=CIRCLE('',#7022,2.);
#184=CIRCLE('',#7056,2.);
#185=CIRCLE('',#7064,2.);
#186=CIRCLE('',#7071,2.);
#187=CIRCLE('',#7075,2.);
#188=CIRCLE('',#7082,2.);
#189=CIRCLE('',#7089,2.);
#190=CIRCLE('',#7092,2.);
#191=CIRCLE('',#7094,2.);
#192=CIRCLE('',#7097,2.);
#193=CIRCLE('',#7100,2.);
#194=CIRCLE('',#7103,2.);
#195=CIRCLE('',#7106,2.);
#196=CIRCLE('',#7135,0.989949471534071);
#197=CIRCLE('',#7136,0.989949471534071);
#198=CIRCLE('',#7140,0.989999999999993);
#199=CIRCLE('',#7141,0.989999999999993);
#200=CIRCLE('',#7145,0.990000000000002);
#201=CIRCLE('',#7146,0.990000000000002);
#202=CIRCLE('',#7150,0.990000000000002);
#203=CIRCLE('',#7151,0.990000000000002);
#204=CIRCLE('',#7155,0.989949471534071);
#205=CIRCLE('',#7156,0.989949471534071);
#206=CIRCLE('',#7170,2.);
#207=CIRCLE('',#7171,2.);
#208=CIRCLE('',#7172,2.);
#209=CIRCLE('',#7173,2.);
#210=CIRCLE('',#7174,2.);
#211=CIRCLE('',#7175,2.);
#212=CIRCLE('',#7176,2.);
#213=CIRCLE('',#7177,2.);
#214=CIRCLE('',#7178,2.);
#215=CIRCLE('',#7179,2.);
#216=CIRCLE('',#7180,2.);
#217=CIRCLE('',#7181,2.);
#218=CIRCLE('',#7215,2.);
#219=CIRCLE('',#7223,2.);
#220=CIRCLE('',#7230,2.);
#221=CIRCLE('',#7234,2.);
#222=CIRCLE('',#7241,2.);
#223=CIRCLE('',#7248,2.);
#224=CIRCLE('',#7251,2.);
#225=CIRCLE('',#7253,2.);
#226=CIRCLE('',#7256,2.);
#227=CIRCLE('',#7259,2.);
#228=CIRCLE('',#7262,2.);
#229=CIRCLE('',#7265,2.);
#230=CIRCLE('',#7294,0.989949471534071);
#231=CIRCLE('',#7295,0.989949471534071);
#232=CIRCLE('',#7299,0.989999999999993);
#233=CIRCLE('',#7300,0.989999999999993);
#234=CIRCLE('',#7304,0.990000000000002);
#235=CIRCLE('',#7305,0.990000000000002);
#236=CIRCLE('',#7309,0.990000000000002);
#237=CIRCLE('',#7310,0.990000000000002);
#238=FACE_OUTER_BOUND('',#622,.T.);
#239=FACE_OUTER_BOUND('',#623,.T.);
#240=FACE_OUTER_BOUND('',#624,.T.);
#241=FACE_OUTER_BOUND('',#625,.T.);
#242=FACE_OUTER_BOUND('',#626,.T.);
#243=FACE_OUTER_BOUND('',#627,.T.);
#244=FACE_OUTER_BOUND('',#628,.T.);
#245=FACE_OUTER_BOUND('',#629,.T.);
#246=FACE_OUTER_BOUND('',#630,.T.);
#247=FACE_OUTER_BOUND('',#631,.T.);
#248=FACE_OUTER_BOUND('',#632,.T.);
#249=FACE_OUTER_BOUND('',#633,.T.);
#250=FACE_OUTER_BOUND('',#634,.T.);
#251=FACE_OUTER_BOUND('',#635,.T.);
#252=FACE_OUTER_BOUND('',#636,.T.);
#253=FACE_OUTER_BOUND('',#637,.T.);
#254=FACE_OUTER_BOUND('',#638,.T.);
#255=FACE_OUTER_BOUND('',#639,.T.);
#256=FACE_OUTER_BOUND('',#640,.T.);
#257=FACE_OUTER_BOUND('',#641,.T.);
#258=FACE_OUTER_BOUND('',#642,.T.);
#259=FACE_OUTER_BOUND('',#643,.T.);
#260=FACE_OUTER_BOUND('',#644,.T.);
#261=FACE_OUTER_BOUND('',#645,.T.);
#262=FACE_OUTER_BOUND('',#646,.T.);
#263=FACE_OUTER_BOUND('',#647,.T.);
#264=FACE_OUTER_BOUND('',#648,.T.);
#265=FACE_OUTER_BOUND('',#649,.T.);
#266=FACE_OUTER_BOUND('',#650,.T.);
#267=FACE_OUTER_BOUND('',#651,.T.);
#268=FACE_OUTER_BOUND('',#652,.T.);
#269=FACE_OUTER_BOUND('',#653,.T.);
#270=FACE_OUTER_BOUND('',#654,.T.);
#271=FACE_OUTER_BOUND('',#655,.T.);
#272=FACE_OUTER_BOUND('',#656,.T.);
#273=FACE_OUTER_BOUND('',#657,.T.);
#274=FACE_OUTER_BOUND('',#658,.T.);
#275=FACE_OUTER_BOUND('',#659,.T.);
#276=FACE_OUTER_BOUND('',#660,.T.);
#277=FACE_OUTER_BOUND('',#661,.T.);
#278=FACE_OUTER_BOUND('',#662,.T.);
#279=FACE_OUTER_BOUND('',#663,.T.);
#280=FACE_OUTER_BOUND('',#664,.T.);
#281=FACE_OUTER_BOUND('',#665,.T.);
#282=FACE_OUTER_BOUND('',#666,.T.);
#283=FACE_OUTER_BOUND('',#667,.T.);
#284=FACE_OUTER_BOUND('',#668,.T.);
#285=FACE_OUTER_BOUND('',#669,.T.);
#286=FACE_OUTER_BOUND('',#670,.T.);
#287=FACE_OUTER_BOUND('',#671,.T.);
#288=FACE_OUTER_BOUND('',#672,.T.);
#289=FACE_OUTER_BOUND('',#673,.T.);
#290=FACE_OUTER_BOUND('',#674,.T.);
#291=FACE_OUTER_BOUND('',#675,.T.);
#292=FACE_OUTER_BOUND('',#676,.T.);
#293=FACE_OUTER_BOUND('',#677,.T.);
#294=FACE_OUTER_BOUND('',#678,.T.);
#295=FACE_OUTER_BOUND('',#679,.T.);
#296=FACE_OUTER_BOUND('',#680,.T.);
#297=FACE_OUTER_BOUND('',#681,.T.);
#298=FACE_OUTER_BOUND('',#682,.T.);
#299=FACE_OUTER_BOUND('',#683,.T.);
#300=FACE_OUTER_BOUND('',#684,.T.);
#301=FACE_OUTER_BOUND('',#685,.T.);
#302=FACE_OUTER_BOUND('',#686,.T.);
#303=FACE_OUTER_BOUND('',#687,.T.);
#304=FACE_OUTER_BOUND('',#688,.T.);
#305=FACE_OUTER_BOUND('',#689,.T.);
#306=FACE_OUTER_BOUND('',#690,.T.);
#307=FACE_OUTER_BOUND('',#691,.T.);
#308=FACE_OUTER_BOUND('',#692,.T.);
#309=FACE_OUTER_BOUND('',#693,.T.);
#310=FACE_OUTER_BOUND('',#694,.T.);
#311=FACE_OUTER_BOUND('',#695,.T.);
#312=FACE_OUTER_BOUND('',#696,.T.);
#313=FACE_OUTER_BOUND('',#697,.T.);
#314=FACE_OUTER_BOUND('',#698,.T.);
#315=FACE_OUTER_BOUND('',#699,.T.);
#316=FACE_OUTER_BOUND('',#700,.T.);
#317=FACE_OUTER_BOUND('',#701,.T.);
#318=FACE_OUTER_BOUND('',#702,.T.);
#319=FACE_OUTER_BOUND('',#703,.T.);
#320=FACE_OUTER_BOUND('',#704,.T.);
#321=FACE_OUTER_BOUND('',#705,.T.);
#322=FACE_OUTER_BOUND('',#706,.T.);
#323=FACE_OUTER_BOUND('',#707,.T.);
#324=FACE_OUTER_BOUND('',#708,.T.);
#325=FACE_OUTER_BOUND('',#709,.T.);
#326=FACE_OUTER_BOUND('',#710,.T.);
#327=FACE_OUTER_BOUND('',#711,.T.);
#328=FACE_OUTER_BOUND('',#712,.T.);
#329=FACE_OUTER_BOUND('',#713,.T.);
#330=FACE_OUTER_BOUND('',#714,.T.);
#331=FACE_OUTER_BOUND('',#715,.T.);
#332=FACE_OUTER_BOUND('',#716,.T.);
#333=FACE_OUTER_BOUND('',#717,.T.);
#334=FACE_OUTER_BOUND('',#718,.T.);
#335=FACE_OUTER_BOUND('',#719,.T.);
#336=FACE_OUTER_BOUND('',#720,.T.);
#337=FACE_OUTER_BOUND('',#721,.T.);
#338=FACE_OUTER_BOUND('',#722,.T.);
#339=FACE_OUTER_BOUND('',#723,.T.);
#340=FACE_OUTER_BOUND('',#724,.T.);
#341=FACE_OUTER_BOUND('',#725,.T.);
#342=FACE_OUTER_BOUND('',#726,.T.);
#343=FACE_OUTER_BOUND('',#727,.T.);
#344=FACE_OUTER_BOUND('',#728,.T.);
#345=FACE_OUTER_BOUND('',#729,.T.);
#346=FACE_OUTER_BOUND('',#730,.T.);
#347=FACE_OUTER_BOUND('',#731,.T.);
#348=FACE_OUTER_BOUND('',#732,.T.);
#349=FACE_OUTER_BOUND('',#733,.T.);
#350=FACE_OUTER_BOUND('',#734,.T.);
#351=FACE_OUTER_BOUND('',#735,.T.);
#352=FACE_OUTER_BOUND('',#736,.T.);
#353=FACE_OUTER_BOUND('',#737,.T.);
#354=FACE_OUTER_BOUND('',#738,.T.);
#355=FACE_OUTER_BOUND('',#739,.T.);
#356=FACE_OUTER_BOUND('',#740,.T.);
#357=FACE_OUTER_BOUND('',#741,.T.);
#358=FACE_OUTER_BOUND('',#742,.T.);
#359=FACE_OUTER_BOUND('',#743,.T.);
#360=FACE_OUTER_BOUND('',#744,.T.);
#361=FACE_OUTER_BOUND('',#745,.T.);
#362=FACE_OUTER_BOUND('',#746,.T.);
#363=FACE_OUTER_BOUND('',#747,.T.);
#364=FACE_OUTER_BOUND('',#748,.T.);
#365=FACE_OUTER_BOUND('',#749,.T.);
#366=FACE_OUTER_BOUND('',#750,.T.);
#367=FACE_OUTER_BOUND('',#751,.T.);
#368=FACE_OUTER_BOUND('',#752,.T.);
#369=FACE_OUTER_BOUND('',#753,.T.);
#370=FACE_OUTER_BOUND('',#754,.T.);
#371=FACE_OUTER_BOUND('',#755,.T.);
#372=FACE_OUTER_BOUND('',#756,.T.);
#373=FACE_OUTER_BOUND('',#757,.T.);
#374=FACE_OUTER_BOUND('',#758,.T.);
#375=FACE_OUTER_BOUND('',#759,.T.);
#376=FACE_OUTER_BOUND('',#760,.T.);
#377=FACE_OUTER_BOUND('',#761,.T.);
#378=FACE_OUTER_BOUND('',#762,.T.);
#379=FACE_OUTER_BOUND('',#763,.T.);
#380=FACE_OUTER_BOUND('',#764,.T.);
#381=FACE_OUTER_BOUND('',#765,.T.);
#382=FACE_OUTER_BOUND('',#766,.T.);
#383=FACE_OUTER_BOUND('',#767,.T.);
#384=FACE_OUTER_BOUND('',#768,.T.);
#385=FACE_OUTER_BOUND('',#769,.T.);
#386=FACE_OUTER_BOUND('',#770,.T.);
#387=FACE_OUTER_BOUND('',#771,.T.);
#388=FACE_OUTER_BOUND('',#772,.T.);
#389=FACE_OUTER_BOUND('',#773,.T.);
#390=FACE_OUTER_BOUND('',#774,.T.);
#391=FACE_OUTER_BOUND('',#775,.T.);
#392=FACE_OUTER_BOUND('',#776,.T.);
#393=FACE_OUTER_BOUND('',#777,.T.);
#394=FACE_OUTER_BOUND('',#778,.T.);
#395=FACE_OUTER_BOUND('',#779,.T.);
#396=FACE_OUTER_BOUND('',#780,.T.);
#397=FACE_OUTER_BOUND('',#781,.T.);
#398=FACE_OUTER_BOUND('',#782,.T.);
#399=FACE_OUTER_BOUND('',#783,.T.);
#400=FACE_OUTER_BOUND('',#784,.T.);
#401=FACE_OUTER_BOUND('',#785,.T.);
#402=FACE_OUTER_BOUND('',#786,.T.);
#403=FACE_OUTER_BOUND('',#787,.T.);
#404=FACE_OUTER_BOUND('',#788,.T.);
#405=FACE_OUTER_BOUND('',#789,.T.);
#406=FACE_OUTER_BOUND('',#790,.T.);
#407=FACE_OUTER_BOUND('',#791,.T.);
#408=FACE_OUTER_BOUND('',#792,.T.);
#409=FACE_OUTER_BOUND('',#793,.T.);
#410=FACE_OUTER_BOUND('',#794,.T.);
#411=FACE_OUTER_BOUND('',#795,.T.);
#412=FACE_OUTER_BOUND('',#796,.T.);
#413=FACE_OUTER_BOUND('',#797,.T.);
#414=FACE_OUTER_BOUND('',#798,.T.);
#415=FACE_OUTER_BOUND('',#799,.T.);
#416=FACE_OUTER_BOUND('',#800,.T.);
#417=FACE_OUTER_BOUND('',#801,.T.);
#418=FACE_OUTER_BOUND('',#802,.T.);
#419=FACE_OUTER_BOUND('',#803,.T.);
#420=FACE_OUTER_BOUND('',#804,.T.);
#421=FACE_OUTER_BOUND('',#805,.T.);
#422=FACE_OUTER_BOUND('',#806,.T.);
#423=FACE_OUTER_BOUND('',#807,.T.);
#424=FACE_OUTER_BOUND('',#808,.T.);
#425=FACE_OUTER_BOUND('',#809,.T.);
#426=FACE_OUTER_BOUND('',#810,.T.);
#427=FACE_OUTER_BOUND('',#811,.T.);
#428=FACE_OUTER_BOUND('',#812,.T.);
#429=FACE_OUTER_BOUND('',#813,.T.);
#430=FACE_OUTER_BOUND('',#814,.T.);
#431=FACE_OUTER_BOUND('',#815,.T.);
#432=FACE_OUTER_BOUND('',#816,.T.);
#433=FACE_OUTER_BOUND('',#817,.T.);
#434=FACE_OUTER_BOUND('',#818,.T.);
#435=FACE_OUTER_BOUND('',#819,.T.);
#436=FACE_OUTER_BOUND('',#820,.T.);
#437=FACE_OUTER_BOUND('',#821,.T.);
#438=FACE_OUTER_BOUND('',#822,.T.);
#439=FACE_OUTER_BOUND('',#823,.T.);
#440=FACE_OUTER_BOUND('',#824,.T.);
#441=FACE_OUTER_BOUND('',#825,.T.);
#442=FACE_OUTER_BOUND('',#826,.T.);
#443=FACE_OUTER_BOUND('',#827,.T.);
#444=FACE_OUTER_BOUND('',#828,.T.);
#445=FACE_OUTER_BOUND('',#829,.T.);
#446=FACE_OUTER_BOUND('',#830,.T.);
#447=FACE_OUTER_BOUND('',#831,.T.);
#448=FACE_OUTER_BOUND('',#832,.T.);
#449=FACE_OUTER_BOUND('',#833,.T.);
#450=FACE_OUTER_BOUND('',#834,.T.);
#451=FACE_OUTER_BOUND('',#835,.T.);
#452=FACE_OUTER_BOUND('',#836,.T.);
#453=FACE_OUTER_BOUND('',#837,.T.);
#454=FACE_OUTER_BOUND('',#838,.T.);
#455=FACE_OUTER_BOUND('',#839,.T.);
#456=FACE_OUTER_BOUND('',#840,.T.);
#457=FACE_OUTER_BOUND('',#841,.T.);
#458=FACE_OUTER_BOUND('',#842,.T.);
#459=FACE_OUTER_BOUND('',#843,.T.);
#460=FACE_OUTER_BOUND('',#844,.T.);
#461=FACE_OUTER_BOUND('',#845,.T.);
#462=FACE_OUTER_BOUND('',#846,.T.);
#463=FACE_OUTER_BOUND('',#847,.T.);
#464=FACE_OUTER_BOUND('',#848,.T.);
#465=FACE_OUTER_BOUND('',#849,.T.);
#466=FACE_OUTER_BOUND('',#850,.T.);
#467=FACE_OUTER_BOUND('',#851,.T.);
#468=FACE_OUTER_BOUND('',#852,.T.);
#469=FACE_OUTER_BOUND('',#853,.T.);
#470=FACE_OUTER_BOUND('',#854,.T.);
#471=FACE_OUTER_BOUND('',#855,.T.);
#472=FACE_OUTER_BOUND('',#856,.T.);
#473=FACE_OUTER_BOUND('',#857,.T.);
#474=FACE_OUTER_BOUND('',#858,.T.);
#475=FACE_OUTER_BOUND('',#859,.T.);
#476=FACE_OUTER_BOUND('',#860,.T.);
#477=FACE_OUTER_BOUND('',#861,.T.);
#478=FACE_OUTER_BOUND('',#862,.T.);
#479=FACE_OUTER_BOUND('',#863,.T.);
#480=FACE_OUTER_BOUND('',#864,.T.);
#481=FACE_OUTER_BOUND('',#865,.T.);
#482=FACE_OUTER_BOUND('',#866,.T.);
#483=FACE_OUTER_BOUND('',#867,.T.);
#484=FACE_OUTER_BOUND('',#868,.T.);
#485=FACE_OUTER_BOUND('',#869,.T.);
#486=FACE_OUTER_BOUND('',#870,.T.);
#487=FACE_OUTER_BOUND('',#871,.T.);
#488=FACE_OUTER_BOUND('',#872,.T.);
#489=FACE_OUTER_BOUND('',#873,.T.);
#490=FACE_OUTER_BOUND('',#874,.T.);
#491=FACE_OUTER_BOUND('',#875,.T.);
#492=FACE_OUTER_BOUND('',#876,.T.);
#493=FACE_OUTER_BOUND('',#877,.T.);
#494=FACE_OUTER_BOUND('',#878,.T.);
#495=FACE_OUTER_BOUND('',#879,.T.);
#496=FACE_OUTER_BOUND('',#880,.T.);
#497=FACE_OUTER_BOUND('',#881,.T.);
#498=FACE_OUTER_BOUND('',#882,.T.);
#499=FACE_OUTER_BOUND('',#883,.T.);
#500=FACE_OUTER_BOUND('',#884,.T.);
#501=FACE_OUTER_BOUND('',#885,.T.);
#502=FACE_OUTER_BOUND('',#886,.T.);
#503=FACE_OUTER_BOUND('',#887,.T.);
#504=FACE_OUTER_BOUND('',#888,.T.);
#505=FACE_OUTER_BOUND('',#889,.T.);
#506=FACE_OUTER_BOUND('',#890,.T.);
#507=FACE_OUTER_BOUND('',#891,.T.);
#508=FACE_OUTER_BOUND('',#892,.T.);
#509=FACE_OUTER_BOUND('',#893,.T.);
#510=FACE_OUTER_BOUND('',#894,.T.);
#511=FACE_OUTER_BOUND('',#895,.T.);
#512=FACE_OUTER_BOUND('',#896,.T.);
#513=FACE_OUTER_BOUND('',#897,.T.);
#514=FACE_OUTER_BOUND('',#898,.T.);
#515=FACE_OUTER_BOUND('',#899,.T.);
#516=FACE_OUTER_BOUND('',#900,.T.);
#517=FACE_OUTER_BOUND('',#901,.T.);
#518=FACE_OUTER_BOUND('',#902,.T.);
#519=FACE_OUTER_BOUND('',#903,.T.);
#520=FACE_OUTER_BOUND('',#904,.T.);
#521=FACE_OUTER_BOUND('',#905,.T.);
#522=FACE_OUTER_BOUND('',#906,.T.);
#523=FACE_OUTER_BOUND('',#907,.T.);
#524=FACE_OUTER_BOUND('',#908,.T.);
#525=FACE_OUTER_BOUND('',#909,.T.);
#526=FACE_OUTER_BOUND('',#910,.T.);
#527=FACE_OUTER_BOUND('',#911,.T.);
#528=FACE_OUTER_BOUND('',#912,.T.);
#529=FACE_OUTER_BOUND('',#913,.T.);
#530=FACE_OUTER_BOUND('',#914,.T.);
#531=FACE_OUTER_BOUND('',#915,.T.);
#532=FACE_OUTER_BOUND('',#916,.T.);
#533=FACE_OUTER_BOUND('',#917,.T.);
#534=FACE_OUTER_BOUND('',#918,.T.);
#535=FACE_OUTER_BOUND('',#919,.T.);
#536=FACE_OUTER_BOUND('',#920,.T.);
#537=FACE_OUTER_BOUND('',#921,.T.);
#538=FACE_OUTER_BOUND('',#922,.T.);
#539=FACE_OUTER_BOUND('',#923,.T.);
#540=FACE_OUTER_BOUND('',#924,.T.);
#541=FACE_OUTER_BOUND('',#925,.T.);
#542=FACE_OUTER_BOUND('',#926,.T.);
#543=FACE_OUTER_BOUND('',#927,.T.);
#544=FACE_OUTER_BOUND('',#928,.T.);
#545=FACE_OUTER_BOUND('',#929,.T.);
#546=FACE_OUTER_BOUND('',#930,.T.);
#547=FACE_OUTER_BOUND('',#931,.T.);
#548=FACE_OUTER_BOUND('',#932,.T.);
#549=FACE_OUTER_BOUND('',#933,.T.);
#550=FACE_OUTER_BOUND('',#934,.T.);
#551=FACE_OUTER_BOUND('',#935,.T.);
#552=FACE_OUTER_BOUND('',#936,.T.);
#553=FACE_OUTER_BOUND('',#937,.T.);
#554=FACE_OUTER_BOUND('',#938,.T.);
#555=FACE_OUTER_BOUND('',#939,.T.);
#556=FACE_OUTER_BOUND('',#940,.T.);
#557=FACE_OUTER_BOUND('',#941,.T.);
#558=FACE_OUTER_BOUND('',#942,.T.);
#559=FACE_OUTER_BOUND('',#943,.T.);
#560=FACE_OUTER_BOUND('',#944,.T.);
#561=FACE_OUTER_BOUND('',#945,.T.);
#562=FACE_OUTER_BOUND('',#946,.T.);
#563=FACE_OUTER_BOUND('',#947,.T.);
#564=FACE_OUTER_BOUND('',#948,.T.);
#565=FACE_OUTER_BOUND('',#949,.T.);
#566=FACE_OUTER_BOUND('',#950,.T.);
#567=FACE_OUTER_BOUND('',#951,.T.);
#568=FACE_OUTER_BOUND('',#952,.T.);
#569=FACE_OUTER_BOUND('',#953,.T.);
#570=FACE_OUTER_BOUND('',#954,.T.);
#571=FACE_OUTER_BOUND('',#955,.T.);
#572=FACE_OUTER_BOUND('',#956,.T.);
#573=FACE_OUTER_BOUND('',#957,.T.);
#574=FACE_OUTER_BOUND('',#958,.T.);
#575=FACE_OUTER_BOUND('',#959,.T.);
#576=FACE_OUTER_BOUND('',#960,.T.);
#577=FACE_OUTER_BOUND('',#961,.T.);
#578=FACE_OUTER_BOUND('',#962,.T.);
#579=FACE_OUTER_BOUND('',#963,.T.);
#580=FACE_OUTER_BOUND('',#964,.T.);
#581=FACE_OUTER_BOUND('',#965,.T.);
#582=FACE_OUTER_BOUND('',#966,.T.);
#583=FACE_OUTER_BOUND('',#967,.T.);
#584=FACE_OUTER_BOUND('',#968,.T.);
#585=FACE_OUTER_BOUND('',#969,.T.);
#586=FACE_OUTER_BOUND('',#970,.T.);
#587=FACE_OUTER_BOUND('',#971,.T.);
#588=FACE_OUTER_BOUND('',#972,.T.);
#589=FACE_OUTER_BOUND('',#973,.T.);
#590=FACE_OUTER_BOUND('',#974,.T.);
#591=FACE_OUTER_BOUND('',#975,.T.);
#592=FACE_OUTER_BOUND('',#976,.T.);
#593=FACE_OUTER_BOUND('',#977,.T.);
#594=FACE_OUTER_BOUND('',#978,.T.);
#595=FACE_OUTER_BOUND('',#979,.T.);
#596=FACE_OUTER_BOUND('',#980,.T.);
#597=FACE_OUTER_BOUND('',#981,.T.);
#598=FACE_OUTER_BOUND('',#982,.T.);
#599=FACE_OUTER_BOUND('',#983,.T.);
#600=FACE_OUTER_BOUND('',#984,.T.);
#601=FACE_OUTER_BOUND('',#985,.T.);
#602=FACE_OUTER_BOUND('',#986,.T.);
#603=FACE_OUTER_BOUND('',#987,.T.);
#604=FACE_OUTER_BOUND('',#988,.T.);
#605=FACE_OUTER_BOUND('',#989,.T.);
#606=FACE_OUTER_BOUND('',#990,.T.);
#607=FACE_OUTER_BOUND('',#991,.T.);
#608=FACE_OUTER_BOUND('',#992,.T.);
#609=FACE_OUTER_BOUND('',#993,.T.);
#610=FACE_OUTER_BOUND('',#994,.T.);
#611=FACE_OUTER_BOUND('',#995,.T.);
#612=FACE_OUTER_BOUND('',#996,.T.);
#613=FACE_OUTER_BOUND('',#997,.T.);
#614=FACE_OUTER_BOUND('',#998,.T.);
#615=FACE_OUTER_BOUND('',#999,.T.);
#616=FACE_OUTER_BOUND('',#1000,.T.);
#617=FACE_OUTER_BOUND('',#1001,.T.);
#618=FACE_OUTER_BOUND('',#1002,.T.);
#619=FACE_OUTER_BOUND('',#1003,.T.);
#620=FACE_OUTER_BOUND('',#1004,.T.);
#621=FACE_OUTER_BOUND('',#1005,.T.);
#622=EDGE_LOOP('',(#4213,#4214,#4215,#4216,#4217,#4218,#4219,#4220,#4221,
#4222,#4223,#4224,#4225,#4226,#4227,#4228,#4229,#4230,#4231,#4232,#4233,
#4234,#4235,#4236,#4237,#4238,#4239,#4240,#4241,#4242));
#623=EDGE_LOOP('',(#4243,#4244,#4245,#4246,#4247,#4248,#4249,#4250));
#624=EDGE_LOOP('',(#4251,#4252,#4253,#4254));
#625=EDGE_LOOP('',(#4255,#4256,#4257,#4258));
#626=EDGE_LOOP('',(#4259,#4260,#4261,#4262));
#627=EDGE_LOOP('',(#4263,#4264,#4265,#4266));
#628=EDGE_LOOP('',(#4267,#4268,#4269,#4270));
#629=EDGE_LOOP('',(#4271,#4272,#4273,#4274));
#630=EDGE_LOOP('',(#4275,#4276,#4277,#4278));
#631=EDGE_LOOP('',(#4279,#4280,#4281,#4282));
#632=EDGE_LOOP('',(#4283,#4284,#4285,#4286,#4287,#4288,#4289,#4290,#4291,
#4292,#4293,#4294,#4295,#4296,#4297,#4298,#4299,#4300,#4301,#4302,#4303,
#4304,#4305,#4306,#4307,#4308,#4309,#4310,#4311,#4312,#4313,#4314,#4315,
#4316,#4317,#4318,#4319,#4320,#4321,#4322,#4323,#4324,#4325,#4326,#4327,
#4328,#4329,#4330,#4331,#4332,#4333,#4334,#4335,#4336,#4337,#4338,#4339,
#4340,#4341,#4342,#4343,#4344,#4345));
#633=EDGE_LOOP('',(#4346,#4347,#4348,#4349));
#634=EDGE_LOOP('',(#4350,#4351,#4352,#4353));
#635=EDGE_LOOP('',(#4354,#4355,#4356,#4357));
#636=EDGE_LOOP('',(#4358,#4359,#4360,#4361));
#637=EDGE_LOOP('',(#4362,#4363,#4364,#4365));
#638=EDGE_LOOP('',(#4366,#4367,#4368,#4369));
#639=EDGE_LOOP('',(#4370,#4371,#4372,#4373));
#640=EDGE_LOOP('',(#4374,#4375,#4376,#4377));
#641=EDGE_LOOP('',(#4378,#4379,#4380,#4381));
#642=EDGE_LOOP('',(#4382,#4383,#4384,#4385));
#643=EDGE_LOOP('',(#4386,#4387,#4388,#4389));
#644=EDGE_LOOP('',(#4390,#4391,#4392,#4393));
#645=EDGE_LOOP('',(#4394,#4395,#4396,#4397));
#646=EDGE_LOOP('',(#4398,#4399,#4400,#4401));
#647=EDGE_LOOP('',(#4402,#4403,#4404,#4405));
#648=EDGE_LOOP('',(#4406,#4407,#4408,#4409));
#649=EDGE_LOOP('',(#4410,#4411,#4412,#4413));
#650=EDGE_LOOP('',(#4414,#4415,#4416,#4417));
#651=EDGE_LOOP('',(#4418,#4419,#4420,#4421));
#652=EDGE_LOOP('',(#4422,#4423,#4424,#4425));
#653=EDGE_LOOP('',(#4426,#4427,#4428,#4429));
#654=EDGE_LOOP('',(#4430,#4431,#4432,#4433));
#655=EDGE_LOOP('',(#4434,#4435,#4436,#4437));
#656=EDGE_LOOP('',(#4438,#4439,#4440,#4441));
#657=EDGE_LOOP('',(#4442,#4443,#4444,#4445));
#658=EDGE_LOOP('',(#4446,#4447,#4448,#4449));
#659=EDGE_LOOP('',(#4450,#4451,#4452,#4453));
#660=EDGE_LOOP('',(#4454,#4455,#4456,#4457));
#661=EDGE_LOOP('',(#4458,#4459,#4460,#4461));
#662=EDGE_LOOP('',(#4462,#4463,#4464,#4465));
#663=EDGE_LOOP('',(#4466,#4467,#4468,#4469));
#664=EDGE_LOOP('',(#4470,#4471,#4472,#4473));
#665=EDGE_LOOP('',(#4474,#4475,#4476,#4477));
#666=EDGE_LOOP('',(#4478,#4479,#4480,#4481));
#667=EDGE_LOOP('',(#4482,#4483,#4484,#4485));
#668=EDGE_LOOP('',(#4486,#4487,#4488,#4489));
#669=EDGE_LOOP('',(#4490,#4491,#4492,#4493));
#670=EDGE_LOOP('',(#4494,#4495,#4496,#4497));
#671=EDGE_LOOP('',(#4498,#4499,#4500,#4501));
#672=EDGE_LOOP('',(#4502,#4503,#4504,#4505));
#673=EDGE_LOOP('',(#4506,#4507,#4508,#4509));
#674=EDGE_LOOP('',(#4510,#4511,#4512,#4513));
#675=EDGE_LOOP('',(#4514,#4515,#4516,#4517));
#676=EDGE_LOOP('',(#4518,#4519,#4520,#4521));
#677=EDGE_LOOP('',(#4522,#4523,#4524,#4525));
#678=EDGE_LOOP('',(#4526,#4527,#4528,#4529));
#679=EDGE_LOOP('',(#4530,#4531,#4532,#4533));
#680=EDGE_LOOP('',(#4534,#4535,#4536,#4537));
#681=EDGE_LOOP('',(#4538,#4539,#4540,#4541));
#682=EDGE_LOOP('',(#4542,#4543,#4544,#4545));
#683=EDGE_LOOP('',(#4546,#4547,#4548,#4549));
#684=EDGE_LOOP('',(#4550,#4551,#4552,#4553));
#685=EDGE_LOOP('',(#4554,#4555,#4556,#4557));
#686=EDGE_LOOP('',(#4558,#4559,#4560,#4561));
#687=EDGE_LOOP('',(#4562,#4563,#4564,#4565));
#688=EDGE_LOOP('',(#4566,#4567,#4568,#4569));
#689=EDGE_LOOP('',(#4570,#4571,#4572,#4573,#4574));
#690=EDGE_LOOP('',(#4575,#4576,#4577,#4578));
#691=EDGE_LOOP('',(#4579,#4580,#4581,#4582,#4583));
#692=EDGE_LOOP('',(#4584,#4585,#4586,#4587,#4588,#4589,#4590));
#693=EDGE_LOOP('',(#4591,#4592,#4593,#4594));
#694=EDGE_LOOP('',(#4595,#4596,#4597,#4598));
#695=EDGE_LOOP('',(#4599,#4600,#4601,#4602,#4603,#4604));
#696=EDGE_LOOP('',(#4605,#4606,#4607,#4608));
#697=EDGE_LOOP('',(#4609,#4610,#4611,#4612));
#698=EDGE_LOOP('',(#4613,#4614,#4615,#4616));
#699=EDGE_LOOP('',(#4617,#4618,#4619,#4620));
#700=EDGE_LOOP('',(#4621,#4622,#4623,#4624));
#701=EDGE_LOOP('',(#4625,#4626,#4627,#4628));
#702=EDGE_LOOP('',(#4629,#4630,#4631,#4632));
#703=EDGE_LOOP('',(#4633,#4634,#4635,#4636));
#704=EDGE_LOOP('',(#4637,#4638,#4639,#4640));
#705=EDGE_LOOP('',(#4641,#4642,#4643,#4644));
#706=EDGE_LOOP('',(#4645,#4646,#4647,#4648));
#707=EDGE_LOOP('',(#4649,#4650,#4651,#4652));
#708=EDGE_LOOP('',(#4653,#4654,#4655,#4656));
#709=EDGE_LOOP('',(#4657,#4658,#4659,#4660,#4661,#4662));
#710=EDGE_LOOP('',(#4663,#4664,#4665,#4666));
#711=EDGE_LOOP('',(#4667,#4668,#4669,#4670,#4671));
#712=EDGE_LOOP('',(#4672,#4673,#4674,#4675));
#713=EDGE_LOOP('',(#4676,#4677,#4678,#4679));
#714=EDGE_LOOP('',(#4680,#4681,#4682,#4683));
#715=EDGE_LOOP('',(#4684,#4685,#4686,#4687));
#716=EDGE_LOOP('',(#4688,#4689,#4690,#4691,#4692,#4693,#4694,#4695,#4696,
#4697,#4698,#4699,#4700,#4701,#4702,#4703,#4704,#4705,#4706,#4707,#4708,
#4709,#4710,#4711,#4712,#4713,#4714,#4715,#4716,#4717,#4718,#4719,#4720,
#4721,#4722,#4723,#4724));
#717=EDGE_LOOP('',(#4725,#4726,#4727,#4728));
#718=EDGE_LOOP('',(#4729,#4730,#4731,#4732));
#719=EDGE_LOOP('',(#4733,#4734,#4735,#4736));
#720=EDGE_LOOP('',(#4737,#4738,#4739,#4740));
#721=EDGE_LOOP('',(#4741,#4742,#4743,#4744));
#722=EDGE_LOOP('',(#4745,#4746,#4747,#4748));
#723=EDGE_LOOP('',(#4749,#4750,#4751,#4752));
#724=EDGE_LOOP('',(#4753,#4754,#4755,#4756,#4757,#4758));
#725=EDGE_LOOP('',(#4759,#4760,#4761,#4762));
#726=EDGE_LOOP('',(#4763,#4764,#4765,#4766));
#727=EDGE_LOOP('',(#4767,#4768,#4769,#4770,#4771,#4772,#4773,#4774,#4775,
#4776,#4777));
#728=EDGE_LOOP('',(#4778,#4779,#4780,#4781,#4782,#4783,#4784,#4785,#4786,
#4787,#4788));
#729=EDGE_LOOP('',(#4789,#4790,#4791,#4792));
#730=EDGE_LOOP('',(#4793,#4794,#4795,#4796));
#731=EDGE_LOOP('',(#4797,#4798,#4799,#4800));
#732=EDGE_LOOP('',(#4801,#4802,#4803,#4804));
#733=EDGE_LOOP('',(#4805,#4806,#4807,#4808));
#734=EDGE_LOOP('',(#4809,#4810,#4811,#4812));
#735=EDGE_LOOP('',(#4813,#4814,#4815,#4816));
#736=EDGE_LOOP('',(#4817));
#737=EDGE_LOOP('',(#4818));
#738=EDGE_LOOP('',(#4819,#4820,#4821,#4822));
#739=EDGE_LOOP('',(#4823));
#740=EDGE_LOOP('',(#4824));
#741=EDGE_LOOP('',(#4825,#4826,#4827,#4828));
#742=EDGE_LOOP('',(#4829));
#743=EDGE_LOOP('',(#4830));
#744=EDGE_LOOP('',(#4831,#4832,#4833,#4834));
#745=EDGE_LOOP('',(#4835));
#746=EDGE_LOOP('',(#4836));
#747=EDGE_LOOP('',(#4837,#4838,#4839,#4840));
#748=EDGE_LOOP('',(#4841));
#749=EDGE_LOOP('',(#4842));
#750=EDGE_LOOP('',(#4843,#4844,#4845,#4846));
#751=EDGE_LOOP('',(#4847));
#752=EDGE_LOOP('',(#4848));
#753=EDGE_LOOP('',(#4849,#4850,#4851,#4852,#4853,#4854,#4855,#4856,#4857,
#4858,#4859,#4860,#4861,#4862,#4863,#4864,#4865,#4866,#4867,#4868,#4869,
#4870,#4871,#4872,#4873,#4874,#4875,#4876,#4877,#4878));
#754=EDGE_LOOP('',(#4879,#4880,#4881,#4882,#4883,#4884,#4885,#4886));
#755=EDGE_LOOP('',(#4887,#4888,#4889,#4890));
#756=EDGE_LOOP('',(#4891,#4892,#4893,#4894));
#757=EDGE_LOOP('',(#4895,#4896,#4897,#4898));
#758=EDGE_LOOP('',(#4899,#4900,#4901,#4902));
#759=EDGE_LOOP('',(#4903,#4904,#4905,#4906));
#760=EDGE_LOOP('',(#4907,#4908,#4909,#4910));
#761=EDGE_LOOP('',(#4911,#4912,#4913,#4914));
#762=EDGE_LOOP('',(#4915,#4916,#4917,#4918));
#763=EDGE_LOOP('',(#4919,#4920,#4921,#4922,#4923,#4924,#4925,#4926,#4927,
#4928,#4929,#4930,#4931,#4932,#4933,#4934,#4935,#4936,#4937,#4938,#4939,
#4940,#4941,#4942,#4943,#4944,#4945,#4946,#4947,#4948,#4949,#4950,#4951,
#4952,#4953,#4954,#4955,#4956,#4957,#4958,#4959,#4960,#4961,#4962,#4963,
#4964,#4965,#4966,#4967,#4968,#4969,#4970,#4971,#4972,#4973,#4974,#4975,
#4976,#4977,#4978,#4979,#4980,#4981));
#764=EDGE_LOOP('',(#4982,#4983,#4984,#4985));
#765=EDGE_LOOP('',(#4986,#4987,#4988,#4989));
#766=EDGE_LOOP('',(#4990,#4991,#4992,#4993));
#767=EDGE_LOOP('',(#4994,#4995,#4996,#4997));
#768=EDGE_LOOP('',(#4998,#4999,#5000,#5001));
#769=EDGE_LOOP('',(#5002,#5003,#5004,#5005));
#770=EDGE_LOOP('',(#5006,#5007,#5008,#5009));
#771=EDGE_LOOP('',(#5010,#5011,#5012,#5013));
#772=EDGE_LOOP('',(#5014,#5015,#5016,#5017));
#773=EDGE_LOOP('',(#5018,#5019,#5020,#5021));
#774=EDGE_LOOP('',(#5022,#5023,#5024,#5025));
#775=EDGE_LOOP('',(#5026,#5027,#5028,#5029));
#776=EDGE_LOOP('',(#5030,#5031,#5032,#5033));
#777=EDGE_LOOP('',(#5034,#5035,#5036,#5037));
#778=EDGE_LOOP('',(#5038,#5039,#5040,#5041));
#779=EDGE_LOOP('',(#5042,#5043,#5044,#5045));
#780=EDGE_LOOP('',(#5046,#5047,#5048,#5049));
#781=EDGE_LOOP('',(#5050,#5051,#5052,#5053));
#782=EDGE_LOOP('',(#5054,#5055,#5056,#5057));
#783=EDGE_LOOP('',(#5058,#5059,#5060,#5061));
#784=EDGE_LOOP('',(#5062,#5063,#5064,#5065));
#785=EDGE_LOOP('',(#5066,#5067,#5068,#5069));
#786=EDGE_LOOP('',(#5070,#5071,#5072,#5073));
#787=EDGE_LOOP('',(#5074,#5075,#5076,#5077));
#788=EDGE_LOOP('',(#5078,#5079,#5080,#5081));
#789=EDGE_LOOP('',(#5082,#5083,#5084,#5085));
#790=EDGE_LOOP('',(#5086,#5087,#5088,#5089));
#791=EDGE_LOOP('',(#5090,#5091,#5092,#5093));
#792=EDGE_LOOP('',(#5094,#5095,#5096,#5097));
#793=EDGE_LOOP('',(#5098,#5099,#5100,#5101));
#794=EDGE_LOOP('',(#5102,#5103,#5104,#5105));
#795=EDGE_LOOP('',(#5106,#5107,#5108,#5109));
#796=EDGE_LOOP('',(#5110,#5111,#5112,#5113));
#797=EDGE_LOOP('',(#5114,#5115,#5116,#5117));
#798=EDGE_LOOP('',(#5118,#5119,#5120,#5121));
#799=EDGE_LOOP('',(#5122,#5123,#5124,#5125));
#800=EDGE_LOOP('',(#5126,#5127,#5128,#5129));
#801=EDGE_LOOP('',(#5130,#5131,#5132,#5133));
#802=EDGE_LOOP('',(#5134,#5135,#5136,#5137));
#803=EDGE_LOOP('',(#5138,#5139,#5140,#5141));
#804=EDGE_LOOP('',(#5142,#5143,#5144,#5145));
#805=EDGE_LOOP('',(#5146,#5147,#5148,#5149));
#806=EDGE_LOOP('',(#5150,#5151,#5152,#5153));
#807=EDGE_LOOP('',(#5154,#5155,#5156,#5157));
#808=EDGE_LOOP('',(#5158,#5159,#5160,#5161));
#809=EDGE_LOOP('',(#5162,#5163,#5164,#5165));
#810=EDGE_LOOP('',(#5166,#5167,#5168,#5169));
#811=EDGE_LOOP('',(#5170,#5171,#5172,#5173));
#812=EDGE_LOOP('',(#5174,#5175,#5176,#5177));
#813=EDGE_LOOP('',(#5178,#5179,#5180,#5181));
#814=EDGE_LOOP('',(#5182,#5183,#5184,#5185));
#815=EDGE_LOOP('',(#5186,#5187,#5188,#5189));
#816=EDGE_LOOP('',(#5190,#5191,#5192,#5193));
#817=EDGE_LOOP('',(#5194,#5195,#5196,#5197));
#818=EDGE_LOOP('',(#5198,#5199,#5200,#5201));
#819=EDGE_LOOP('',(#5202,#5203,#5204,#5205));
#820=EDGE_LOOP('',(#5206,#5207,#5208,#5209,#5210));
#821=EDGE_LOOP('',(#5211,#5212,#5213,#5214));
#822=EDGE_LOOP('',(#5215,#5216,#5217,#5218,#5219));
#823=EDGE_LOOP('',(#5220,#5221,#5222,#5223,#5224,#5225,#5226));
#824=EDGE_LOOP('',(#5227,#5228,#5229,#5230));
#825=EDGE_LOOP('',(#5231,#5232,#5233,#5234));
#826=EDGE_LOOP('',(#5235,#5236,#5237,#5238,#5239,#5240));
#827=EDGE_LOOP('',(#5241,#5242,#5243,#5244));
#828=EDGE_LOOP('',(#5245,#5246,#5247,#5248));
#829=EDGE_LOOP('',(#5249,#5250,#5251,#5252));
#830=EDGE_LOOP('',(#5253,#5254,#5255,#5256));
#831=EDGE_LOOP('',(#5257,#5258,#5259,#5260));
#832=EDGE_LOOP('',(#5261,#5262,#5263,#5264));
#833=EDGE_LOOP('',(#5265,#5266,#5267,#5268));
#834=EDGE_LOOP('',(#5269,#5270,#5271,#5272));
#835=EDGE_LOOP('',(#5273,#5274,#5275,#5276));
#836=EDGE_LOOP('',(#5277,#5278,#5279,#5280));
#837=EDGE_LOOP('',(#5281,#5282,#5283,#5284));
#838=EDGE_LOOP('',(#5285,#5286,#5287,#5288));
#839=EDGE_LOOP('',(#5289,#5290,#5291,#5292));
#840=EDGE_LOOP('',(#5293,#5294,#5295,#5296,#5297,#5298));
#841=EDGE_LOOP('',(#5299,#5300,#5301,#5302));
#842=EDGE_LOOP('',(#5303,#5304,#5305,#5306,#5307));
#843=EDGE_LOOP('',(#5308,#5309,#5310,#5311));
#844=EDGE_LOOP('',(#5312,#5313,#5314,#5315));
#845=EDGE_LOOP('',(#5316,#5317,#5318,#5319));
#846=EDGE_LOOP('',(#5320,#5321,#5322,#5323));
#847=EDGE_LOOP('',(#5324,#5325,#5326,#5327,#5328,#5329,#5330,#5331,#5332,
#5333,#5334,#5335,#5336,#5337,#5338,#5339,#5340,#5341,#5342,#5343,#5344,
#5345,#5346,#5347,#5348,#5349,#5350,#5351,#5352,#5353,#5354,#5355,#5356,
#5357,#5358,#5359,#5360));
#848=EDGE_LOOP('',(#5361,#5362,#5363,#5364));
#849=EDGE_LOOP('',(#5365,#5366,#5367,#5368));
#850=EDGE_LOOP('',(#5369,#5370,#5371,#5372));
#851=EDGE_LOOP('',(#5373,#5374,#5375,#5376));
#852=EDGE_LOOP('',(#5377,#5378,#5379,#5380));
#853=EDGE_LOOP('',(#5381,#5382,#5383,#5384));
#854=EDGE_LOOP('',(#5385,#5386,#5387,#5388));
#855=EDGE_LOOP('',(#5389,#5390,#5391,#5392,#5393,#5394));
#856=EDGE_LOOP('',(#5395,#5396,#5397,#5398));
#857=EDGE_LOOP('',(#5399,#5400,#5401,#5402));
#858=EDGE_LOOP('',(#5403,#5404,#5405,#5406,#5407,#5408,#5409,#5410,#5411,
#5412,#5413));
#859=EDGE_LOOP('',(#5414,#5415,#5416,#5417,#5418,#5419,#5420,#5421,#5422,
#5423,#5424));
#860=EDGE_LOOP('',(#5425,#5426,#5427,#5428));
#861=EDGE_LOOP('',(#5429,#5430,#5431,#5432));
#862=EDGE_LOOP('',(#5433,#5434,#5435,#5436));
#863=EDGE_LOOP('',(#5437,#5438,#5439,#5440));
#864=EDGE_LOOP('',(#5441,#5442,#5443,#5444));
#865=EDGE_LOOP('',(#5445,#5446,#5447,#5448));
#866=EDGE_LOOP('',(#5449,#5450,#5451,#5452));
#867=EDGE_LOOP('',(#5453));
#868=EDGE_LOOP('',(#5454));
#869=EDGE_LOOP('',(#5455,#5456,#5457,#5458));
#870=EDGE_LOOP('',(#5459));
#871=EDGE_LOOP('',(#5460));
#872=EDGE_LOOP('',(#5461,#5462,#5463,#5464));
#873=EDGE_LOOP('',(#5465));
#874=EDGE_LOOP('',(#5466));
#875=EDGE_LOOP('',(#5467,#5468,#5469,#5470));
#876=EDGE_LOOP('',(#5471));
#877=EDGE_LOOP('',(#5472));
#878=EDGE_LOOP('',(#5473,#5474,#5475,#5476));
#879=EDGE_LOOP('',(#5477));
#880=EDGE_LOOP('',(#5478));
#881=EDGE_LOOP('',(#5479,#5480,#5481,#5482,#5483,#5484,#5485,#5486,#5487,
#5488,#5489,#5490,#5491,#5492,#5493,#5494,#5495,#5496,#5497,#5498,#5499,
#5500,#5501,#5502,#5503,#5504,#5505,#5506,#5507,#5508));
#882=EDGE_LOOP('',(#5509,#5510,#5511,#5512,#5513,#5514,#5515,#5516));
#883=EDGE_LOOP('',(#5517,#5518,#5519,#5520));
#884=EDGE_LOOP('',(#5521,#5522,#5523,#5524));
#885=EDGE_LOOP('',(#5525,#5526,#5527,#5528));
#886=EDGE_LOOP('',(#5529,#5530,#5531,#5532));
#887=EDGE_LOOP('',(#5533,#5534,#5535,#5536));
#888=EDGE_LOOP('',(#5537,#5538,#5539,#5540));
#889=EDGE_LOOP('',(#5541,#5542,#5543,#5544));
#890=EDGE_LOOP('',(#5545,#5546,#5547,#5548));
#891=EDGE_LOOP('',(#5549,#5550,#5551,#5552,#5553,#5554,#5555,#5556,#5557,
#5558,#5559,#5560,#5561,#5562,#5563,#5564,#5565,#5566,#5567,#5568,#5569,
#5570,#5571,#5572,#5573,#5574,#5575,#5576,#5577,#5578,#5579,#5580,#5581,
#5582,#5583,#5584,#5585,#5586,#5587,#5588,#5589,#5590,#5591,#5592,#5593,
#5594,#5595,#5596,#5597,#5598,#5599,#5600,#5601,#5602,#5603,#5604,#5605,
#5606,#5607,#5608,#5609,#5610,#5611));
#892=EDGE_LOOP('',(#5612,#5613,#5614,#5615));
#893=EDGE_LOOP('',(#5616,#5617,#5618,#5619));
#894=EDGE_LOOP('',(#5620,#5621,#5622,#5623));
#895=EDGE_LOOP('',(#5624,#5625,#5626,#5627));
#896=EDGE_LOOP('',(#5628,#5629,#5630,#5631));
#897=EDGE_LOOP('',(#5632,#5633,#5634,#5635));
#898=EDGE_LOOP('',(#5636,#5637,#5638,#5639));
#899=EDGE_LOOP('',(#5640,#5641,#5642,#5643));
#900=EDGE_LOOP('',(#5644,#5645,#5646,#5647));
#901=EDGE_LOOP('',(#5648,#5649,#5650,#5651));
#902=EDGE_LOOP('',(#5652,#5653,#5654,#5655));
#903=EDGE_LOOP('',(#5656,#5657,#5658,#5659));
#904=EDGE_LOOP('',(#5660,#5661,#5662,#5663));
#905=EDGE_LOOP('',(#5664,#5665,#5666,#5667));
#906=EDGE_LOOP('',(#5668,#5669,#5670,#5671));
#907=EDGE_LOOP('',(#5672,#5673,#5674,#5675));
#908=EDGE_LOOP('',(#5676,#5677,#5678,#5679));
#909=EDGE_LOOP('',(#5680,#5681,#5682,#5683));
#910=EDGE_LOOP('',(#5684,#5685,#5686,#5687));
#911=EDGE_LOOP('',(#5688,#5689,#5690,#5691));
#912=EDGE_LOOP('',(#5692,#5693,#5694,#5695));
#913=EDGE_LOOP('',(#5696,#5697,#5698,#5699));
#914=EDGE_LOOP('',(#5700,#5701,#5702,#5703));
#915=EDGE_LOOP('',(#5704,#5705,#5706,#5707));
#916=EDGE_LOOP('',(#5708,#5709,#5710,#5711));
#917=EDGE_LOOP('',(#5712,#5713,#5714,#5715));
#918=EDGE_LOOP('',(#5716,#5717,#5718,#5719));
#919=EDGE_LOOP('',(#5720,#5721,#5722,#5723));
#920=EDGE_LOOP('',(#5724,#5725,#5726,#5727));
#921=EDGE_LOOP('',(#5728,#5729,#5730,#5731));
#922=EDGE_LOOP('',(#5732,#5733,#5734,#5735));
#923=EDGE_LOOP('',(#5736,#5737,#5738,#5739));
#924=EDGE_LOOP('',(#5740,#5741,#5742,#5743));
#925=EDGE_LOOP('',(#5744,#5745,#5746,#5747));
#926=EDGE_LOOP('',(#5748,#5749,#5750,#5751));
#927=EDGE_LOOP('',(#5752,#5753,#5754,#5755));
#928=EDGE_LOOP('',(#5756,#5757,#5758,#5759));
#929=EDGE_LOOP('',(#5760,#5761,#5762,#5763));
#930=EDGE_LOOP('',(#5764,#5765,#5766,#5767));
#931=EDGE_LOOP('',(#5768,#5769,#5770,#5771));
#932=EDGE_LOOP('',(#5772,#5773,#5774,#5775));
#933=EDGE_LOOP('',(#5776,#5777,#5778,#5779));
#934=EDGE_LOOP('',(#5780,#5781,#5782,#5783));
#935=EDGE_LOOP('',(#5784,#5785,#5786,#5787));
#936=EDGE_LOOP('',(#5788,#5789,#5790,#5791));
#937=EDGE_LOOP('',(#5792,#5793,#5794,#5795));
#938=EDGE_LOOP('',(#5796,#5797,#5798,#5799));
#939=EDGE_LOOP('',(#5800,#5801,#5802,#5803));
#940=EDGE_LOOP('',(#5804,#5805,#5806,#5807));
#941=EDGE_LOOP('',(#5808,#5809,#5810,#5811));
#942=EDGE_LOOP('',(#5812,#5813,#5814,#5815));
#943=EDGE_LOOP('',(#5816,#5817,#5818,#5819));
#944=EDGE_LOOP('',(#5820,#5821,#5822,#5823));
#945=EDGE_LOOP('',(#5824,#5825,#5826,#5827));
#946=EDGE_LOOP('',(#5828,#5829,#5830,#5831));
#947=EDGE_LOOP('',(#5832,#5833,#5834,#5835));
#948=EDGE_LOOP('',(#5836,#5837,#5838,#5839,#5840));
#949=EDGE_LOOP('',(#5841,#5842,#5843,#5844));
#950=EDGE_LOOP('',(#5845,#5846,#5847,#5848,#5849));
#951=EDGE_LOOP('',(#5850,#5851,#5852,#5853,#5854,#5855,#5856));
#952=EDGE_LOOP('',(#5857,#5858,#5859,#5860));
#953=EDGE_LOOP('',(#5861,#5862,#5863,#5864));
#954=EDGE_LOOP('',(#5865,#5866,#5867,#5868,#5869,#5870));
#955=EDGE_LOOP('',(#5871,#5872,#5873,#5874));
#956=EDGE_LOOP('',(#5875,#5876,#5877,#5878));
#957=EDGE_LOOP('',(#5879,#5880,#5881,#5882));
#958=EDGE_LOOP('',(#5883,#5884,#5885,#5886));
#959=EDGE_LOOP('',(#5887,#5888,#5889,#5890));
#960=EDGE_LOOP('',(#5891,#5892,#5893,#5894));
#961=EDGE_LOOP('',(#5895,#5896,#5897,#5898));
#962=EDGE_LOOP('',(#5899,#5900,#5901,#5902));
#963=EDGE_LOOP('',(#5903,#5904,#5905,#5906));
#964=EDGE_LOOP('',(#5907,#5908,#5909,#5910));
#965=EDGE_LOOP('',(#5911,#5912,#5913,#5914));
#966=EDGE_LOOP('',(#5915,#5916,#5917,#5918));
#967=EDGE_LOOP('',(#5919,#5920,#5921,#5922));
#968=EDGE_LOOP('',(#5923,#5924,#5925,#5926,#5927,#5928));
#969=EDGE_LOOP('',(#5929,#5930,#5931,#5932));
#970=EDGE_LOOP('',(#5933,#5934,#5935,#5936,#5937));
#971=EDGE_LOOP('',(#5938,#5939,#5940,#5941));
#972=EDGE_LOOP('',(#5942,#5943,#5944,#5945));
#973=EDGE_LOOP('',(#5946,#5947,#5948,#5949));
#974=EDGE_LOOP('',(#5950,#5951,#5952,#5953));
#975=EDGE_LOOP('',(#5954,#5955,#5956,#5957,#5958,#5959,#5960,#5961,#5962,
#5963,#5964,#5965,#5966,#5967,#5968,#5969,#5970,#5971,#5972,#5973,#5974,
#5975,#5976,#5977,#5978,#5979,#5980,#5981,#5982,#5983,#5984,#5985,#5986,
#5987,#5988,#5989,#5990));
#976=EDGE_LOOP('',(#5991,#5992,#5993,#5994));
#977=EDGE_LOOP('',(#5995,#5996,#5997,#5998));
#978=EDGE_LOOP('',(#5999,#6000,#6001,#6002));
#979=EDGE_LOOP('',(#6003,#6004,#6005,#6006));
#980=EDGE_LOOP('',(#6007,#6008,#6009,#6010));
#981=EDGE_LOOP('',(#6011,#6012,#6013,#6014));
#982=EDGE_LOOP('',(#6015,#6016,#6017,#6018));
#983=EDGE_LOOP('',(#6019,#6020,#6021,#6022,#6023,#6024));
#984=EDGE_LOOP('',(#6025,#6026,#6027,#6028));
#985=EDGE_LOOP('',(#6029,#6030,#6031,#6032));
#986=EDGE_LOOP('',(#6033,#6034,#6035,#6036,#6037,#6038,#6039,#6040,#6041,
#6042,#6043));
#987=EDGE_LOOP('',(#6044,#6045,#6046,#6047,#6048,#6049,#6050,#6051,#6052,
#6053,#6054));
#988=EDGE_LOOP('',(#6055,#6056,#6057,#6058));
#989=EDGE_LOOP('',(#6059,#6060,#6061,#6062));
#990=EDGE_LOOP('',(#6063,#6064,#6065,#6066));
#991=EDGE_LOOP('',(#6067,#6068,#6069,#6070));
#992=EDGE_LOOP('',(#6071,#6072,#6073,#6074));
#993=EDGE_LOOP('',(#6075,#6076,#6077,#6078));
#994=EDGE_LOOP('',(#6079,#6080,#6081,#6082));
#995=EDGE_LOOP('',(#6083));
#996=EDGE_LOOP('',(#6084));
#997=EDGE_LOOP('',(#6085,#6086,#6087,#6088));
#998=EDGE_LOOP('',(#6089));
#999=EDGE_LOOP('',(#6090));
#1000=EDGE_LOOP('',(#6091,#6092,#6093,#6094));
#1001=EDGE_LOOP('',(#6095));
#1002=EDGE_LOOP('',(#6096));
#1003=EDGE_LOOP('',(#6097,#6098,#6099,#6100));
#1004=EDGE_LOOP('',(#6101));
#1005=EDGE_LOOP('',(#6102));
#1006=LINE('',#9101,#1834);
#1007=LINE('',#9103,#1835);
#1008=LINE('',#9105,#1836);
#1009=LINE('',#9107,#1837);
#1010=LINE('',#9109,#1838);
#1011=LINE('',#9111,#1839);
#1012=LINE('',#9113,#1840);
#1013=LINE('',#9115,#1841);
#1014=LINE('',#9117,#1842);
#1015=LINE('',#9119,#1843);
#1016=LINE('',#9121,#1844);
#1017=LINE('',#9123,#1845);
#1018=LINE('',#9125,#1846);
#1019=LINE('',#9127,#1847);
#1020=LINE('',#9129,#1848);
#1021=LINE('',#9131,#1849);
#1022=LINE('',#9133,#1850);
#1023=LINE('',#9135,#1851);
#1024=LINE('',#9137,#1852);
#1025=LINE('',#9139,#1853);
#1026=LINE('',#9141,#1854);
#1027=LINE('',#9143,#1855);
#1028=LINE('',#9145,#1856);
#1029=LINE('',#9147,#1857);
#1030=LINE('',#9149,#1858);
#1031=LINE('',#9151,#1859);
#1032=LINE('',#9153,#1860);
#1033=LINE('',#9155,#1861);
#1034=LINE('',#9157,#1862);
#1035=LINE('',#9158,#1863);
#1036=LINE('',#9161,#1864);
#1037=LINE('',#9163,#1865);
#1038=LINE('',#9164,#1866);
#1039=LINE('',#9166,#1867);
#1040=LINE('',#9168,#1868);
#1041=LINE('',#9169,#1869);
#1042=LINE('',#9172,#1870);
#1043=LINE('',#9173,#1871);
#1044=LINE('',#9176,#1872);
#1045=LINE('',#9177,#1873);
#1046=LINE('',#9179,#1874);
#1047=LINE('',#9183,#1875);
#1048=LINE('',#9185,#1876);
#1049=LINE('',#9186,#1877);
#1050=LINE('',#9189,#1878);
#1051=LINE('',#9191,#1879);
#1052=LINE('',#9192,#1880);
#1053=LINE('',#9195,#1881);
#1054=LINE('',#9197,#1882);
#1055=LINE('',#9198,#1883);
#1056=LINE('',#9201,#1884);
#1057=LINE('',#9203,#1885);
#1058=LINE('',#9204,#1886);
#1059=LINE('',#9207,#1887);
#1060=LINE('',#9209,#1888);
#1061=LINE('',#9211,#1889);
#1062=LINE('',#9213,#1890);
#1063=LINE('',#9215,#1891);
#1064=LINE('',#9217,#1892);
#1065=LINE('',#9219,#1893);
#1066=LINE('',#9221,#1894);
#1067=LINE('',#9223,#1895);
#1068=LINE('',#9225,#1896);
#1069=LINE('',#9227,#1897);
#1070=LINE('',#9229,#1898);
#1071=LINE('',#9231,#1899);
#1072=LINE('',#9233,#1900);
#1073=LINE('',#9235,#1901);
#1074=LINE('',#9237,#1902);
#1075=LINE('',#9239,#1903);
#1076=LINE('',#9241,#1904);
#1077=LINE('',#9243,#1905);
#1078=LINE('',#9245,#1906);
#1079=LINE('',#9247,#1907);
#1080=LINE('',#9249,#1908);
#1081=LINE('',#9251,#1909);
#1082=LINE('',#9255,#1910);
#1083=LINE('',#9257,#1911);
#1084=LINE('',#9261,#1912);
#1085=LINE('',#9265,#1913);
#1086=LINE('',#9267,#1914);
#1087=LINE('',#9271,#1915);
#1088=LINE('',#9273,#1916);
#1089=LINE('',#9275,#1917);
#1090=LINE('',#9279,#1918);
#1091=LINE('',#9281,#1919);
#1092=LINE('',#9285,#1920);
#1093=LINE('',#9289,#1921);
#1094=LINE('',#9293,#1922);
#1095=LINE('',#9295,#1923);
#1096=LINE('',#9299,#1924);
#1097=LINE('',#9301,#1925);
#1098=LINE('',#9305,#1926);
#1099=LINE('',#9309,#1927);
#1100=LINE('',#9311,#1928);
#1101=LINE('',#9315,#1929);
#1102=LINE('',#9317,#1930);
#1103=LINE('',#9335,#1931);
#1104=LINE('',#9336,#1932);
#1105=LINE('',#9340,#1933);
#1106=LINE('',#9341,#1934);
#1107=LINE('',#9342,#1935);
#1108=LINE('',#9345,#1936);
#1109=LINE('',#9346,#1937);
#1110=LINE('',#9349,#1938);
#1111=LINE('',#9350,#1939);
#1112=LINE('',#9353,#1940);
#1113=LINE('',#9354,#1941);
#1114=LINE('',#9357,#1942);
#1115=LINE('',#9358,#1943);
#1116=LINE('',#9361,#1944);
#1117=LINE('',#9362,#1945);
#1118=LINE('',#9365,#1946);
#1119=LINE('',#9366,#1947);
#1120=LINE('',#9368,#1948);
#1121=LINE('',#9372,#1949);
#1122=LINE('',#9373,#1950);
#1123=LINE('',#9374,#1951);
#1124=LINE('',#9377,#1952);
#1125=LINE('',#9378,#1953);
#1126=LINE('',#9381,#1954);
#1127=LINE('',#9382,#1955);
#1128=LINE('',#9385,#1956);
#1129=LINE('',#9386,#1957);
#1130=LINE('',#9389,#1958);
#1131=LINE('',#9390,#1959);
#1132=LINE('',#9393,#1960);
#1133=LINE('',#9394,#1961);
#1134=LINE('',#9397,#1962);
#1135=LINE('',#9398,#1963);
#1136=LINE('',#9401,#1964);
#1137=LINE('',#9402,#1965);
#1138=LINE('',#9405,#1966);
#1139=LINE('',#9406,#1967);
#1140=LINE('',#9409,#1968);
#1141=LINE('',#9410,#1969);
#1142=LINE('',#9413,#1970);
#1143=LINE('',#9414,#1971);
#1144=LINE('',#9416,#1972);
#1145=LINE('',#9417,#1973);
#1146=LINE('',#9419,#1974);
#1147=LINE('',#9421,#1975);
#1148=LINE('',#9423,#1976);
#1149=LINE('',#9425,#1977);
#1150=LINE('',#9427,#1978);
#1151=LINE('',#9429,#1979);
#1152=LINE('',#9431,#1980);
#1153=LINE('',#9433,#1981);
#1154=LINE('',#9435,#1982);
#1155=LINE('',#9437,#1983);
#1156=LINE('',#9480,#1984);
#1157=LINE('',#9481,#1985);
#1158=LINE('',#9484,#1986);
#1159=LINE('',#9486,#1987);
#1160=LINE('',#9487,#1988);
#1161=LINE('',#9490,#1989);
#1162=LINE('',#9491,#1990);
#1163=LINE('',#9494,#1991);
#1164=LINE('',#9498,#1992);
#1165=LINE('',#9499,#1993);
#1166=LINE('',#9501,#1994);
#1167=LINE('',#9502,#1995);
#1168=LINE('',#9505,#1996);
#1169=LINE('',#9506,#1997);
#1170=LINE('',#9508,#1998);
#1171=LINE('',#9511,#1999);
#1172=LINE('',#9512,#2000);
#1173=LINE('',#9514,#2001);
#1174=LINE('',#9517,#2002);
#1175=LINE('',#9520,#2003);
#1176=LINE('',#9523,#2004);
#1177=LINE('',#9524,#2005);
#1178=LINE('',#9526,#2006);
#1179=LINE('',#9529,#2007);
#1180=LINE('',#9530,#2008);
#1181=LINE('',#9532,#2009);
#1182=LINE('',#9535,#2010);
#1183=LINE('',#9540,#2011);
#1184=LINE('',#9541,#2012);
#1185=LINE('',#9544,#2013);
#1186=LINE('',#9547,#2014);
#1187=LINE('',#9550,#2015);
#1188=LINE('',#9551,#2016);
#1189=LINE('',#9553,#2017);
#1190=LINE('',#9556,#2018);
#1191=LINE('',#9557,#2019);
#1192=LINE('',#9559,#2020);
#1193=LINE('',#9562,#2021);
#1194=LINE('',#9565,#2022);
#1195=LINE('',#9568,#2023);
#1196=LINE('',#9569,#2024);
#1197=LINE('',#9571,#2025);
#1198=LINE('',#9573,#2026);
#1199=LINE('',#9574,#2027);
#1200=LINE('',#9577,#2028);
#1201=LINE('',#9579,#2029);
#1202=LINE('',#9580,#2030);
#1203=LINE('',#9606,#2031);
#1204=LINE('',#9671,#2032);
#1205=LINE('',#9672,#2033);
#1206=LINE('',#9676,#2034);
#1207=LINE('',#9679,#2035);
#1208=LINE('',#9680,#2036);
#1209=LINE('',#9684,#2037);
#1210=LINE('',#9687,#2038);
#1211=LINE('',#9690,#2039);
#1212=LINE('',#9693,#2040);
#1213=LINE('',#9694,#2041);
#1214=LINE('',#9697,#2042);
#1215=LINE('',#9700,#2043);
#1216=LINE('',#9703,#2044);
#1217=LINE('',#9704,#2045);
#1218=LINE('',#9707,#2046);
#1219=LINE('',#9711,#2047);
#1220=LINE('',#9712,#2048);
#1221=LINE('',#9715,#2049);
#1222=LINE('',#9718,#2050);
#1223=LINE('',#9721,#2051);
#1224=LINE('',#9722,#2052);
#1225=LINE('',#9725,#2053);
#1226=LINE('',#9728,#2054);
#1227=LINE('',#9730,#2055);
#1228=LINE('',#9732,#2056);
#1229=LINE('',#9736,#2057);
#1230=LINE('',#9738,#2058);
#1231=LINE('',#9740,#2059);
#1232=LINE('',#9742,#2060);
#1233=LINE('',#9747,#2061);
#1234=LINE('',#9749,#2062);
#1235=LINE('',#9751,#2063);
#1236=LINE('',#9752,#2064);
#1237=LINE('',#9755,#2065);
#1238=LINE('',#9757,#2066);
#1239=LINE('',#9758,#2067);
#1240=LINE('',#9761,#2068);
#1241=LINE('',#9763,#2069);
#1242=LINE('',#9764,#2070);
#1243=LINE('',#9767,#2071);
#1244=LINE('',#9769,#2072);
#1245=LINE('',#9770,#2073);
#1246=LINE('',#9773,#2074);
#1247=LINE('',#9775,#2075);
#1248=LINE('',#9776,#2076);
#1249=LINE('',#9780,#2077);
#1250=LINE('',#9782,#2078);
#1251=LINE('',#9784,#2079);
#1252=LINE('',#9785,#2080);
#1253=LINE('',#9787,#2081);
#1254=LINE('',#9788,#2082);
#1255=LINE('',#9792,#2083);
#1256=LINE('',#9793,#2084);
#1257=LINE('',#9795,#2085);
#1258=LINE('',#9797,#2086);
#1259=LINE('',#9798,#2087);
#1260=LINE('',#9801,#2088);
#1261=LINE('',#9803,#2089);
#1262=LINE('',#9804,#2090);
#1263=LINE('',#9806,#2091);
#1264=LINE('',#9807,#2092);
#1265=LINE('',#9813,#2093);
#1266=LINE('',#9815,#2094);
#1267=LINE('',#9817,#2095);
#1268=LINE('',#9818,#2096);
#1269=LINE('',#9821,#2097);
#1270=LINE('',#9823,#2098);
#1271=LINE('',#9824,#2099);
#1272=LINE('',#9827,#2100);
#1273=LINE('',#9829,#2101);
#1274=LINE('',#9830,#2102);
#1275=LINE('',#9832,#2103);
#1276=LINE('',#9833,#2104);
#1277=LINE('',#9840,#2105);
#1278=LINE('',#9848,#2106);
#1279=LINE('',#9856,#2107);
#1280=LINE('',#9864,#2108);
#1281=LINE('',#9872,#2109);
#1282=LINE('',#9880,#2110);
#1283=LINE('',#9887,#2111);
#1284=LINE('',#9889,#2112);
#1285=LINE('',#9891,#2113);
#1286=LINE('',#9893,#2114);
#1287=LINE('',#9895,#2115);
#1288=LINE('',#9897,#2116);
#1289=LINE('',#9899,#2117);
#1290=LINE('',#9901,#2118);
#1291=LINE('',#9903,#2119);
#1292=LINE('',#9905,#2120);
#1293=LINE('',#9907,#2121);
#1294=LINE('',#9909,#2122);
#1295=LINE('',#9911,#2123);
#1296=LINE('',#9913,#2124);
#1297=LINE('',#9915,#2125);
#1298=LINE('',#9917,#2126);
#1299=LINE('',#9919,#2127);
#1300=LINE('',#9921,#2128);
#1301=LINE('',#9923,#2129);
#1302=LINE('',#9925,#2130);
#1303=LINE('',#9927,#2131);
#1304=LINE('',#9929,#2132);
#1305=LINE('',#9931,#2133);
#1306=LINE('',#9933,#2134);
#1307=LINE('',#9935,#2135);
#1308=LINE('',#9937,#2136);
#1309=LINE('',#9939,#2137);
#1310=LINE('',#9941,#2138);
#1311=LINE('',#9943,#2139);
#1312=LINE('',#9944,#2140);
#1313=LINE('',#9947,#2141);
#1314=LINE('',#9949,#2142);
#1315=LINE('',#9950,#2143);
#1316=LINE('',#9952,#2144);
#1317=LINE('',#9954,#2145);
#1318=LINE('',#9955,#2146);
#1319=LINE('',#9958,#2147);
#1320=LINE('',#9959,#2148);
#1321=LINE('',#9962,#2149);
#1322=LINE('',#9963,#2150);
#1323=LINE('',#9965,#2151);
#1324=LINE('',#9969,#2152);
#1325=LINE('',#9971,#2153);
#1326=LINE('',#9972,#2154);
#1327=LINE('',#9975,#2155);
#1328=LINE('',#9977,#2156);
#1329=LINE('',#9978,#2157);
#1330=LINE('',#9981,#2158);
#1331=LINE('',#9983,#2159);
#1332=LINE('',#9984,#2160);
#1333=LINE('',#9987,#2161);
#1334=LINE('',#9989,#2162);
#1335=LINE('',#9990,#2163);
#1336=LINE('',#9993,#2164);
#1337=LINE('',#9995,#2165);
#1338=LINE('',#9997,#2166);
#1339=LINE('',#9999,#2167);
#1340=LINE('',#10001,#2168);
#1341=LINE('',#10003,#2169);
#1342=LINE('',#10005,#2170);
#1343=LINE('',#10007,#2171);
#1344=LINE('',#10009,#2172);
#1345=LINE('',#10011,#2173);
#1346=LINE('',#10013,#2174);
#1347=LINE('',#10015,#2175);
#1348=LINE('',#10017,#2176);
#1349=LINE('',#10019,#2177);
#1350=LINE('',#10021,#2178);
#1351=LINE('',#10023,#2179);
#1352=LINE('',#10025,#2180);
#1353=LINE('',#10027,#2181);
#1354=LINE('',#10029,#2182);
#1355=LINE('',#10031,#2183);
#1356=LINE('',#10033,#2184);
#1357=LINE('',#10035,#2185);
#1358=LINE('',#10037,#2186);
#1359=LINE('',#10041,#2187);
#1360=LINE('',#10043,#2188);
#1361=LINE('',#10047,#2189);
#1362=LINE('',#10051,#2190);
#1363=LINE('',#10053,#2191);
#1364=LINE('',#10057,#2192);
#1365=LINE('',#10059,#2193);
#1366=LINE('',#10061,#2194);
#1367=LINE('',#10065,#2195);
#1368=LINE('',#10067,#2196);
#1369=LINE('',#10071,#2197);
#1370=LINE('',#10075,#2198);
#1371=LINE('',#10079,#2199);
#1372=LINE('',#10081,#2200);
#1373=LINE('',#10085,#2201);
#1374=LINE('',#10087,#2202);
#1375=LINE('',#10091,#2203);
#1376=LINE('',#10095,#2204);
#1377=LINE('',#10097,#2205);
#1378=LINE('',#10101,#2206);
#1379=LINE('',#10103,#2207);
#1380=LINE('',#10121,#2208);
#1381=LINE('',#10122,#2209);
#1382=LINE('',#10126,#2210);
#1383=LINE('',#10127,#2211);
#1384=LINE('',#10128,#2212);
#1385=LINE('',#10131,#2213);
#1386=LINE('',#10132,#2214);
#1387=LINE('',#10135,#2215);
#1388=LINE('',#10136,#2216);
#1389=LINE('',#10139,#2217);
#1390=LINE('',#10140,#2218);
#1391=LINE('',#10143,#2219);
#1392=LINE('',#10144,#2220);
#1393=LINE('',#10147,#2221);
#1394=LINE('',#10148,#2222);
#1395=LINE('',#10151,#2223);
#1396=LINE('',#10152,#2224);
#1397=LINE('',#10154,#2225);
#1398=LINE('',#10158,#2226);
#1399=LINE('',#10159,#2227);
#1400=LINE('',#10160,#2228);
#1401=LINE('',#10163,#2229);
#1402=LINE('',#10164,#2230);
#1403=LINE('',#10167,#2231);
#1404=LINE('',#10168,#2232);
#1405=LINE('',#10171,#2233);
#1406=LINE('',#10172,#2234);
#1407=LINE('',#10175,#2235);
#1408=LINE('',#10176,#2236);
#1409=LINE('',#10179,#2237);
#1410=LINE('',#10180,#2238);
#1411=LINE('',#10183,#2239);
#1412=LINE('',#10184,#2240);
#1413=LINE('',#10187,#2241);
#1414=LINE('',#10188,#2242);
#1415=LINE('',#10191,#2243);
#1416=LINE('',#10192,#2244);
#1417=LINE('',#10195,#2245);
#1418=LINE('',#10196,#2246);
#1419=LINE('',#10199,#2247);
#1420=LINE('',#10200,#2248);
#1421=LINE('',#10202,#2249);
#1422=LINE('',#10203,#2250);
#1423=LINE('',#10205,#2251);
#1424=LINE('',#10207,#2252);
#1425=LINE('',#10209,#2253);
#1426=LINE('',#10211,#2254);
#1427=LINE('',#10213,#2255);
#1428=LINE('',#10215,#2256);
#1429=LINE('',#10217,#2257);
#1430=LINE('',#10219,#2258);
#1431=LINE('',#10221,#2259);
#1432=LINE('',#10223,#2260);
#1433=LINE('',#10266,#2261);
#1434=LINE('',#10267,#2262);
#1435=LINE('',#10270,#2263);
#1436=LINE('',#10272,#2264);
#1437=LINE('',#10273,#2265);
#1438=LINE('',#10276,#2266);
#1439=LINE('',#10277,#2267);
#1440=LINE('',#10280,#2268);
#1441=LINE('',#10284,#2269);
#1442=LINE('',#10285,#2270);
#1443=LINE('',#10287,#2271);
#1444=LINE('',#10288,#2272);
#1445=LINE('',#10291,#2273);
#1446=LINE('',#10292,#2274);
#1447=LINE('',#10294,#2275);
#1448=LINE('',#10297,#2276);
#1449=LINE('',#10298,#2277);
#1450=LINE('',#10300,#2278);
#1451=LINE('',#10303,#2279);
#1452=LINE('',#10306,#2280);
#1453=LINE('',#10309,#2281);
#1454=LINE('',#10310,#2282);
#1455=LINE('',#10312,#2283);
#1456=LINE('',#10315,#2284);
#1457=LINE('',#10316,#2285);
#1458=LINE('',#10318,#2286);
#1459=LINE('',#10321,#2287);
#1460=LINE('',#10326,#2288);
#1461=LINE('',#10327,#2289);
#1462=LINE('',#10330,#2290);
#1463=LINE('',#10333,#2291);
#1464=LINE('',#10336,#2292);
#1465=LINE('',#10337,#2293);
#1466=LINE('',#10339,#2294);
#1467=LINE('',#10342,#2295);
#1468=LINE('',#10343,#2296);
#1469=LINE('',#10345,#2297);
#1470=LINE('',#10348,#2298);
#1471=LINE('',#10351,#2299);
#1472=LINE('',#10354,#2300);
#1473=LINE('',#10355,#2301);
#1474=LINE('',#10357,#2302);
#1475=LINE('',#10359,#2303);
#1476=LINE('',#10360,#2304);
#1477=LINE('',#10363,#2305);
#1478=LINE('',#10365,#2306);
#1479=LINE('',#10366,#2307);
#1480=LINE('',#10392,#2308);
#1481=LINE('',#10457,#2309);
#1482=LINE('',#10458,#2310);
#1483=LINE('',#10462,#2311);
#1484=LINE('',#10465,#2312);
#1485=LINE('',#10466,#2313);
#1486=LINE('',#10470,#2314);
#1487=LINE('',#10473,#2315);
#1488=LINE('',#10476,#2316);
#1489=LINE('',#10479,#2317);
#1490=LINE('',#10480,#2318);
#1491=LINE('',#10483,#2319);
#1492=LINE('',#10486,#2320);
#1493=LINE('',#10489,#2321);
#1494=LINE('',#10490,#2322);
#1495=LINE('',#10493,#2323);
#1496=LINE('',#10497,#2324);
#1497=LINE('',#10498,#2325);
#1498=LINE('',#10501,#2326);
#1499=LINE('',#10504,#2327);
#1500=LINE('',#10507,#2328);
#1501=LINE('',#10508,#2329);
#1502=LINE('',#10511,#2330);
#1503=LINE('',#10514,#2331);
#1504=LINE('',#10516,#2332);
#1505=LINE('',#10518,#2333);
#1506=LINE('',#10522,#2334);
#1507=LINE('',#10524,#2335);
#1508=LINE('',#10526,#2336);
#1509=LINE('',#10528,#2337);
#1510=LINE('',#10533,#2338);
#1511=LINE('',#10535,#2339);
#1512=LINE('',#10537,#2340);
#1513=LINE('',#10538,#2341);
#1514=LINE('',#10541,#2342);
#1515=LINE('',#10543,#2343);
#1516=LINE('',#10544,#2344);
#1517=LINE('',#10547,#2345);
#1518=LINE('',#10549,#2346);
#1519=LINE('',#10550,#2347);
#1520=LINE('',#10553,#2348);
#1521=LINE('',#10555,#2349);
#1522=LINE('',#10556,#2350);
#1523=LINE('',#10559,#2351);
#1524=LINE('',#10561,#2352);
#1525=LINE('',#10562,#2353);
#1526=LINE('',#10566,#2354);
#1527=LINE('',#10568,#2355);
#1528=LINE('',#10570,#2356);
#1529=LINE('',#10571,#2357);
#1530=LINE('',#10573,#2358);
#1531=LINE('',#10574,#2359);
#1532=LINE('',#10578,#2360);
#1533=LINE('',#10579,#2361);
#1534=LINE('',#10581,#2362);
#1535=LINE('',#10583,#2363);
#1536=LINE('',#10584,#2364);
#1537=LINE('',#10587,#2365);
#1538=LINE('',#10589,#2366);
#1539=LINE('',#10590,#2367);
#1540=LINE('',#10592,#2368);
#1541=LINE('',#10593,#2369);
#1542=LINE('',#10599,#2370);
#1543=LINE('',#10601,#2371);
#1544=LINE('',#10603,#2372);
#1545=LINE('',#10604,#2373);
#1546=LINE('',#10607,#2374);
#1547=LINE('',#10609,#2375);
#1548=LINE('',#10610,#2376);
#1549=LINE('',#10613,#2377);
#1550=LINE('',#10615,#2378);
#1551=LINE('',#10616,#2379);
#1552=LINE('',#10618,#2380);
#1553=LINE('',#10619,#2381);
#1554=LINE('',#10626,#2382);
#1555=LINE('',#10634,#2383);
#1556=LINE('',#10642,#2384);
#1557=LINE('',#10650,#2385);
#1558=LINE('',#10658,#2386);
#1559=LINE('',#10665,#2387);
#1560=LINE('',#10667,#2388);
#1561=LINE('',#10669,#2389);
#1562=LINE('',#10671,#2390);
#1563=LINE('',#10673,#2391);
#1564=LINE('',#10675,#2392);
#1565=LINE('',#10677,#2393);
#1566=LINE('',#10679,#2394);
#1567=LINE('',#10681,#2395);
#1568=LINE('',#10683,#2396);
#1569=LINE('',#10685,#2397);
#1570=LINE('',#10687,#2398);
#1571=LINE('',#10689,#2399);
#1572=LINE('',#10691,#2400);
#1573=LINE('',#10693,#2401);
#1574=LINE('',#10695,#2402);
#1575=LINE('',#10697,#2403);
#1576=LINE('',#10699,#2404);
#1577=LINE('',#10701,#2405);
#1578=LINE('',#10703,#2406);
#1579=LINE('',#10705,#2407);
#1580=LINE('',#10707,#2408);
#1581=LINE('',#10709,#2409);
#1582=LINE('',#10711,#2410);
#1583=LINE('',#10713,#2411);
#1584=LINE('',#10715,#2412);
#1585=LINE('',#10717,#2413);
#1586=LINE('',#10719,#2414);
#1587=LINE('',#10721,#2415);
#1588=LINE('',#10722,#2416);
#1589=LINE('',#10725,#2417);
#1590=LINE('',#10727,#2418);
#1591=LINE('',#10728,#2419);
#1592=LINE('',#10730,#2420);
#1593=LINE('',#10732,#2421);
#1594=LINE('',#10733,#2422);
#1595=LINE('',#10736,#2423);
#1596=LINE('',#10737,#2424);
#1597=LINE('',#10740,#2425);
#1598=LINE('',#10741,#2426);
#1599=LINE('',#10743,#2427);
#1600=LINE('',#10747,#2428);
#1601=LINE('',#10749,#2429);
#1602=LINE('',#10750,#2430);
#1603=LINE('',#10753,#2431);
#1604=LINE('',#10755,#2432);
#1605=LINE('',#10756,#2433);
#1606=LINE('',#10759,#2434);
#1607=LINE('',#10761,#2435);
#1608=LINE('',#10762,#2436);
#1609=LINE('',#10765,#2437);
#1610=LINE('',#10767,#2438);
#1611=LINE('',#10768,#2439);
#1612=LINE('',#10771,#2440);
#1613=LINE('',#10773,#2441);
#1614=LINE('',#10775,#2442);
#1615=LINE('',#10777,#2443);
#1616=LINE('',#10779,#2444);
#1617=LINE('',#10781,#2445);
#1618=LINE('',#10783,#2446);
#1619=LINE('',#10785,#2447);
#1620=LINE('',#10787,#2448);
#1621=LINE('',#10789,#2449);
#1622=LINE('',#10791,#2450);
#1623=LINE('',#10793,#2451);
#1624=LINE('',#10795,#2452);
#1625=LINE('',#10797,#2453);
#1626=LINE('',#10799,#2454);
#1627=LINE('',#10801,#2455);
#1628=LINE('',#10803,#2456);
#1629=LINE('',#10805,#2457);
#1630=LINE('',#10807,#2458);
#1631=LINE('',#10809,#2459);
#1632=LINE('',#10811,#2460);
#1633=LINE('',#10813,#2461);
#1634=LINE('',#10815,#2462);
#1635=LINE('',#10819,#2463);
#1636=LINE('',#10821,#2464);
#1637=LINE('',#10825,#2465);
#1638=LINE('',#10829,#2466);
#1639=LINE('',#10831,#2467);
#1640=LINE('',#10835,#2468);
#1641=LINE('',#10837,#2469);
#1642=LINE('',#10839,#2470);
#1643=LINE('',#10843,#2471);
#1644=LINE('',#10845,#2472);
#1645=LINE('',#10849,#2473);
#1646=LINE('',#10853,#2474);
#1647=LINE('',#10857,#2475);
#1648=LINE('',#10859,#2476);
#1649=LINE('',#10863,#2477);
#1650=LINE('',#10865,#2478);
#1651=LINE('',#10869,#2479);
#1652=LINE('',#10873,#2480);
#1653=LINE('',#10875,#2481);
#1654=LINE('',#10879,#2482);
#1655=LINE('',#10881,#2483);
#1656=LINE('',#10899,#2484);
#1657=LINE('',#10900,#2485);
#1658=LINE('',#10904,#2486);
#1659=LINE('',#10905,#2487);
#1660=LINE('',#10906,#2488);
#1661=LINE('',#10909,#2489);
#1662=LINE('',#10910,#2490);
#1663=LINE('',#10913,#2491);
#1664=LINE('',#10914,#2492);
#1665=LINE('',#10917,#2493);
#1666=LINE('',#10918,#2494);
#1667=LINE('',#10921,#2495);
#1668=LINE('',#10922,#2496);
#1669=LINE('',#10925,#2497);
#1670=LINE('',#10926,#2498);
#1671=LINE('',#10929,#2499);
#1672=LINE('',#10930,#2500);
#1673=LINE('',#10932,#2501);
#1674=LINE('',#10936,#2502);
#1675=LINE('',#10937,#2503);
#1676=LINE('',#10938,#2504);
#1677=LINE('',#10941,#2505);
#1678=LINE('',#10942,#2506);
#1679=LINE('',#10945,#2507);
#1680=LINE('',#10946,#2508);
#1681=LINE('',#10949,#2509);
#1682=LINE('',#10950,#2510);
#1683=LINE('',#10953,#2511);
#1684=LINE('',#10954,#2512);
#1685=LINE('',#10957,#2513);
#1686=LINE('',#10958,#2514);
#1687=LINE('',#10961,#2515);
#1688=LINE('',#10962,#2516);
#1689=LINE('',#10965,#2517);
#1690=LINE('',#10966,#2518);
#1691=LINE('',#10969,#2519);
#1692=LINE('',#10970,#2520);
#1693=LINE('',#10973,#2521);
#1694=LINE('',#10974,#2522);
#1695=LINE('',#10977,#2523);
#1696=LINE('',#10978,#2524);
#1697=LINE('',#10980,#2525);
#1698=LINE('',#10981,#2526);
#1699=LINE('',#10983,#2527);
#1700=LINE('',#10985,#2528);
#1701=LINE('',#10987,#2529);
#1702=LINE('',#10989,#2530);
#1703=LINE('',#10991,#2531);
#1704=LINE('',#10993,#2532);
#1705=LINE('',#10995,#2533);
#1706=LINE('',#10997,#2534);
#1707=LINE('',#10999,#2535);
#1708=LINE('',#11001,#2536);
#1709=LINE('',#11044,#2537);
#1710=LINE('',#11045,#2538);
#1711=LINE('',#11048,#2539);
#1712=LINE('',#11050,#2540);
#1713=LINE('',#11051,#2541);
#1714=LINE('',#11054,#2542);
#1715=LINE('',#11055,#2543);
#1716=LINE('',#11058,#2544);
#1717=LINE('',#11062,#2545);
#1718=LINE('',#11063,#2546);
#1719=LINE('',#11065,#2547);
#1720=LINE('',#11066,#2548);
#1721=LINE('',#11069,#2549);
#1722=LINE('',#11070,#2550);
#1723=LINE('',#11072,#2551);
#1724=LINE('',#11075,#2552);
#1725=LINE('',#11076,#2553);
#1726=LINE('',#11078,#2554);
#1727=LINE('',#11081,#2555);
#1728=LINE('',#11084,#2556);
#1729=LINE('',#11087,#2557);
#1730=LINE('',#11088,#2558);
#1731=LINE('',#11090,#2559);
#1732=LINE('',#11093,#2560);
#1733=LINE('',#11094,#2561);
#1734=LINE('',#11096,#2562);
#1735=LINE('',#11099,#2563);
#1736=LINE('',#11104,#2564);
#1737=LINE('',#11105,#2565);
#1738=LINE('',#11108,#2566);
#1739=LINE('',#11111,#2567);
#1740=LINE('',#11114,#2568);
#1741=LINE('',#11115,#2569);
#1742=LINE('',#11117,#2570);
#1743=LINE('',#11120,#2571);
#1744=LINE('',#11121,#2572);
#1745=LINE('',#11123,#2573);
#1746=LINE('',#11126,#2574);
#1747=LINE('',#11129,#2575);
#1748=LINE('',#11132,#2576);
#1749=LINE('',#11133,#2577);
#1750=LINE('',#11135,#2578);
#1751=LINE('',#11137,#2579);
#1752=LINE('',#11138,#2580);
#1753=LINE('',#11141,#2581);
#1754=LINE('',#11143,#2582);
#1755=LINE('',#11144,#2583);
#1756=LINE('',#11170,#2584);
#1757=LINE('',#11235,#2585);
#1758=LINE('',#11236,#2586);
#1759=LINE('',#11240,#2587);
#1760=LINE('',#11243,#2588);
#1761=LINE('',#11244,#2589);
#1762=LINE('',#11248,#2590);
#1763=LINE('',#11251,#2591);
#1764=LINE('',#11254,#2592);
#1765=LINE('',#11257,#2593);
#1766=LINE('',#11258,#2594);
#1767=LINE('',#11261,#2595);
#1768=LINE('',#11264,#2596);
#1769=LINE('',#11267,#2597);
#1770=LINE('',#11268,#2598);
#1771=LINE('',#11271,#2599);
#1772=LINE('',#11275,#2600);
#1773=LINE('',#11276,#2601);
#1774=LINE('',#11279,#2602);
#1775=LINE('',#11282,#2603);
#1776=LINE('',#11285,#2604);
#1777=LINE('',#11286,#2605);
#1778=LINE('',#11289,#2606);
#1779=LINE('',#11292,#2607);
#1780=LINE('',#11294,#2608);
#1781=LINE('',#11296,#2609);
#1782=LINE('',#11300,#2610);
#1783=LINE('',#11302,#2611);
#1784=LINE('',#11304,#2612);
#1785=LINE('',#11306,#2613);
#1786=LINE('',#11311,#2614);
#1787=LINE('',#11313,#2615);
#1788=LINE('',#11315,#2616);
#1789=LINE('',#11316,#2617);
#1790=LINE('',#11319,#2618);
#1791=LINE('',#11321,#2619);
#1792=LINE('',#11322,#2620);
#1793=LINE('',#11325,#2621);
#1794=LINE('',#11327,#2622);
#1795=LINE('',#11328,#2623);
#1796=LINE('',#11331,#2624);
#1797=LINE('',#11333,#2625);
#1798=LINE('',#11334,#2626);
#1799=LINE('',#11337,#2627);
#1800=LINE('',#11339,#2628);
#1801=LINE('',#11340,#2629);
#1802=LINE('',#11344,#2630);
#1803=LINE('',#11346,#2631);
#1804=LINE('',#11348,#2632);
#1805=LINE('',#11349,#2633);
#1806=LINE('',#11351,#2634);
#1807=LINE('',#11352,#2635);
#1808=LINE('',#11356,#2636);
#1809=LINE('',#11357,#2637);
#1810=LINE('',#11359,#2638);
#1811=LINE('',#11361,#2639);
#1812=LINE('',#11362,#2640);
#1813=LINE('',#11365,#2641);
#1814=LINE('',#11367,#2642);
#1815=LINE('',#11368,#2643);
#1816=LINE('',#11370,#2644);
#1817=LINE('',#11371,#2645);
#1818=LINE('',#11377,#2646);
#1819=LINE('',#11379,#2647);
#1820=LINE('',#11381,#2648);
#1821=LINE('',#11382,#2649);
#1822=LINE('',#11385,#2650);
#1823=LINE('',#11387,#2651);
#1824=LINE('',#11388,#2652);
#1825=LINE('',#11391,#2653);
#1826=LINE('',#11393,#2654);
#1827=LINE('',#11394,#2655);
#1828=LINE('',#11396,#2656);
#1829=LINE('',#11397,#2657);
#1830=LINE('',#11404,#2658);
#1831=LINE('',#11412,#2659);
#1832=LINE('',#11420,#2660);
#1833=LINE('',#11428,#2661);
#1834=VECTOR('',#7317,10.);
#1835=VECTOR('',#7318,10.);
#1836=VECTOR('',#7319,10.);
#1837=VECTOR('',#7320,10.);
#1838=VECTOR('',#7321,10.);
#1839=VECTOR('',#7322,10.);
#1840=VECTOR('',#7323,10.);
#1841=VECTOR('',#7324,10.);
#1842=VECTOR('',#7325,10.);
#1843=VECTOR('',#7326,10.);
#1844=VECTOR('',#7327,10.);
#1845=VECTOR('',#7328,10.);
#1846=VECTOR('',#7329,10.);
#1847=VECTOR('',#7330,10.);
#1848=VECTOR('',#7331,10.);
#1849=VECTOR('',#7332,10.);
#1850=VECTOR('',#7333,10.);
#1851=VECTOR('',#7334,10.);
#1852=VECTOR('',#7335,10.);
#1853=VECTOR('',#7336,10.);
#1854=VECTOR('',#7337,10.);
#1855=VECTOR('',#7338,10.);
#1856=VECTOR('',#7339,10.);
#1857=VECTOR('',#7340,10.);
#1858=VECTOR('',#7341,10.);
#1859=VECTOR('',#7342,10.);
#1860=VECTOR('',#7343,10.);
#1861=VECTOR('',#7344,10.);
#1862=VECTOR('',#7345,10.);
#1863=VECTOR('',#7346,10.);
#1864=VECTOR('',#7349,10.);
#1865=VECTOR('',#7350,10.);
#1866=VECTOR('',#7351,10.);
#1867=VECTOR('',#7352,10.);
#1868=VECTOR('',#7353,10.);
#1869=VECTOR('',#7354,10.);
#1870=VECTOR('',#7357,10.);
#1871=VECTOR('',#7358,10.);
#1872=VECTOR('',#7361,10.);
#1873=VECTOR('',#7362,10.);
#1874=VECTOR('',#7365,10.);
#1875=VECTOR('',#7370,10.);
#1876=VECTOR('',#7371,10.);
#1877=VECTOR('',#7372,10.);
#1878=VECTOR('',#7375,10.);
#1879=VECTOR('',#7376,10.);
#1880=VECTOR('',#7377,10.);
#1881=VECTOR('',#7380,10.);
#1882=VECTOR('',#7381,10.);
#1883=VECTOR('',#7382,10.);
#1884=VECTOR('',#7385,10.);
#1885=VECTOR('',#7386,10.);
#1886=VECTOR('',#7387,10.);
#1887=VECTOR('',#7390,10.);
#1888=VECTOR('',#7391,10.);
#1889=VECTOR('',#7392,10.);
#1890=VECTOR('',#7393,10.);
#1891=VECTOR('',#7394,10.);
#1892=VECTOR('',#7395,10.);
#1893=VECTOR('',#7396,10.);
#1894=VECTOR('',#7397,10.);
#1895=VECTOR('',#7398,10.);
#1896=VECTOR('',#7399,10.);
#1897=VECTOR('',#7400,10.);
#1898=VECTOR('',#7401,10.);
#1899=VECTOR('',#7402,10.);
#1900=VECTOR('',#7403,10.);
#1901=VECTOR('',#7404,10.);
#1902=VECTOR('',#7405,10.);
#1903=VECTOR('',#7406,10.);
#1904=VECTOR('',#7407,10.);
#1905=VECTOR('',#7408,10.);
#1906=VECTOR('',#7409,10.);
#1907=VECTOR('',#7410,10.);
#1908=VECTOR('',#7411,10.);
#1909=VECTOR('',#7412,10.);
#1910=VECTOR('',#7415,10.);
#1911=VECTOR('',#7416,10.);
#1912=VECTOR('',#7419,10.);
#1913=VECTOR('',#7422,10.);
#1914=VECTOR('',#7423,10.);
#1915=VECTOR('',#7426,10.);
#1916=VECTOR('',#7427,10.);
#1917=VECTOR('',#7428,10.);
#1918=VECTOR('',#7431,10.);
#1919=VECTOR('',#7432,10.);
#1920=VECTOR('',#7435,10.);
#1921=VECTOR('',#7438,10.);
#1922=VECTOR('',#7441,10.);
#1923=VECTOR('',#7442,10.);
#1924=VECTOR('',#7445,10.);
#1925=VECTOR('',#7446,10.);
#1926=VECTOR('',#7449,10.);
#1927=VECTOR('',#7452,10.);
#1928=VECTOR('',#7453,10.);
#1929=VECTOR('',#7456,10.);
#1930=VECTOR('',#7457,10.);
#1931=VECTOR('',#7458,10.);
#1932=VECTOR('',#7459,10.);
#1933=VECTOR('',#7462,10.);
#1934=VECTOR('',#7463,10.);
#1935=VECTOR('',#7464,10.);
#1936=VECTOR('',#7467,10.);
#1937=VECTOR('',#7468,10.);
#1938=VECTOR('',#7471,10.);
#1939=VECTOR('',#7472,10.);
#1940=VECTOR('',#7475,10.);
#1941=VECTOR('',#7476,10.);
#1942=VECTOR('',#7479,10.);
#1943=VECTOR('',#7480,10.);
#1944=VECTOR('',#7483,10.);
#1945=VECTOR('',#7484,10.);
#1946=VECTOR('',#7487,10.);
#1947=VECTOR('',#7488,10.);
#1948=VECTOR('',#7491,10.);
#1949=VECTOR('',#7494,10.);
#1950=VECTOR('',#7495,10.);
#1951=VECTOR('',#7496,10.);
#1952=VECTOR('',#7499,10.);
#1953=VECTOR('',#7500,10.);
#1954=VECTOR('',#7503,10.);
#1955=VECTOR('',#7504,10.);
#1956=VECTOR('',#7507,10.);
#1957=VECTOR('',#7508,10.);
#1958=VECTOR('',#7511,10.);
#1959=VECTOR('',#7512,10.);
#1960=VECTOR('',#7515,10.);
#1961=VECTOR('',#7516,10.);
#1962=VECTOR('',#7519,10.);
#1963=VECTOR('',#7520,10.);
#1964=VECTOR('',#7523,10.);
#1965=VECTOR('',#7524,10.);
#1966=VECTOR('',#7527,10.);
#1967=VECTOR('',#7528,10.);
#1968=VECTOR('',#7531,10.);
#1969=VECTOR('',#7532,10.);
#1970=VECTOR('',#7535,10.);
#1971=VECTOR('',#7536,10.);
#1972=VECTOR('',#7539,10.);
#1973=VECTOR('',#7540,10.);
#1974=VECTOR('',#7543,10.);
#1975=VECTOR('',#7546,10.);
#1976=VECTOR('',#7549,10.);
#1977=VECTOR('',#7552,10.);
#1978=VECTOR('',#7555,10.);
#1979=VECTOR('',#7558,10.);
#1980=VECTOR('',#7561,10.);
#1981=VECTOR('',#7564,10.);
#1982=VECTOR('',#7567,10.);
#1983=VECTOR('',#7570,10.);
#1984=VECTOR('',#7571,10.);
#1985=VECTOR('',#7572,10.);
#1986=VECTOR('',#7575,10.);
#1987=VECTOR('',#7576,10.);
#1988=VECTOR('',#7577,10.);
#1989=VECTOR('',#7580,10.);
#1990=VECTOR('',#7581,10.);
#1991=VECTOR('',#7584,10.);
#1992=VECTOR('',#7589,10.);
#1993=VECTOR('',#7590,10.);
#1994=VECTOR('',#7593,10.);
#1995=VECTOR('',#7594,10.);
#1996=VECTOR('',#7597,10.);
#1997=VECTOR('',#7598,10.);
#1998=VECTOR('',#7601,10.);
#1999=VECTOR('',#7604,10.);
#2000=VECTOR('',#7605,10.);
#2001=VECTOR('',#7608,10.);
#2002=VECTOR('',#7611,10.);
#2003=VECTOR('',#7616,10.);
#2004=VECTOR('',#7619,10.);
#2005=VECTOR('',#7620,10.);
#2006=VECTOR('',#7623,10.);
#2007=VECTOR('',#7626,10.);
#2008=VECTOR('',#7627,10.);
#2009=VECTOR('',#7630,10.);
#2010=VECTOR('',#7633,10.);
#2011=VECTOR('',#7640,10.);
#2012=VECTOR('',#7641,10.);
#2013=VECTOR('',#7644,10.);
#2014=VECTOR('',#7649,10.);
#2015=VECTOR('',#7652,10.);
#2016=VECTOR('',#7653,10.);
#2017=VECTOR('',#7656,10.);
#2018=VECTOR('',#7659,10.);
#2019=VECTOR('',#7660,10.);
#2020=VECTOR('',#7663,10.);
#2021=VECTOR('',#7666,10.);
#2022=VECTOR('',#7671,10.);
#2023=VECTOR('',#7674,10.);
#2024=VECTOR('',#7675,10.);
#2025=VECTOR('',#7678,10.);
#2026=VECTOR('',#7679,10.);
#2027=VECTOR('',#7680,10.);
#2028=VECTOR('',#7683,10.);
#2029=VECTOR('',#7684,10.);
#2030=VECTOR('',#7685,10.);
#2031=VECTOR('',#7686,10.);
#2032=VECTOR('',#7689,10.);
#2033=VECTOR('',#7690,10.);
#2034=VECTOR('',#7695,10.);
#2035=VECTOR('',#7698,10.);
#2036=VECTOR('',#7699,10.);
#2037=VECTOR('',#7704,10.);
#2038=VECTOR('',#7707,10.);
#2039=VECTOR('',#7710,10.);
#2040=VECTOR('',#7713,10.);
#2041=VECTOR('',#7714,10.);
#2042=VECTOR('',#7717,10.);
#2043=VECTOR('',#7720,10.);
#2044=VECTOR('',#7723,10.);
#2045=VECTOR('',#7724,10.);
#2046=VECTOR('',#7727,10.);
#2047=VECTOR('',#7732,10.);
#2048=VECTOR('',#7733,10.);
#2049=VECTOR('',#7736,10.);
#2050=VECTOR('',#7739,10.);
#2051=VECTOR('',#7742,10.);
#2052=VECTOR('',#7743,10.);
#2053=VECTOR('',#7746,10.);
#2054=VECTOR('',#7749,10.);
#2055=VECTOR('',#7752,10.);
#2056=VECTOR('',#7755,10.);
#2057=VECTOR('',#7762,10.);
#2058=VECTOR('',#7765,10.);
#2059=VECTOR('',#7768,10.);
#2060=VECTOR('',#7771,10.);
#2061=VECTOR('',#7776,10.);
#2062=VECTOR('',#7777,10.);
#2063=VECTOR('',#7778,10.);
#2064=VECTOR('',#7779,10.);
#2065=VECTOR('',#7782,10.);
#2066=VECTOR('',#7783,10.);
#2067=VECTOR('',#7784,10.);
#2068=VECTOR('',#7787,10.);
#2069=VECTOR('',#7788,10.);
#2070=VECTOR('',#7789,10.);
#2071=VECTOR('',#7792,10.);
#2072=VECTOR('',#7793,10.);
#2073=VECTOR('',#7794,10.);
#2074=VECTOR('',#7797,10.);
#2075=VECTOR('',#7798,10.);
#2076=VECTOR('',#7799,10.);
#2077=VECTOR('',#7802,10.);
#2078=VECTOR('',#7803,10.);
#2079=VECTOR('',#7804,10.);
#2080=VECTOR('',#7805,10.);
#2081=VECTOR('',#7808,10.);
#2082=VECTOR('',#7809,10.);
#2083=VECTOR('',#7812,10.);
#2084=VECTOR('',#7813,10.);
#2085=VECTOR('',#7814,10.);
#2086=VECTOR('',#7815,10.);
#2087=VECTOR('',#7816,10.);
#2088=VECTOR('',#7819,10.);
#2089=VECTOR('',#7820,10.);
#2090=VECTOR('',#7821,10.);
#2091=VECTOR('',#7824,10.);
#2092=VECTOR('',#7825,10.);
#2093=VECTOR('',#7832,10.);
#2094=VECTOR('',#7833,10.);
#2095=VECTOR('',#7834,10.);
#2096=VECTOR('',#7835,10.);
#2097=VECTOR('',#7838,10.);
#2098=VECTOR('',#7839,10.);
#2099=VECTOR('',#7840,10.);
#2100=VECTOR('',#7843,10.);
#2101=VECTOR('',#7844,10.);
#2102=VECTOR('',#7845,10.);
#2103=VECTOR('',#7848,10.);
#2104=VECTOR('',#7849,10.);
#2105=VECTOR('',#7858,0.990000000000002);
#2106=VECTOR('',#7869,0.990000000000002);
#2107=VECTOR('',#7880,0.989999999999993);
#2108=VECTOR('',#7891,0.989949471534071);
#2109=VECTOR('',#7902,0.989949471534071);
#2110=VECTOR('',#7913,0.989949471534071);
#2111=VECTOR('',#7922,10.);
#2112=VECTOR('',#7923,10.);
#2113=VECTOR('',#7924,10.);
#2114=VECTOR('',#7925,10.);
#2115=VECTOR('',#7926,10.);
#2116=VECTOR('',#7927,10.);
#2117=VECTOR('',#7928,10.);
#2118=VECTOR('',#7929,10.);
#2119=VECTOR('',#7930,10.);
#2120=VECTOR('',#7931,10.);
#2121=VECTOR('',#7932,10.);
#2122=VECTOR('',#7933,10.);
#2123=VECTOR('',#7934,10.);
#2124=VECTOR('',#7935,10.);
#2125=VECTOR('',#7936,10.);
#2126=VECTOR('',#7937,10.);
#2127=VECTOR('',#7938,10.);
#2128=VECTOR('',#7939,10.);
#2129=VECTOR('',#7940,10.);
#2130=VECTOR('',#7941,10.);
#2131=VECTOR('',#7942,10.);
#2132=VECTOR('',#7943,10.);
#2133=VECTOR('',#7944,10.);
#2134=VECTOR('',#7945,10.);
#2135=VECTOR('',#7946,10.);
#2136=VECTOR('',#7947,10.);
#2137=VECTOR('',#7948,10.);
#2138=VECTOR('',#7949,10.);
#2139=VECTOR('',#7950,10.);
#2140=VECTOR('',#7951,10.);
#2141=VECTOR('',#7954,10.);
#2142=VECTOR('',#7955,10.);
#2143=VECTOR('',#7956,10.);
#2144=VECTOR('',#7957,10.);
#2145=VECTOR('',#7958,10.);
#2146=VECTOR('',#7959,10.);
#2147=VECTOR('',#7962,10.);
#2148=VECTOR('',#7963,10.);
#2149=VECTOR('',#7966,10.);
#2150=VECTOR('',#7967,10.);
#2151=VECTOR('',#7970,10.);
#2152=VECTOR('',#7975,10.);
#2153=VECTOR('',#7976,10.);
#2154=VECTOR('',#7977,10.);
#2155=VECTOR('',#7980,10.);
#2156=VECTOR('',#7981,10.);
#2157=VECTOR('',#7982,10.);
#2158=VECTOR('',#7985,10.);
#2159=VECTOR('',#7986,10.);
#2160=VECTOR('',#7987,10.);
#2161=VECTOR('',#7990,10.);
#2162=VECTOR('',#7991,10.);
#2163=VECTOR('',#7992,10.);
#2164=VECTOR('',#7995,10.);
#2165=VECTOR('',#7996,10.);
#2166=VECTOR('',#7997,10.);
#2167=VECTOR('',#7998,10.);
#2168=VECTOR('',#7999,10.);
#2169=VECTOR('',#8000,10.);
#2170=VECTOR('',#8001,10.);
#2171=VECTOR('',#8002,10.);
#2172=VECTOR('',#8003,10.);
#2173=VECTOR('',#8004,10.);
#2174=VECTOR('',#8005,10.);
#2175=VECTOR('',#8006,10.);
#2176=VECTOR('',#8007,10.);
#2177=VECTOR('',#8008,10.);
#2178=VECTOR('',#8009,10.);
#2179=VECTOR('',#8010,10.);
#2180=VECTOR('',#8011,10.);
#2181=VECTOR('',#8012,10.);
#2182=VECTOR('',#8013,10.);
#2183=VECTOR('',#8014,10.);
#2184=VECTOR('',#8015,10.);
#2185=VECTOR('',#8016,10.);
#2186=VECTOR('',#8017,10.);
#2187=VECTOR('',#8020,10.);
#2188=VECTOR('',#8021,10.);
#2189=VECTOR('',#8024,10.);
#2190=VECTOR('',#8027,10.);
#2191=VECTOR('',#8028,10.);
#2192=VECTOR('',#8031,10.);
#2193=VECTOR('',#8032,10.);
#2194=VECTOR('',#8033,10.);
#2195=VECTOR('',#8036,10.);
#2196=VECTOR('',#8037,10.);
#2197=VECTOR('',#8040,10.);
#2198=VECTOR('',#8043,10.);
#2199=VECTOR('',#8046,10.);
#2200=VECTOR('',#8047,10.);
#2201=VECTOR('',#8050,10.);
#2202=VECTOR('',#8051,10.);
#2203=VECTOR('',#8054,10.);
#2204=VECTOR('',#8057,10.);
#2205=VECTOR('',#8058,10.);
#2206=VECTOR('',#8061,10.);
#2207=VECTOR('',#8062,10.);
#2208=VECTOR('',#8063,10.);
#2209=VECTOR('',#8064,10.);
#2210=VECTOR('',#8067,10.);
#2211=VECTOR('',#8068,10.);
#2212=VECTOR('',#8069,10.);
#2213=VECTOR('',#8072,10.);
#2214=VECTOR('',#8073,10.);
#2215=VECTOR('',#8076,10.);
#2216=VECTOR('',#8077,10.);
#2217=VECTOR('',#8080,10.);
#2218=VECTOR('',#8081,10.);
#2219=VECTOR('',#8084,10.);
#2220=VECTOR('',#8085,10.);
#2221=VECTOR('',#8088,10.);
#2222=VECTOR('',#8089,10.);
#2223=VECTOR('',#8092,10.);
#2224=VECTOR('',#8093,10.);
#2225=VECTOR('',#8096,10.);
#2226=VECTOR('',#8099,10.);
#2227=VECTOR('',#8100,10.);
#2228=VECTOR('',#8101,10.);
#2229=VECTOR('',#8104,10.);
#2230=VECTOR('',#8105,10.);
#2231=VECTOR('',#8108,10.);
#2232=VECTOR('',#8109,10.);
#2233=VECTOR('',#8112,10.);
#2234=VECTOR('',#8113,10.);
#2235=VECTOR('',#8116,10.);
#2236=VECTOR('',#8117,10.);
#2237=VECTOR('',#8120,10.);
#2238=VECTOR('',#8121,10.);
#2239=VECTOR('',#8124,10.);
#2240=VECTOR('',#8125,10.);
#2241=VECTOR('',#8128,10.);
#2242=VECTOR('',#8129,10.);
#2243=VECTOR('',#8132,10.);
#2244=VECTOR('',#8133,10.);
#2245=VECTOR('',#8136,10.);
#2246=VECTOR('',#8137,10.);
#2247=VECTOR('',#8140,10.);
#2248=VECTOR('',#8141,10.);
#2249=VECTOR('',#8144,10.);
#2250=VECTOR('',#8145,10.);
#2251=VECTOR('',#8148,10.);
#2252=VECTOR('',#8151,10.);
#2253=VECTOR('',#8154,10.);
#2254=VECTOR('',#8157,10.);
#2255=VECTOR('',#8160,10.);
#2256=VECTOR('',#8163,10.);
#2257=VECTOR('',#8166,10.);
#2258=VECTOR('',#8169,10.);
#2259=VECTOR('',#8172,10.);
#2260=VECTOR('',#8175,10.);
#2261=VECTOR('',#8176,10.);
#2262=VECTOR('',#8177,10.);
#2263=VECTOR('',#8180,10.);
#2264=VECTOR('',#8181,10.);
#2265=VECTOR('',#8182,10.);
#2266=VECTOR('',#8185,10.);
#2267=VECTOR('',#8186,10.);
#2268=VECTOR('',#8189,10.);
#2269=VECTOR('',#8194,10.);
#2270=VECTOR('',#8195,10.);
#2271=VECTOR('',#8198,10.);
#2272=VECTOR('',#8199,10.);
#2273=VECTOR('',#8202,10.);
#2274=VECTOR('',#8203,10.);
#2275=VECTOR('',#8206,10.);
#2276=VECTOR('',#8209,10.);
#2277=VECTOR('',#8210,10.);
#2278=VECTOR('',#8213,10.);
#2279=VECTOR('',#8216,10.);
#2280=VECTOR('',#8221,10.);
#2281=VECTOR('',#8224,10.);
#2282=VECTOR('',#8225,10.);
#2283=VECTOR('',#8228,10.);
#2284=VECTOR('',#8231,10.);
#2285=VECTOR('',#8232,10.);
#2286=VECTOR('',#8235,10.);
#2287=VECTOR('',#8238,10.);
#2288=VECTOR('',#8245,10.);
#2289=VECTOR('',#8246,10.);
#2290=VECTOR('',#8249,10.);
#2291=VECTOR('',#8254,10.);
#2292=VECTOR('',#8257,10.);
#2293=VECTOR('',#8258,10.);
#2294=VECTOR('',#8261,10.);
#2295=VECTOR('',#8264,10.);
#2296=VECTOR('',#8265,10.);
#2297=VECTOR('',#8268,10.);
#2298=VECTOR('',#8271,10.);
#2299=VECTOR('',#8276,10.);
#2300=VECTOR('',#8279,10.);
#2301=VECTOR('',#8280,10.);
#2302=VECTOR('',#8283,10.);
#2303=VECTOR('',#8284,10.);
#2304=VECTOR('',#8285,10.);
#2305=VECTOR('',#8288,10.);
#2306=VECTOR('',#8289,10.);
#2307=VECTOR('',#8290,10.);
#2308=VECTOR('',#8291,10.);
#2309=VECTOR('',#8294,10.);
#2310=VECTOR('',#8295,10.);
#2311=VECTOR('',#8300,10.);
#2312=VECTOR('',#8303,10.);
#2313=VECTOR('',#8304,10.);
#2314=VECTOR('',#8309,10.);
#2315=VECTOR('',#8312,10.);
#2316=VECTOR('',#8315,10.);
#2317=VECTOR('',#8318,10.);
#2318=VECTOR('',#8319,10.);
#2319=VECTOR('',#8322,10.);
#2320=VECTOR('',#8325,10.);
#2321=VECTOR('',#8328,10.);
#2322=VECTOR('',#8329,10.);
#2323=VECTOR('',#8332,10.);
#2324=VECTOR('',#8337,10.);
#2325=VECTOR('',#8338,10.);
#2326=VECTOR('',#8341,10.);
#2327=VECTOR('',#8344,10.);
#2328=VECTOR('',#8347,10.);
#2329=VECTOR('',#8348,10.);
#2330=VECTOR('',#8351,10.);
#2331=VECTOR('',#8354,10.);
#2332=VECTOR('',#8357,10.);
#2333=VECTOR('',#8360,10.);
#2334=VECTOR('',#8367,10.);
#2335=VECTOR('',#8370,10.);
#2336=VECTOR('',#8373,10.);
#2337=VECTOR('',#8376,10.);
#2338=VECTOR('',#8381,10.);
#2339=VECTOR('',#8382,10.);
#2340=VECTOR('',#8383,10.);
#2341=VECTOR('',#8384,10.);
#2342=VECTOR('',#8387,10.);
#2343=VECTOR('',#8388,10.);
#2344=VECTOR('',#8389,10.);
#2345=VECTOR('',#8392,10.);
#2346=VECTOR('',#8393,10.);
#2347=VECTOR('',#8394,10.);
#2348=VECTOR('',#8397,10.);
#2349=VECTOR('',#8398,10.);
#2350=VECTOR('',#8399,10.);
#2351=VECTOR('',#8402,10.);
#2352=VECTOR('',#8403,10.);
#2353=VECTOR('',#8404,10.);
#2354=VECTOR('',#8407,10.);
#2355=VECTOR('',#8408,10.);
#2356=VECTOR('',#8409,10.);
#2357=VECTOR('',#8410,10.);
#2358=VECTOR('',#8413,10.);
#2359=VECTOR('',#8414,10.);
#2360=VECTOR('',#8417,10.);
#2361=VECTOR('',#8418,10.);
#2362=VECTOR('',#8419,10.);
#2363=VECTOR('',#8420,10.);
#2364=VECTOR('',#8421,10.);
#2365=VECTOR('',#8424,10.);
#2366=VECTOR('',#8425,10.);
#2367=VECTOR('',#8426,10.);
#2368=VECTOR('',#8429,10.);
#2369=VECTOR('',#8430,10.);
#2370=VECTOR('',#8437,10.);
#2371=VECTOR('',#8438,10.);
#2372=VECTOR('',#8439,10.);
#2373=VECTOR('',#8440,10.);
#2374=VECTOR('',#8443,10.);
#2375=VECTOR('',#8444,10.);
#2376=VECTOR('',#8445,10.);
#2377=VECTOR('',#8448,10.);
#2378=VECTOR('',#8449,10.);
#2379=VECTOR('',#8450,10.);
#2380=VECTOR('',#8453,10.);
#2381=VECTOR('',#8454,10.);
#2382=VECTOR('',#8463,0.989949471534071);
#2383=VECTOR('',#8474,0.989999999999993);
#2384=VECTOR('',#8485,0.990000000000002);
#2385=VECTOR('',#8496,0.990000000000002);
#2386=VECTOR('',#8507,0.989949471534071);
#2387=VECTOR('',#8516,10.);
#2388=VECTOR('',#8517,10.);
#2389=VECTOR('',#8518,10.);
#2390=VECTOR('',#8519,10.);
#2391=VECTOR('',#8520,10.);
#2392=VECTOR('',#8521,10.);
#2393=VECTOR('',#8522,10.);
#2394=VECTOR('',#8523,10.);
#2395=VECTOR('',#8524,10.);
#2396=VECTOR('',#8525,10.);
#2397=VECTOR('',#8526,10.);
#2398=VECTOR('',#8527,10.);
#2399=VECTOR('',#8528,10.);
#2400=VECTOR('',#8529,10.);
#2401=VECTOR('',#8530,10.);
#2402=VECTOR('',#8531,10.);
#2403=VECTOR('',#8532,10.);
#2404=VECTOR('',#8533,10.);
#2405=VECTOR('',#8534,10.);
#2406=VECTOR('',#8535,10.);
#2407=VECTOR('',#8536,10.);
#2408=VECTOR('',#8537,10.);
#2409=VECTOR('',#8538,10.);
#2410=VECTOR('',#8539,10.);
#2411=VECTOR('',#8540,10.);
#2412=VECTOR('',#8541,10.);
#2413=VECTOR('',#8542,10.);
#2414=VECTOR('',#8543,10.);
#2415=VECTOR('',#8544,10.);
#2416=VECTOR('',#8545,10.);
#2417=VECTOR('',#8548,10.);
#2418=VECTOR('',#8549,10.);
#2419=VECTOR('',#8550,10.);
#2420=VECTOR('',#8551,10.);
#2421=VECTOR('',#8552,10.);
#2422=VECTOR('',#8553,10.);
#2423=VECTOR('',#8556,10.);
#2424=VECTOR('',#8557,10.);
#2425=VECTOR('',#8560,10.);
#2426=VECTOR('',#8561,10.);
#2427=VECTOR('',#8564,10.);
#2428=VECTOR('',#8569,10.);
#2429=VECTOR('',#8570,10.);
#2430=VECTOR('',#8571,10.);
#2431=VECTOR('',#8574,10.);
#2432=VECTOR('',#8575,10.);
#2433=VECTOR('',#8576,10.);
#2434=VECTOR('',#8579,10.);
#2435=VECTOR('',#8580,10.);
#2436=VECTOR('',#8581,10.);
#2437=VECTOR('',#8584,10.);
#2438=VECTOR('',#8585,10.);
#2439=VECTOR('',#8586,10.);
#2440=VECTOR('',#8589,10.);
#2441=VECTOR('',#8590,10.);
#2442=VECTOR('',#8591,10.);
#2443=VECTOR('',#8592,10.);
#2444=VECTOR('',#8593,10.);
#2445=VECTOR('',#8594,10.);
#2446=VECTOR('',#8595,10.);
#2447=VECTOR('',#8596,10.);
#2448=VECTOR('',#8597,10.);
#2449=VECTOR('',#8598,10.);
#2450=VECTOR('',#8599,10.);
#2451=VECTOR('',#8600,10.);
#2452=VECTOR('',#8601,10.);
#2453=VECTOR('',#8602,10.);
#2454=VECTOR('',#8603,10.);
#2455=VECTOR('',#8604,10.);
#2456=VECTOR('',#8605,10.);
#2457=VECTOR('',#8606,10.);
#2458=VECTOR('',#8607,10.);
#2459=VECTOR('',#8608,10.);
#2460=VECTOR('',#8609,10.);
#2461=VECTOR('',#8610,10.);
#2462=VECTOR('',#8611,10.);
#2463=VECTOR('',#8614,10.);
#2464=VECTOR('',#8615,10.);
#2465=VECTOR('',#8618,10.);
#2466=VECTOR('',#8621,10.);
#2467=VECTOR('',#8622,10.);
#2468=VECTOR('',#8625,10.);
#2469=VECTOR('',#8626,10.);
#2470=VECTOR('',#8627,10.);
#2471=VECTOR('',#8630,10.);
#2472=VECTOR('',#8631,10.);
#2473=VECTOR('',#8634,10.);
#2474=VECTOR('',#8637,10.);
#2475=VECTOR('',#8640,10.);
#2476=VECTOR('',#8641,10.);
#2477=VECTOR('',#8644,10.);
#2478=VECTOR('',#8645,10.);
#2479=VECTOR('',#8648,10.);
#2480=VECTOR('',#8651,10.);
#2481=VECTOR('',#8652,10.);
#2482=VECTOR('',#8655,10.);
#2483=VECTOR('',#8656,10.);
#2484=VECTOR('',#8657,10.);
#2485=VECTOR('',#8658,10.);
#2486=VECTOR('',#8661,10.);
#2487=VECTOR('',#8662,10.);
#2488=VECTOR('',#8663,10.);
#2489=VECTOR('',#8666,10.);
#2490=VECTOR('',#8667,10.);
#2491=VECTOR('',#8670,10.);
#2492=VECTOR('',#8671,10.);
#2493=VECTOR('',#8674,10.);
#2494=VECTOR('',#8675,10.);
#2495=VECTOR('',#8678,10.);
#2496=VECTOR('',#8679,10.);
#2497=VECTOR('',#8682,10.);
#2498=VECTOR('',#8683,10.);
#2499=VECTOR('',#8686,10.);
#2500=VECTOR('',#8687,10.);
#2501=VECTOR('',#8690,10.);
#2502=VECTOR('',#8693,10.);
#2503=VECTOR('',#8694,10.);
#2504=VECTOR('',#8695,10.);
#2505=VECTOR('',#8698,10.);
#2506=VECTOR('',#8699,10.);
#2507=VECTOR('',#8702,10.);
#2508=VECTOR('',#8703,10.);
#2509=VECTOR('',#8706,10.);
#2510=VECTOR('',#8707,10.);
#2511=VECTOR('',#8710,10.);
#2512=VECTOR('',#8711,10.);
#2513=VECTOR('',#8714,10.);
#2514=VECTOR('',#8715,10.);
#2515=VECTOR('',#8718,10.);
#2516=VECTOR('',#8719,10.);
#2517=VECTOR('',#8722,10.);
#2518=VECTOR('',#8723,10.);
#2519=VECTOR('',#8726,10.);
#2520=VECTOR('',#8727,10.);
#2521=VECTOR('',#8730,10.);
#2522=VECTOR('',#8731,10.);
#2523=VECTOR('',#8734,10.);
#2524=VECTOR('',#8735,10.);
#2525=VECTOR('',#8738,10.);
#2526=VECTOR('',#8739,10.);
#2527=VECTOR('',#8742,10.);
#2528=VECTOR('',#8745,10.);
#2529=VECTOR('',#8748,10.);
#2530=VECTOR('',#8751,10.);
#2531=VECTOR('',#8754,10.);
#2532=VECTOR('',#8757,10.);
#2533=VECTOR('',#8760,10.);
#2534=VECTOR('',#8763,10.);
#2535=VECTOR('',#8766,10.);
#2536=VECTOR('',#8769,10.);
#2537=VECTOR('',#8770,10.);
#2538=VECTOR('',#8771,10.);
#2539=VECTOR('',#8774,10.);
#2540=VECTOR('',#8775,10.);
#2541=VECTOR('',#8776,10.);
#2542=VECTOR('',#8779,10.);
#2543=VECTOR('',#8780,10.);
#2544=VECTOR('',#8783,10.);
#2545=VECTOR('',#8788,10.);
#2546=VECTOR('',#8789,10.);
#2547=VECTOR('',#8792,10.);
#2548=VECTOR('',#8793,10.);
#2549=VECTOR('',#8796,10.);
#2550=VECTOR('',#8797,10.);
#2551=VECTOR('',#8800,10.);
#2552=VECTOR('',#8803,10.);
#2553=VECTOR('',#8804,10.);
#2554=VECTOR('',#8807,10.);
#2555=VECTOR('',#8810,10.);
#2556=VECTOR('',#8815,10.);
#2557=VECTOR('',#8818,10.);
#2558=VECTOR('',#8819,10.);
#2559=VECTOR('',#8822,10.);
#2560=VECTOR('',#8825,10.);
#2561=VECTOR('',#8826,10.);
#2562=VECTOR('',#8829,10.);
#2563=VECTOR('',#8832,10.);
#2564=VECTOR('',#8839,10.);
#2565=VECTOR('',#8840,10.);
#2566=VECTOR('',#8843,10.);
#2567=VECTOR('',#8848,10.);
#2568=VECTOR('',#8851,10.);
#2569=VECTOR('',#8852,10.);
#2570=VECTOR('',#8855,10.);
#2571=VECTOR('',#8858,10.);
#2572=VECTOR('',#8859,10.);
#2573=VECTOR('',#8862,10.);
#2574=VECTOR('',#8865,10.);
#2575=VECTOR('',#8870,10.);
#2576=VECTOR('',#8873,10.);
#2577=VECTOR('',#8874,10.);
#2578=VECTOR('',#8877,10.);
#2579=VECTOR('',#8878,10.);
#2580=VECTOR('',#8879,10.);
#2581=VECTOR('',#8882,10.);
#2582=VECTOR('',#8883,10.);
#2583=VECTOR('',#8884,10.);
#2584=VECTOR('',#8885,10.);
#2585=VECTOR('',#8888,10.);
#2586=VECTOR('',#8889,10.);
#2587=VECTOR('',#8894,10.);
#2588=VECTOR('',#8897,10.);
#2589=VECTOR('',#8898,10.);
#2590=VECTOR('',#8903,10.);
#2591=VECTOR('',#8906,10.);
#2592=VECTOR('',#8909,10.);
#2593=VECTOR('',#8912,10.);
#2594=VECTOR('',#8913,10.);
#2595=VECTOR('',#8916,10.);
#2596=VECTOR('',#8919,10.);
#2597=VECTOR('',#8922,10.);
#2598=VECTOR('',#8923,10.);
#2599=VECTOR('',#8926,10.);
#2600=VECTOR('',#8931,10.);
#2601=VECTOR('',#8932,10.);
#2602=VECTOR('',#8935,10.);
#2603=VECTOR('',#8938,10.);
#2604=VECTOR('',#8941,10.);
#2605=VECTOR('',#8942,10.);
#2606=VECTOR('',#8945,10.);
#2607=VECTOR('',#8948,10.);
#2608=VECTOR('',#8951,10.);
#2609=VECTOR('',#8954,10.);
#2610=VECTOR('',#8961,10.);
#2611=VECTOR('',#8964,10.);
#2612=VECTOR('',#8967,10.);
#2613=VECTOR('',#8970,10.);
#2614=VECTOR('',#8975,10.);
#2615=VECTOR('',#8976,10.);
#2616=VECTOR('',#8977,10.);
#2617=VECTOR('',#8978,10.);
#2618=VECTOR('',#8981,10.);
#2619=VECTOR('',#8982,10.);
#2620=VECTOR('',#8983,10.);
#2621=VECTOR('',#8986,10.);
#2622=VECTOR('',#8987,10.);
#2623=VECTOR('',#8988,10.);
#2624=VECTOR('',#8991,10.);
#2625=VECTOR('',#8992,10.);
#2626=VECTOR('',#8993,10.);
#2627=VECTOR('',#8996,10.);
#2628=VECTOR('',#8997,10.);
#2629=VECTOR('',#8998,10.);
#2630=VECTOR('',#9001,10.);
#2631=VECTOR('',#9002,10.);
#2632=VECTOR('',#9003,10.);
#2633=VECTOR('',#9004,10.);
#2634=VECTOR('',#9007,10.);
#2635=VECTOR('',#9008,10.);
#2636=VECTOR('',#9011,10.);
#2637=VECTOR('',#9012,10.);
#2638=VECTOR('',#9013,10.);
#2639=VECTOR('',#9014,10.);
#2640=VECTOR('',#9015,10.);
#2641=VECTOR('',#9018,10.);
#2642=VECTOR('',#9019,10.);
#2643=VECTOR('',#9020,10.);
#2644=VECTOR('',#9023,10.);
#2645=VECTOR('',#9024,10.);
#2646=VECTOR('',#9031,10.);
#2647=VECTOR('',#9032,10.);
#2648=VECTOR('',#9033,10.);
#2649=VECTOR('',#9034,10.);
#2650=VECTOR('',#9037,10.);
#2651=VECTOR('',#9038,10.);
#2652=VECTOR('',#9039,10.);
#2653=VECTOR('',#9042,10.);
#2654=VECTOR('',#9043,10.);
#2655=VECTOR('',#9044,10.);
#2656=VECTOR('',#9047,10.);
#2657=VECTOR('',#9048,10.);
#2658=VECTOR('',#9057,0.989949471534071);
#2659=VECTOR('',#9068,0.989999999999993);
#2660=VECTOR('',#9079,0.990000000000002);
#2661=VECTOR('',#9090,0.990000000000002);
#2662=VERTEX_POINT('',#9099);
#2663=VERTEX_POINT('',#9100);
#2664=VERTEX_POINT('',#9102);
#2665=VERTEX_POINT('',#9104);
#2666=VERTEX_POINT('',#9106);
#2667=VERTEX_POINT('',#9108);
#2668=VERTEX_POINT('',#9110);
#2669=VERTEX_POINT('',#9112);
#2670=VERTEX_POINT('',#9114);
#2671=VERTEX_POINT('',#9116);
#2672=VERTEX_POINT('',#9118);
#2673=VERTEX_POINT('',#9120);
#2674=VERTEX_POINT('',#9122);
#2675=VERTEX_POINT('',#9124);
#2676=VERTEX_POINT('',#9126);
#2677=VERTEX_POINT('',#9128);
#2678=VERTEX_POINT('',#9130);
#2679=VERTEX_POINT('',#9132);
#2680=VERTEX_POINT('',#9134);
#2681=VERTEX_POINT('',#9136);
#2682=VERTEX_POINT('',#9138);
#2683=VERTEX_POINT('',#9140);
#2684=VERTEX_POINT('',#9142);
#2685=VERTEX_POINT('',#9144);
#2686=VERTEX_POINT('',#9146);
#2687=VERTEX_POINT('',#9148);
#2688=VERTEX_POINT('',#9150);
#2689=VERTEX_POINT('',#9152);
#2690=VERTEX_POINT('',#9154);
#2691=VERTEX_POINT('',#9156);
#2692=VERTEX_POINT('',#9160);
#2693=VERTEX_POINT('',#9162);
#2694=VERTEX_POINT('',#9165);
#2695=VERTEX_POINT('',#9167);
#2696=VERTEX_POINT('',#9171);
#2697=VERTEX_POINT('',#9175);
#2698=VERTEX_POINT('',#9182);
#2699=VERTEX_POINT('',#9184);
#2700=VERTEX_POINT('',#9188);
#2701=VERTEX_POINT('',#9190);
#2702=VERTEX_POINT('',#9194);
#2703=VERTEX_POINT('',#9196);
#2704=VERTEX_POINT('',#9200);
#2705=VERTEX_POINT('',#9202);
#2706=VERTEX_POINT('',#9206);
#2707=VERTEX_POINT('',#9208);
#2708=VERTEX_POINT('',#9210);
#2709=VERTEX_POINT('',#9212);
#2710=VERTEX_POINT('',#9214);
#2711=VERTEX_POINT('',#9216);
#2712=VERTEX_POINT('',#9218);
#2713=VERTEX_POINT('',#9220);
#2714=VERTEX_POINT('',#9222);
#2715=VERTEX_POINT('',#9224);
#2716=VERTEX_POINT('',#9226);
#2717=VERTEX_POINT('',#9228);
#2718=VERTEX_POINT('',#9230);
#2719=VERTEX_POINT('',#9232);
#2720=VERTEX_POINT('',#9234);
#2721=VERTEX_POINT('',#9236);
#2722=VERTEX_POINT('',#9238);
#2723=VERTEX_POINT('',#9240);
#2724=VERTEX_POINT('',#9242);
#2725=VERTEX_POINT('',#9244);
#2726=VERTEX_POINT('',#9246);
#2727=VERTEX_POINT('',#9248);
#2728=VERTEX_POINT('',#9250);
#2729=VERTEX_POINT('',#9252);
#2730=VERTEX_POINT('',#9254);
#2731=VERTEX_POINT('',#9256);
#2732=VERTEX_POINT('',#9258);
#2733=VERTEX_POINT('',#9260);
#2734=VERTEX_POINT('',#9262);
#2735=VERTEX_POINT('',#9264);
#2736=VERTEX_POINT('',#9266);
#2737=VERTEX_POINT('',#9268);
#2738=VERTEX_POINT('',#9270);
#2739=VERTEX_POINT('',#9272);
#2740=VERTEX_POINT('',#9274);
#2741=VERTEX_POINT('',#9276);
#2742=VERTEX_POINT('',#9278);
#2743=VERTEX_POINT('',#9280);
#2744=VERTEX_POINT('',#9282);
#2745=VERTEX_POINT('',#9284);
#2746=VERTEX_POINT('',#9286);
#2747=VERTEX_POINT('',#9288);
#2748=VERTEX_POINT('',#9290);
#2749=VERTEX_POINT('',#9292);
#2750=VERTEX_POINT('',#9294);
#2751=VERTEX_POINT('',#9296);
#2752=VERTEX_POINT('',#9298);
#2753=VERTEX_POINT('',#9300);
#2754=VERTEX_POINT('',#9302);
#2755=VERTEX_POINT('',#9304);
#2756=VERTEX_POINT('',#9306);
#2757=VERTEX_POINT('',#9308);
#2758=VERTEX_POINT('',#9310);
#2759=VERTEX_POINT('',#9312);
#2760=VERTEX_POINT('',#9314);
#2761=VERTEX_POINT('',#9316);
#2762=VERTEX_POINT('',#9318);
#2763=VERTEX_POINT('',#9338);
#2764=VERTEX_POINT('',#9339);
#2765=VERTEX_POINT('',#9344);
#2766=VERTEX_POINT('',#9348);
#2767=VERTEX_POINT('',#9352);
#2768=VERTEX_POINT('',#9356);
#2769=VERTEX_POINT('',#9360);
#2770=VERTEX_POINT('',#9364);
#2771=VERTEX_POINT('',#9370);
#2772=VERTEX_POINT('',#9371);
#2773=VERTEX_POINT('',#9376);
#2774=VERTEX_POINT('',#9380);
#2775=VERTEX_POINT('',#9384);
#2776=VERTEX_POINT('',#9388);
#2777=VERTEX_POINT('',#9392);
#2778=VERTEX_POINT('',#9396);
#2779=VERTEX_POINT('',#9400);
#2780=VERTEX_POINT('',#9404);
#2781=VERTEX_POINT('',#9408);
#2782=VERTEX_POINT('',#9412);
#2783=VERTEX_POINT('',#9462);
#2784=VERTEX_POINT('',#9463);
#2785=VERTEX_POINT('',#9483);
#2786=VERTEX_POINT('',#9485);
#2787=VERTEX_POINT('',#9489);
#2788=VERTEX_POINT('',#9493);
#2789=VERTEX_POINT('',#9497);
#2790=VERTEX_POINT('',#9504);
#2791=VERTEX_POINT('',#9510);
#2792=VERTEX_POINT('',#9516);
#2793=VERTEX_POINT('',#9522);
#2794=VERTEX_POINT('',#9528);
#2795=VERTEX_POINT('',#9534);
#2796=VERTEX_POINT('',#9539);
#2797=VERTEX_POINT('',#9543);
#2798=VERTEX_POINT('',#9549);
#2799=VERTEX_POINT('',#9555);
#2800=VERTEX_POINT('',#9561);
#2801=VERTEX_POINT('',#9567);
#2802=VERTEX_POINT('',#9572);
#2803=VERTEX_POINT('',#9576);
#2804=VERTEX_POINT('',#9578);
#2805=VERTEX_POINT('',#9605);
#2806=VERTEX_POINT('',#9651);
#2807=VERTEX_POINT('',#9670);
#2808=VERTEX_POINT('',#9674);
#2809=VERTEX_POINT('',#9678);
#2810=VERTEX_POINT('',#9682);
#2811=VERTEX_POINT('',#9686);
#2812=VERTEX_POINT('',#9688);
#2813=VERTEX_POINT('',#9692);
#2814=VERTEX_POINT('',#9696);
#2815=VERTEX_POINT('',#9698);
#2816=VERTEX_POINT('',#9702);
#2817=VERTEX_POINT('',#9706);
#2818=VERTEX_POINT('',#9710);
#2819=VERTEX_POINT('',#9714);
#2820=VERTEX_POINT('',#9716);
#2821=VERTEX_POINT('',#9720);
#2822=VERTEX_POINT('',#9724);
#2823=VERTEX_POINT('',#9726);
#2824=VERTEX_POINT('',#9745);
#2825=VERTEX_POINT('',#9746);
#2826=VERTEX_POINT('',#9748);
#2827=VERTEX_POINT('',#9750);
#2828=VERTEX_POINT('',#9754);
#2829=VERTEX_POINT('',#9756);
#2830=VERTEX_POINT('',#9760);
#2831=VERTEX_POINT('',#9762);
#2832=VERTEX_POINT('',#9766);
#2833=VERTEX_POINT('',#9768);
#2834=VERTEX_POINT('',#9772);
#2835=VERTEX_POINT('',#9774);
#2836=VERTEX_POINT('',#9778);
#2837=VERTEX_POINT('',#9779);
#2838=VERTEX_POINT('',#9781);
#2839=VERTEX_POINT('',#9783);
#2840=VERTEX_POINT('',#9790);
#2841=VERTEX_POINT('',#9791);
#2842=VERTEX_POINT('',#9794);
#2843=VERTEX_POINT('',#9796);
#2844=VERTEX_POINT('',#9800);
#2845=VERTEX_POINT('',#9802);
#2846=VERTEX_POINT('',#9811);
#2847=VERTEX_POINT('',#9812);
#2848=VERTEX_POINT('',#9814);
#2849=VERTEX_POINT('',#9816);
#2850=VERTEX_POINT('',#9820);
#2851=VERTEX_POINT('',#9822);
#2852=VERTEX_POINT('',#9826);
#2853=VERTEX_POINT('',#9828);
#2854=VERTEX_POINT('',#9837);
#2855=VERTEX_POINT('',#9839);
#2856=VERTEX_POINT('',#9845);
#2857=VERTEX_POINT('',#9847);
#2858=VERTEX_POINT('',#9853);
#2859=VERTEX_POINT('',#9855);
#2860=VERTEX_POINT('',#9861);
#2861=VERTEX_POINT('',#9863);
#2862=VERTEX_POINT('',#9869);
#2863=VERTEX_POINT('',#9871);
#2864=VERTEX_POINT('',#9877);
#2865=VERTEX_POINT('',#9879);
#2866=VERTEX_POINT('',#9885);
#2867=VERTEX_POINT('',#9886);
#2868=VERTEX_POINT('',#9888);
#2869=VERTEX_POINT('',#9890);
#2870=VERTEX_POINT('',#9892);
#2871=VERTEX_POINT('',#9894);
#2872=VERTEX_POINT('',#9896);
#2873=VERTEX_POINT('',#9898);
#2874=VERTEX_POINT('',#9900);
#2875=VERTEX_POINT('',#9902);
#2876=VERTEX_POINT('',#9904);
#2877=VERTEX_POINT('',#9906);
#2878=VERTEX_POINT('',#9908);
#2879=VERTEX_POINT('',#9910);
#2880=VERTEX_POINT('',#9912);
#2881=VERTEX_POINT('',#9914);
#2882=VERTEX_POINT('',#9916);
#2883=VERTEX_POINT('',#9918);
#2884=VERTEX_POINT('',#9920);
#2885=VERTEX_POINT('',#9922);
#2886=VERTEX_POINT('',#9924);
#2887=VERTEX_POINT('',#9926);
#2888=VERTEX_POINT('',#9928);
#2889=VERTEX_POINT('',#9930);
#2890=VERTEX_POINT('',#9932);
#2891=VERTEX_POINT('',#9934);
#2892=VERTEX_POINT('',#9936);
#2893=VERTEX_POINT('',#9938);
#2894=VERTEX_POINT('',#9940);
#2895=VERTEX_POINT('',#9942);
#2896=VERTEX_POINT('',#9946);
#2897=VERTEX_POINT('',#9948);
#2898=VERTEX_POINT('',#9951);
#2899=VERTEX_POINT('',#9953);
#2900=VERTEX_POINT('',#9957);
#2901=VERTEX_POINT('',#9961);
#2902=VERTEX_POINT('',#9968);
#2903=VERTEX_POINT('',#9970);
#2904=VERTEX_POINT('',#9974);
#2905=VERTEX_POINT('',#9976);
#2906=VERTEX_POINT('',#9980);
#2907=VERTEX_POINT('',#9982);
#2908=VERTEX_POINT('',#9986);
#2909=VERTEX_POINT('',#9988);
#2910=VERTEX_POINT('',#9992);
#2911=VERTEX_POINT('',#9994);
#2912=VERTEX_POINT('',#9996);
#2913=VERTEX_POINT('',#9998);
#2914=VERTEX_POINT('',#10000);
#2915=VERTEX_POINT('',#10002);
#2916=VERTEX_POINT('',#10004);
#2917=VERTEX_POINT('',#10006);
#2918=VERTEX_POINT('',#10008);
#2919=VERTEX_POINT('',#10010);
#2920=VERTEX_POINT('',#10012);
#2921=VERTEX_POINT('',#10014);
#2922=VERTEX_POINT('',#10016);
#2923=VERTEX_POINT('',#10018);
#2924=VERTEX_POINT('',#10020);
#2925=VERTEX_POINT('',#10022);
#2926=VERTEX_POINT('',#10024);
#2927=VERTEX_POINT('',#10026);
#2928=VERTEX_POINT('',#10028);
#2929=VERTEX_POINT('',#10030);
#2930=VERTEX_POINT('',#10032);
#2931=VERTEX_POINT('',#10034);
#2932=VERTEX_POINT('',#10036);
#2933=VERTEX_POINT('',#10038);
#2934=VERTEX_POINT('',#10040);
#2935=VERTEX_POINT('',#10042);
#2936=VERTEX_POINT('',#10044);
#2937=VERTEX_POINT('',#10046);
#2938=VERTEX_POINT('',#10048);
#2939=VERTEX_POINT('',#10050);
#2940=VERTEX_POINT('',#10052);
#2941=VERTEX_POINT('',#10054);
#2942=VERTEX_POINT('',#10056);
#2943=VERTEX_POINT('',#10058);
#2944=VERTEX_POINT('',#10060);
#2945=VERTEX_POINT('',#10062);
#2946=VERTEX_POINT('',#10064);
#2947=VERTEX_POINT('',#10066);
#2948=VERTEX_POINT('',#10068);
#2949=VERTEX_POINT('',#10070);
#2950=VERTEX_POINT('',#10072);
#2951=VERTEX_POINT('',#10074);
#2952=VERTEX_POINT('',#10076);
#2953=VERTEX_POINT('',#10078);
#2954=VERTEX_POINT('',#10080);
#2955=VERTEX_POINT('',#10082);
#2956=VERTEX_POINT('',#10084);
#2957=VERTEX_POINT('',#10086);
#2958=VERTEX_POINT('',#10088);
#2959=VERTEX_POINT('',#10090);
#2960=VERTEX_POINT('',#10092);
#2961=VERTEX_POINT('',#10094);
#2962=VERTEX_POINT('',#10096);
#2963=VERTEX_POINT('',#10098);
#2964=VERTEX_POINT('',#10100);
#2965=VERTEX_POINT('',#10102);
#2966=VERTEX_POINT('',#10104);
#2967=VERTEX_POINT('',#10124);
#2968=VERTEX_POINT('',#10125);
#2969=VERTEX_POINT('',#10130);
#2970=VERTEX_POINT('',#10134);
#2971=VERTEX_POINT('',#10138);
#2972=VERTEX_POINT('',#10142);
#2973=VERTEX_POINT('',#10146);
#2974=VERTEX_POINT('',#10150);
#2975=VERTEX_POINT('',#10156);
#2976=VERTEX_POINT('',#10157);
#2977=VERTEX_POINT('',#10162);
#2978=VERTEX_POINT('',#10166);
#2979=VERTEX_POINT('',#10170);
#2980=VERTEX_POINT('',#10174);
#2981=VERTEX_POINT('',#10178);
#2982=VERTEX_POINT('',#10182);
#2983=VERTEX_POINT('',#10186);
#2984=VERTEX_POINT('',#10190);
#2985=VERTEX_POINT('',#10194);
#2986=VERTEX_POINT('',#10198);
#2987=VERTEX_POINT('',#10248);
#2988=VERTEX_POINT('',#10249);
#2989=VERTEX_POINT('',#10269);
#2990=VERTEX_POINT('',#10271);
#2991=VERTEX_POINT('',#10275);
#2992=VERTEX_POINT('',#10279);
#2993=VERTEX_POINT('',#10283);
#2994=VERTEX_POINT('',#10290);
#2995=VERTEX_POINT('',#10296);
#2996=VERTEX_POINT('',#10302);
#2997=VERTEX_POINT('',#10308);
#2998=VERTEX_POINT('',#10314);
#2999=VERTEX_POINT('',#10320);
#3000=VERTEX_POINT('',#10325);
#3001=VERTEX_POINT('',#10329);
#3002=VERTEX_POINT('',#10335);
#3003=VERTEX_POINT('',#10341);
#3004=VERTEX_POINT('',#10347);
#3005=VERTEX_POINT('',#10353);
#3006=VERTEX_POINT('',#10358);
#3007=VERTEX_POINT('',#10362);
#3008=VERTEX_POINT('',#10364);
#3009=VERTEX_POINT('',#10391);
#3010=VERTEX_POINT('',#10437);
#3011=VERTEX_POINT('',#10456);
#3012=VERTEX_POINT('',#10460);
#3013=VERTEX_POINT('',#10464);
#3014=VERTEX_POINT('',#10468);
#3015=VERTEX_POINT('',#10472);
#3016=VERTEX_POINT('',#10474);
#3017=VERTEX_POINT('',#10478);
#3018=VERTEX_POINT('',#10482);
#3019=VERTEX_POINT('',#10484);
#3020=VERTEX_POINT('',#10488);
#3021=VERTEX_POINT('',#10492);
#3022=VERTEX_POINT('',#10496);
#3023=VERTEX_POINT('',#10500);
#3024=VERTEX_POINT('',#10502);
#3025=VERTEX_POINT('',#10506);
#3026=VERTEX_POINT('',#10510);
#3027=VERTEX_POINT('',#10512);
#3028=VERTEX_POINT('',#10531);
#3029=VERTEX_POINT('',#10532);
#3030=VERTEX_POINT('',#10534);
#3031=VERTEX_POINT('',#10536);
#3032=VERTEX_POINT('',#10540);
#3033=VERTEX_POINT('',#10542);
#3034=VERTEX_POINT('',#10546);
#3035=VERTEX_POINT('',#10548);
#3036=VERTEX_POINT('',#10552);
#3037=VERTEX_POINT('',#10554);
#3038=VERTEX_POINT('',#10558);
#3039=VERTEX_POINT('',#10560);
#3040=VERTEX_POINT('',#10564);
#3041=VERTEX_POINT('',#10565);
#3042=VERTEX_POINT('',#10567);
#3043=VERTEX_POINT('',#10569);
#3044=VERTEX_POINT('',#10576);
#3045=VERTEX_POINT('',#10577);
#3046=VERTEX_POINT('',#10580);
#3047=VERTEX_POINT('',#10582);
#3048=VERTEX_POINT('',#10586);
#3049=VERTEX_POINT('',#10588);
#3050=VERTEX_POINT('',#10597);
#3051=VERTEX_POINT('',#10598);
#3052=VERTEX_POINT('',#10600);
#3053=VERTEX_POINT('',#10602);
#3054=VERTEX_POINT('',#10606);
#3055=VERTEX_POINT('',#10608);
#3056=VERTEX_POINT('',#10612);
#3057=VERTEX_POINT('',#10614);
#3058=VERTEX_POINT('',#10623);
#3059=VERTEX_POINT('',#10625);
#3060=VERTEX_POINT('',#10631);
#3061=VERTEX_POINT('',#10633);
#3062=VERTEX_POINT('',#10639);
#3063=VERTEX_POINT('',#10641);
#3064=VERTEX_POINT('',#10647);
#3065=VERTEX_POINT('',#10649);
#3066=VERTEX_POINT('',#10655);
#3067=VERTEX_POINT('',#10657);
#3068=VERTEX_POINT('',#10663);
#3069=VERTEX_POINT('',#10664);
#3070=VERTEX_POINT('',#10666);
#3071=VERTEX_POINT('',#10668);
#3072=VERTEX_POINT('',#10670);
#3073=VERTEX_POINT('',#10672);
#3074=VERTEX_POINT('',#10674);
#3075=VERTEX_POINT('',#10676);
#3076=VERTEX_POINT('',#10678);
#3077=VERTEX_POINT('',#10680);
#3078=VERTEX_POINT('',#10682);
#3079=VERTEX_POINT('',#10684);
#3080=VERTEX_POINT('',#10686);
#3081=VERTEX_POINT('',#10688);
#3082=VERTEX_POINT('',#10690);
#3083=VERTEX_POINT('',#10692);
#3084=VERTEX_POINT('',#10694);
#3085=VERTEX_POINT('',#10696);
#3086=VERTEX_POINT('',#10698);
#3087=VERTEX_POINT('',#10700);
#3088=VERTEX_POINT('',#10702);
#3089=VERTEX_POINT('',#10704);
#3090=VERTEX_POINT('',#10706);
#3091=VERTEX_POINT('',#10708);
#3092=VERTEX_POINT('',#10710);
#3093=VERTEX_POINT('',#10712);
#3094=VERTEX_POINT('',#10714);
#3095=VERTEX_POINT('',#10716);
#3096=VERTEX_POINT('',#10718);
#3097=VERTEX_POINT('',#10720);
#3098=VERTEX_POINT('',#10724);
#3099=VERTEX_POINT('',#10726);
#3100=VERTEX_POINT('',#10729);
#3101=VERTEX_POINT('',#10731);
#3102=VERTEX_POINT('',#10735);
#3103=VERTEX_POINT('',#10739);
#3104=VERTEX_POINT('',#10746);
#3105=VERTEX_POINT('',#10748);
#3106=VERTEX_POINT('',#10752);
#3107=VERTEX_POINT('',#10754);
#3108=VERTEX_POINT('',#10758);
#3109=VERTEX_POINT('',#10760);
#3110=VERTEX_POINT('',#10764);
#3111=VERTEX_POINT('',#10766);
#3112=VERTEX_POINT('',#10770);
#3113=VERTEX_POINT('',#10772);
#3114=VERTEX_POINT('',#10774);
#3115=VERTEX_POINT('',#10776);
#3116=VERTEX_POINT('',#10778);
#3117=VERTEX_POINT('',#10780);
#3118=VERTEX_POINT('',#10782);
#3119=VERTEX_POINT('',#10784);
#3120=VERTEX_POINT('',#10786);
#3121=VERTEX_POINT('',#10788);
#3122=VERTEX_POINT('',#10790);
#3123=VERTEX_POINT('',#10792);
#3124=VERTEX_POINT('',#10794);
#3125=VERTEX_POINT('',#10796);
#3126=VERTEX_POINT('',#10798);
#3127=VERTEX_POINT('',#10800);
#3128=VERTEX_POINT('',#10802);
#3129=VERTEX_POINT('',#10804);
#3130=VERTEX_POINT('',#10806);
#3131=VERTEX_POINT('',#10808);
#3132=VERTEX_POINT('',#10810);
#3133=VERTEX_POINT('',#10812);
#3134=VERTEX_POINT('',#10814);
#3135=VERTEX_POINT('',#10816);
#3136=VERTEX_POINT('',#10818);
#3137=VERTEX_POINT('',#10820);
#3138=VERTEX_POINT('',#10822);
#3139=VERTEX_POINT('',#10824);
#3140=VERTEX_POINT('',#10826);
#3141=VERTEX_POINT('',#10828);
#3142=VERTEX_POINT('',#10830);
#3143=VERTEX_POINT('',#10832);
#3144=VERTEX_POINT('',#10834);
#3145=VERTEX_POINT('',#10836);
#3146=VERTEX_POINT('',#10838);
#3147=VERTEX_POINT('',#10840);
#3148=VERTEX_POINT('',#10842);
#3149=VERTEX_POINT('',#10844);
#3150=VERTEX_POINT('',#10846);
#3151=VERTEX_POINT('',#10848);
#3152=VERTEX_POINT('',#10850);
#3153=VERTEX_POINT('',#10852);
#3154=VERTEX_POINT('',#10854);
#3155=VERTEX_POINT('',#10856);
#3156=VERTEX_POINT('',#10858);
#3157=VERTEX_POINT('',#10860);
#3158=VERTEX_POINT('',#10862);
#3159=VERTEX_POINT('',#10864);
#3160=VERTEX_POINT('',#10866);
#3161=VERTEX_POINT('',#10868);
#3162=VERTEX_POINT('',#10870);
#3163=VERTEX_POINT('',#10872);
#3164=VERTEX_POINT('',#10874);
#3165=VERTEX_POINT('',#10876);
#3166=VERTEX_POINT('',#10878);
#3167=VERTEX_POINT('',#10880);
#3168=VERTEX_POINT('',#10882);
#3169=VERTEX_POINT('',#10902);
#3170=VERTEX_POINT('',#10903);
#3171=VERTEX_POINT('',#10908);
#3172=VERTEX_POINT('',#10912);
#3173=VERTEX_POINT('',#10916);
#3174=VERTEX_POINT('',#10920);
#3175=VERTEX_POINT('',#10924);
#3176=VERTEX_POINT('',#10928);
#3177=VERTEX_POINT('',#10934);
#3178=VERTEX_POINT('',#10935);
#3179=VERTEX_POINT('',#10940);
#3180=VERTEX_POINT('',#10944);
#3181=VERTEX_POINT('',#10948);
#3182=VERTEX_POINT('',#10952);
#3183=VERTEX_POINT('',#10956);
#3184=VERTEX_POINT('',#10960);
#3185=VERTEX_POINT('',#10964);
#3186=VERTEX_POINT('',#10968);
#3187=VERTEX_POINT('',#10972);
#3188=VERTEX_POINT('',#10976);
#3189=VERTEX_POINT('',#11026);
#3190=VERTEX_POINT('',#11027);
#3191=VERTEX_POINT('',#11047);
#3192=VERTEX_POINT('',#11049);
#3193=VERTEX_POINT('',#11053);
#3194=VERTEX_POINT('',#11057);
#3195=VERTEX_POINT('',#11061);
#3196=VERTEX_POINT('',#11068);
#3197=VERTEX_POINT('',#11074);
#3198=VERTEX_POINT('',#11080);
#3199=VERTEX_POINT('',#11086);
#3200=VERTEX_POINT('',#11092);
#3201=VERTEX_POINT('',#11098);
#3202=VERTEX_POINT('',#11103);
#3203=VERTEX_POINT('',#11107);
#3204=VERTEX_POINT('',#11113);
#3205=VERTEX_POINT('',#11119);
#3206=VERTEX_POINT('',#11125);
#3207=VERTEX_POINT('',#11131);
#3208=VERTEX_POINT('',#11136);
#3209=VERTEX_POINT('',#11140);
#3210=VERTEX_POINT('',#11142);
#3211=VERTEX_POINT('',#11169);
#3212=VERTEX_POINT('',#11215);
#3213=VERTEX_POINT('',#11234);
#3214=VERTEX_POINT('',#11238);
#3215=VERTEX_POINT('',#11242);
#3216=VERTEX_POINT('',#11246);
#3217=VERTEX_POINT('',#11250);
#3218=VERTEX_POINT('',#11252);
#3219=VERTEX_POINT('',#11256);
#3220=VERTEX_POINT('',#11260);
#3221=VERTEX_POINT('',#11262);
#3222=VERTEX_POINT('',#11266);
#3223=VERTEX_POINT('',#11270);
#3224=VERTEX_POINT('',#11274);
#3225=VERTEX_POINT('',#11278);
#3226=VERTEX_POINT('',#11280);
#3227=VERTEX_POINT('',#11284);
#3228=VERTEX_POINT('',#11288);
#3229=VERTEX_POINT('',#11290);
#3230=VERTEX_POINT('',#11309);
#3231=VERTEX_POINT('',#11310);
#3232=VERTEX_POINT('',#11312);
#3233=VERTEX_POINT('',#11314);
#3234=VERTEX_POINT('',#11318);
#3235=VERTEX_POINT('',#11320);
#3236=VERTEX_POINT('',#11324);
#3237=VERTEX_POINT('',#11326);
#3238=VERTEX_POINT('',#11330);
#3239=VERTEX_POINT('',#11332);
#3240=VERTEX_POINT('',#11336);
#3241=VERTEX_POINT('',#11338);
#3242=VERTEX_POINT('',#11342);
#3243=VERTEX_POINT('',#11343);
#3244=VERTEX_POINT('',#11345);
#3245=VERTEX_POINT('',#11347);
#3246=VERTEX_POINT('',#11354);
#3247=VERTEX_POINT('',#11355);
#3248=VERTEX_POINT('',#11358);
#3249=VERTEX_POINT('',#11360);
#3250=VERTEX_POINT('',#11364);
#3251=VERTEX_POINT('',#11366);
#3252=VERTEX_POINT('',#11375);
#3253=VERTEX_POINT('',#11376);
#3254=VERTEX_POINT('',#11378);
#3255=VERTEX_POINT('',#11380);
#3256=VERTEX_POINT('',#11384);
#3257=VERTEX_POINT('',#11386);
#3258=VERTEX_POINT('',#11390);
#3259=VERTEX_POINT('',#11392);
#3260=VERTEX_POINT('',#11401);
#3261=VERTEX_POINT('',#11403);
#3262=VERTEX_POINT('',#11409);
#3263=VERTEX_POINT('',#11411);
#3264=VERTEX_POINT('',#11417);
#3265=VERTEX_POINT('',#11419);
#3266=VERTEX_POINT('',#11425);
#3267=VERTEX_POINT('',#11427);
#3268=EDGE_CURVE('',#2662,#2663,#1006,.T.);
#3269=EDGE_CURVE('',#2664,#2663,#1007,.T.);
#3270=EDGE_CURVE('',#2664,#2665,#1008,.T.);
#3271=EDGE_CURVE('',#2665,#2666,#1009,.T.);
#3272=EDGE_CURVE('',#2667,#2666,#1010,.T.);
#3273=EDGE_CURVE('',#2668,#2667,#1011,.T.);
#3274=EDGE_CURVE('',#2669,#2668,#1012,.T.);
#3275=EDGE_CURVE('',#2670,#2669,#1013,.T.);
#3276=EDGE_CURVE('',#2671,#2670,#1014,.T.);
#3277=EDGE_CURVE('',#2672,#2671,#1015,.T.);
#3278=EDGE_CURVE('',#2673,#2672,#1016,.T.);
#3279=EDGE_CURVE('',#2674,#2673,#1017,.T.);
#3280=EDGE_CURVE('',#2675,#2674,#1018,.T.);
#3281=EDGE_CURVE('',#2676,#2675,#1019,.T.);
#3282=EDGE_CURVE('',#2677,#2676,#1020,.T.);
#3283=EDGE_CURVE('',#2678,#2677,#1021,.T.);
#3284=EDGE_CURVE('',#2679,#2678,#1022,.T.);
#3285=EDGE_CURVE('',#2680,#2679,#1023,.T.);
#3286=EDGE_CURVE('',#2681,#2680,#1024,.T.);
#3287=EDGE_CURVE('',#2682,#2681,#1025,.T.);
#3288=EDGE_CURVE('',#2683,#2682,#1026,.T.);
#3289=EDGE_CURVE('',#2684,#2683,#1027,.T.);
#3290=EDGE_CURVE('',#2685,#2684,#1028,.T.);
#3291=EDGE_CURVE('',#2686,#2685,#1029,.T.);
#3292=EDGE_CURVE('',#2687,#2686,#1030,.T.);
#3293=EDGE_CURVE('',#2688,#2687,#1031,.T.);
#3294=EDGE_CURVE('',#2689,#2688,#1032,.T.);
#3295=EDGE_CURVE('',#2690,#2689,#1033,.T.);
#3296=EDGE_CURVE('',#2690,#2691,#1034,.T.);
#3297=EDGE_CURVE('',#2691,#2662,#1035,.T.);
#3298=EDGE_CURVE('',#2663,#2692,#1036,.T.);
#3299=EDGE_CURVE('',#2692,#2693,#1037,.T.);
#3300=EDGE_CURVE('',#2693,#2690,#1038,.T.);
#3301=EDGE_CURVE('',#2694,#2689,#1039,.T.);
#3302=EDGE_CURVE('',#2695,#2694,#1040,.T.);
#3303=EDGE_CURVE('',#2695,#2664,#1041,.T.);
#3304=EDGE_CURVE('',#2662,#2696,#1042,.T.);
#3305=EDGE_CURVE('',#2696,#2692,#1043,.T.);
#3306=EDGE_CURVE('',#2697,#2693,#1044,.T.);
#3307=EDGE_CURVE('',#2691,#2697,#1045,.T.);
#3308=EDGE_CURVE('',#2696,#2697,#1046,.T.);
#3309=EDGE_CURVE('',#2694,#2698,#1047,.T.);
#3310=EDGE_CURVE('',#2698,#2699,#1048,.T.);
#3311=EDGE_CURVE('',#2699,#2695,#1049,.T.);
#3312=EDGE_CURVE('',#2699,#2700,#1050,.T.);
#3313=EDGE_CURVE('',#2700,#2701,#1051,.T.);
#3314=EDGE_CURVE('',#2701,#2695,#1052,.T.);
#3315=EDGE_CURVE('',#2700,#2702,#1053,.T.);
#3316=EDGE_CURVE('',#2702,#2703,#1054,.T.);
#3317=EDGE_CURVE('',#2703,#2701,#1055,.T.);
#3318=EDGE_CURVE('',#2702,#2704,#1056,.T.);
#3319=EDGE_CURVE('',#2704,#2705,#1057,.T.);
#3320=EDGE_CURVE('',#2705,#2703,#1058,.T.);
#3321=EDGE_CURVE('',#2706,#2698,#1059,.T.);
#3322=EDGE_CURVE('',#2707,#2706,#1060,.T.);
#3323=EDGE_CURVE('',#2708,#2707,#1061,.T.);
#3324=EDGE_CURVE('',#2709,#2708,#1062,.T.);
#3325=EDGE_CURVE('',#2710,#2709,#1063,.T.);
#3326=EDGE_CURVE('',#2711,#2710,#1064,.T.);
#3327=EDGE_CURVE('',#2712,#2711,#1065,.T.);
#3328=EDGE_CURVE('',#2713,#2712,#1066,.T.);
#3329=EDGE_CURVE('',#2713,#2714,#1067,.T.);
#3330=EDGE_CURVE('',#2715,#2714,#1068,.T.);
#3331=EDGE_CURVE('',#2716,#2715,#1069,.T.);
#3332=EDGE_CURVE('',#2717,#2716,#1070,.T.);
#3333=EDGE_CURVE('',#2718,#2717,#1071,.T.);
#3334=EDGE_CURVE('',#2719,#2718,#1072,.T.);
#3335=EDGE_CURVE('',#2720,#2719,#1073,.T.);
#3336=EDGE_CURVE('',#2721,#2720,#1074,.T.);
#3337=EDGE_CURVE('',#2722,#2721,#1075,.T.);
#3338=EDGE_CURVE('',#2723,#2722,#1076,.T.);
#3339=EDGE_CURVE('',#2724,#2723,#1077,.T.);
#3340=EDGE_CURVE('',#2725,#2724,#1078,.T.);
#3341=EDGE_CURVE('',#2725,#2726,#1079,.T.);
#3342=EDGE_CURVE('',#2726,#2727,#1080,.T.);
#3343=EDGE_CURVE('',#2727,#2728,#1081,.T.);
#3344=EDGE_CURVE('',#2728,#2729,#136,.T.);
#3345=EDGE_CURVE('',#2729,#2730,#1082,.T.);
#3346=EDGE_CURVE('',#2730,#2731,#1083,.T.);
#3347=EDGE_CURVE('',#2731,#2732,#137,.T.);
#3348=EDGE_CURVE('',#2732,#2733,#1084,.T.);
#3349=EDGE_CURVE('',#2733,#2734,#138,.T.);
#3350=EDGE_CURVE('',#2734,#2735,#1085,.T.);
#3351=EDGE_CURVE('',#2735,#2736,#1086,.T.);
#3352=EDGE_CURVE('',#2736,#2737,#139,.T.);
#3353=EDGE_CURVE('',#2737,#2738,#1087,.T.);
#3354=EDGE_CURVE('',#2738,#2739,#1088,.T.);
#3355=EDGE_CURVE('',#2739,#2740,#1089,.T.);
#3356=EDGE_CURVE('',#2740,#2741,#140,.T.);
#3357=EDGE_CURVE('',#2741,#2742,#1090,.T.);
#3358=EDGE_CURVE('',#2742,#2743,#1091,.T.);
#3359=EDGE_CURVE('',#2743,#2744,#141,.T.);
#3360=EDGE_CURVE('',#2744,#2745,#1092,.T.);
#3361=EDGE_CURVE('',#2745,#2746,#142,.T.);
#3362=EDGE_CURVE('',#2746,#2747,#1093,.T.);
#3363=EDGE_CURVE('',#2747,#2748,#143,.T.);
#3364=EDGE_CURVE('',#2748,#2749,#1094,.T.);
#3365=EDGE_CURVE('',#2749,#2750,#1095,.T.);
#3366=EDGE_CURVE('',#2750,#2751,#144,.T.);
#3367=EDGE_CURVE('',#2751,#2752,#1096,.T.);
#3368=EDGE_CURVE('',#2752,#2753,#1097,.T.);
#3369=EDGE_CURVE('',#2753,#2754,#145,.T.);
#3370=EDGE_CURVE('',#2754,#2755,#1098,.T.);
#3371=EDGE_CURVE('',#2755,#2756,#146,.T.);
#3372=EDGE_CURVE('',#2756,#2757,#1099,.T.);
#3373=EDGE_CURVE('',#2757,#2758,#1100,.T.);
#3374=EDGE_CURVE('',#2758,#2759,#147,.T.);
#3375=EDGE_CURVE('',#2759,#2760,#1101,.T.);
#3376=EDGE_CURVE('',#2760,#2761,#1102,.T.);
#3377=EDGE_CURVE('',#2761,#2762,#121,.T.);
#3378=EDGE_CURVE('',#2762,#2726,#1103,.T.);
#3379=EDGE_CURVE('',#2726,#2704,#1104,.T.);
#3380=EDGE_CURVE('',#2763,#2764,#1105,.T.);
#3381=EDGE_CURVE('',#2764,#2713,#1106,.F.);
#3382=EDGE_CURVE('',#2712,#2763,#1107,.T.);
#3383=EDGE_CURVE('',#2711,#2765,#1108,.T.);
#3384=EDGE_CURVE('',#2765,#2763,#1109,.T.);
#3385=EDGE_CURVE('',#2710,#2766,#1110,.T.);
#3386=EDGE_CURVE('',#2766,#2765,#1111,.T.);
#3387=EDGE_CURVE('',#2709,#2767,#1112,.T.);
#3388=EDGE_CURVE('',#2767,#2766,#1113,.T.);
#3389=EDGE_CURVE('',#2708,#2768,#1114,.T.);
#3390=EDGE_CURVE('',#2768,#2767,#1115,.T.);
#3391=EDGE_CURVE('',#2707,#2769,#1116,.T.);
#3392=EDGE_CURVE('',#2769,#2768,#1117,.T.);
#3393=EDGE_CURVE('',#2706,#2770,#1118,.T.);
#3394=EDGE_CURVE('',#2770,#2769,#1119,.T.);
#3395=EDGE_CURVE('',#2694,#2770,#1120,.T.);
#3396=EDGE_CURVE('',#2771,#2772,#1121,.T.);
#3397=EDGE_CURVE('',#2772,#2725,#1122,.F.);
#3398=EDGE_CURVE('',#2724,#2771,#1123,.T.);
#3399=EDGE_CURVE('',#2723,#2773,#1124,.T.);
#3400=EDGE_CURVE('',#2773,#2771,#1125,.T.);
#3401=EDGE_CURVE('',#2722,#2774,#1126,.T.);
#3402=EDGE_CURVE('',#2774,#2773,#1127,.T.);
#3403=EDGE_CURVE('',#2721,#2775,#1128,.T.);
#3404=EDGE_CURVE('',#2775,#2774,#1129,.T.);
#3405=EDGE_CURVE('',#2720,#2776,#1130,.T.);
#3406=EDGE_CURVE('',#2776,#2775,#1131,.T.);
#3407=EDGE_CURVE('',#2719,#2777,#1132,.T.);
#3408=EDGE_CURVE('',#2777,#2776,#1133,.T.);
#3409=EDGE_CURVE('',#2718,#2778,#1134,.T.);
#3410=EDGE_CURVE('',#2778,#2777,#1135,.T.);
#3411=EDGE_CURVE('',#2717,#2779,#1136,.T.);
#3412=EDGE_CURVE('',#2779,#2778,#1137,.T.);
#3413=EDGE_CURVE('',#2716,#2780,#1138,.T.);
#3414=EDGE_CURVE('',#2780,#2779,#1139,.T.);
#3415=EDGE_CURVE('',#2715,#2781,#1140,.T.);
#3416=EDGE_CURVE('',#2781,#2780,#1141,.T.);
#3417=EDGE_CURVE('',#2714,#2782,#1142,.F.);
#3418=EDGE_CURVE('',#2782,#2781,#1143,.T.);
#3419=EDGE_CURVE('',#2670,#2771,#1144,.T.);
#3420=EDGE_CURVE('',#2772,#2669,#1145,.T.);
#3421=EDGE_CURVE('',#2773,#2671,#1146,.T.);
#3422=EDGE_CURVE('',#2774,#2672,#1147,.T.);
#3423=EDGE_CURVE('',#2775,#2673,#1148,.T.);
#3424=EDGE_CURVE('',#2776,#2674,#1149,.T.);
#3425=EDGE_CURVE('',#2777,#2675,#1150,.T.);
#3426=EDGE_CURVE('',#2778,#2676,#1151,.T.);
#3427=EDGE_CURVE('',#2779,#2677,#1152,.T.);
#3428=EDGE_CURVE('',#2780,#2678,#1153,.T.);
#3429=EDGE_CURVE('',#2781,#2679,#1154,.T.);
#3430=EDGE_CURVE('',#2782,#2680,#1155,.T.);
#3431=EDGE_CURVE('',#2783,#2784,#122,.T.);
#3432=EDGE_CURVE('',#2783,#2762,#1156,.T.);
#3433=EDGE_CURVE('',#2784,#2761,#1157,.T.);
#3434=EDGE_CURVE('',#2785,#2742,#1158,.T.);
#3435=EDGE_CURVE('',#2785,#2786,#1159,.T.);
#3436=EDGE_CURVE('',#2743,#2786,#1160,.T.);
#3437=EDGE_CURVE('',#2787,#2741,#1161,.T.);
#3438=EDGE_CURVE('',#2785,#2787,#1162,.T.);
#3439=EDGE_CURVE('',#2740,#2788,#1163,.T.);
#3440=EDGE_CURVE('',#2788,#2787,#148,.T.);
#3441=EDGE_CURVE('',#2789,#2739,#1164,.T.);
#3442=EDGE_CURVE('',#2789,#2788,#1165,.T.);
#3443=EDGE_CURVE('',#2765,#2683,#1166,.T.);
#3444=EDGE_CURVE('',#2763,#2682,#1167,.T.);
#3445=EDGE_CURVE('',#2738,#2790,#1168,.T.);
#3446=EDGE_CURVE('',#2790,#2789,#1169,.T.);
#3447=EDGE_CURVE('',#2766,#2684,#1170,.T.);
#3448=EDGE_CURVE('',#2791,#2737,#1171,.T.);
#3449=EDGE_CURVE('',#2791,#2790,#1172,.T.);
#3450=EDGE_CURVE('',#2767,#2685,#1173,.T.);
#3451=EDGE_CURVE('',#2736,#2792,#1174,.T.);
#3452=EDGE_CURVE('',#2792,#2791,#149,.T.);
#3453=EDGE_CURVE('',#2768,#2686,#1175,.T.);
#3454=EDGE_CURVE('',#2735,#2793,#1176,.T.);
#3455=EDGE_CURVE('',#2793,#2792,#1177,.T.);
#3456=EDGE_CURVE('',#2769,#2687,#1178,.T.);
#3457=EDGE_CURVE('',#2794,#2734,#1179,.T.);
#3458=EDGE_CURVE('',#2794,#2793,#1180,.T.);
#3459=EDGE_CURVE('',#2770,#2688,#1181,.T.);
#3460=EDGE_CURVE('',#2733,#2795,#1182,.T.);
#3461=EDGE_CURVE('',#2795,#2794,#150,.T.);
#3462=EDGE_CURVE('',#2796,#2732,#1183,.T.);
#3463=EDGE_CURVE('',#2795,#2796,#1184,.T.);
#3464=EDGE_CURVE('',#2731,#2797,#1185,.T.);
#3465=EDGE_CURVE('',#2797,#2796,#151,.T.);
#3466=EDGE_CURVE('',#2701,#2665,#1186,.T.);
#3467=EDGE_CURVE('',#2798,#2730,#1187,.T.);
#3468=EDGE_CURVE('',#2798,#2797,#1188,.T.);
#3469=EDGE_CURVE('',#2666,#2703,#1189,.T.);
#3470=EDGE_CURVE('',#2799,#2729,#1190,.T.);
#3471=EDGE_CURVE('',#2798,#2799,#1191,.T.);
#3472=EDGE_CURVE('',#2667,#2705,#1192,.T.);
#3473=EDGE_CURVE('',#2728,#2800,#1193,.T.);
#3474=EDGE_CURVE('',#2800,#2799,#152,.T.);
#3475=EDGE_CURVE('',#2726,#2668,#1194,.T.);
#3476=EDGE_CURVE('',#2801,#2727,#1195,.T.);
#3477=EDGE_CURVE('',#2801,#2800,#1196,.T.);
#3478=EDGE_CURVE('',#2726,#2668,#1197,.T.);
#3479=EDGE_CURVE('',#2668,#2802,#1198,.T.);
#3480=EDGE_CURVE('',#2802,#2801,#1199,.T.);
#3481=EDGE_CURVE('',#2803,#2783,#1200,.T.);
#3482=EDGE_CURVE('',#2804,#2803,#1201,.T.);
#3483=EDGE_CURVE('',#2802,#2804,#1202,.T.);
#3484=EDGE_CURVE('',#2805,#2784,#1203,.T.);
#3485=EDGE_CURVE('',#2803,#2805,#123,.T.);
#3486=EDGE_CURVE('',#2805,#2806,#124,.T.);
#3487=EDGE_CURVE('',#2806,#2804,#125,.T.);
#3488=EDGE_CURVE('',#2760,#2807,#1204,.T.);
#3489=EDGE_CURVE('',#2807,#2806,#1205,.T.);
#3490=EDGE_CURVE('',#2786,#2808,#153,.T.);
#3491=EDGE_CURVE('',#2808,#2744,#1206,.T.);
#3492=EDGE_CURVE('',#2809,#2808,#1207,.T.);
#3493=EDGE_CURVE('',#2745,#2809,#1208,.T.);
#3494=EDGE_CURVE('',#2809,#2810,#154,.T.);
#3495=EDGE_CURVE('',#2810,#2746,#1209,.T.);
#3496=EDGE_CURVE('',#2758,#2811,#1210,.T.);
#3497=EDGE_CURVE('',#2811,#2812,#155,.T.);
#3498=EDGE_CURVE('',#2812,#2759,#1211,.T.);
#3499=EDGE_CURVE('',#2757,#2813,#1212,.T.);
#3500=EDGE_CURVE('',#2813,#2811,#1213,.T.);
#3501=EDGE_CURVE('',#2755,#2814,#1214,.T.);
#3502=EDGE_CURVE('',#2814,#2815,#156,.T.);
#3503=EDGE_CURVE('',#2815,#2756,#1215,.T.);
#3504=EDGE_CURVE('',#2816,#2754,#1216,.T.);
#3505=EDGE_CURVE('',#2814,#2816,#1217,.T.);
#3506=EDGE_CURVE('',#2753,#2817,#1218,.T.);
#3507=EDGE_CURVE('',#2817,#2816,#157,.T.);
#3508=EDGE_CURVE('',#2818,#2752,#1219,.T.);
#3509=EDGE_CURVE('',#2818,#2817,#1220,.T.);
#3510=EDGE_CURVE('',#2750,#2819,#1221,.T.);
#3511=EDGE_CURVE('',#2819,#2820,#158,.T.);
#3512=EDGE_CURVE('',#2820,#2751,#1222,.T.);
#3513=EDGE_CURVE('',#2821,#2749,#1223,.T.);
#3514=EDGE_CURVE('',#2821,#2819,#1224,.T.);
#3515=EDGE_CURVE('',#2747,#2822,#1225,.T.);
#3516=EDGE_CURVE('',#2822,#2823,#159,.T.);
#3517=EDGE_CURVE('',#2823,#2748,#1226,.T.);
#3518=EDGE_CURVE('',#2810,#2822,#1227,.T.);
#3519=EDGE_CURVE('',#2764,#2681,#1228,.T.);
#3520=EDGE_CURVE('',#2815,#2813,#1229,.T.);
#3521=EDGE_CURVE('',#2812,#2807,#1230,.T.);
#3522=EDGE_CURVE('',#2821,#2823,#1231,.T.);
#3523=EDGE_CURVE('',#2818,#2820,#1232,.T.);
#3524=EDGE_CURVE('',#2824,#2825,#1233,.T.);
#3525=EDGE_CURVE('',#2826,#2825,#1234,.T.);
#3526=EDGE_CURVE('',#2827,#2826,#1235,.T.);
#3527=EDGE_CURVE('',#2824,#2827,#1236,.T.);
#3528=EDGE_CURVE('',#2828,#2824,#1237,.T.);
#3529=EDGE_CURVE('',#2829,#2827,#1238,.T.);
#3530=EDGE_CURVE('',#2828,#2829,#1239,.T.);
#3531=EDGE_CURVE('',#2830,#2828,#1240,.T.);
#3532=EDGE_CURVE('',#2831,#2829,#1241,.T.);
#3533=EDGE_CURVE('',#2830,#2831,#1242,.T.);
#3534=EDGE_CURVE('',#2832,#2831,#1243,.T.);
#3535=EDGE_CURVE('',#2833,#2832,#1244,.T.);
#3536=EDGE_CURVE('',#2830,#2833,#1245,.T.);
#3537=EDGE_CURVE('',#2834,#2825,#1246,.T.);
#3538=EDGE_CURVE('',#2834,#2835,#1247,.T.);
#3539=EDGE_CURVE('',#2826,#2835,#1248,.T.);
#3540=EDGE_CURVE('',#2836,#2837,#1249,.T.);
#3541=EDGE_CURVE('',#2836,#2838,#1250,.T.);
#3542=EDGE_CURVE('',#2839,#2838,#1251,.T.);
#3543=EDGE_CURVE('',#2837,#2839,#1252,.T.);
#3544=EDGE_CURVE('',#2833,#2836,#1253,.T.);
#3545=EDGE_CURVE('',#2838,#2832,#1254,.T.);
#3546=EDGE_CURVE('',#2840,#2841,#1255,.T.);
#3547=EDGE_CURVE('',#2837,#2840,#1256,.T.);
#3548=EDGE_CURVE('',#2842,#2839,#1257,.T.);
#3549=EDGE_CURVE('',#2843,#2842,#1258,.T.);
#3550=EDGE_CURVE('',#2841,#2843,#1259,.T.);
#3551=EDGE_CURVE('',#2841,#2844,#1260,.T.);
#3552=EDGE_CURVE('',#2845,#2843,#1261,.T.);
#3553=EDGE_CURVE('',#2844,#2845,#1262,.T.);
#3554=EDGE_CURVE('',#2844,#2834,#1263,.T.);
#3555=EDGE_CURVE('',#2835,#2845,#1264,.T.);
#3556=EDGE_CURVE('',#2846,#2847,#1265,.T.);
#3557=EDGE_CURVE('',#2846,#2848,#1266,.T.);
#3558=EDGE_CURVE('',#2849,#2848,#1267,.T.);
#3559=EDGE_CURVE('',#2847,#2849,#1268,.T.);
#3560=EDGE_CURVE('',#2847,#2850,#1269,.T.);
#3561=EDGE_CURVE('',#2851,#2849,#1270,.T.);
#3562=EDGE_CURVE('',#2850,#2851,#1271,.T.);
#3563=EDGE_CURVE('',#2850,#2852,#1272,.T.);
#3564=EDGE_CURVE('',#2853,#2851,#1273,.T.);
#3565=EDGE_CURVE('',#2852,#2853,#1274,.T.);
#3566=EDGE_CURVE('',#2852,#2846,#1275,.T.);
#3567=EDGE_CURVE('',#2848,#2853,#1276,.T.);
#3568=EDGE_CURVE('',#2854,#2854,#160,.T.);
#3569=EDGE_CURVE('',#2854,#2855,#1277,.T.);
#3570=EDGE_CURVE('',#2855,#2855,#161,.T.);
#3571=EDGE_CURVE('',#2856,#2856,#162,.T.);
#3572=EDGE_CURVE('',#2856,#2857,#1278,.T.);
#3573=EDGE_CURVE('',#2857,#2857,#163,.T.);
#3574=EDGE_CURVE('',#2858,#2858,#164,.T.);
#3575=EDGE_CURVE('',#2858,#2859,#1279,.T.);
#3576=EDGE_CURVE('',#2859,#2859,#165,.T.);
#3577=EDGE_CURVE('',#2860,#2860,#166,.T.);
#3578=EDGE_CURVE('',#2860,#2861,#1280,.T.);
#3579=EDGE_CURVE('',#2861,#2861,#167,.T.);
#3580=EDGE_CURVE('',#2862,#2862,#168,.T.);
#3581=EDGE_CURVE('',#2862,#2863,#1281,.T.);
#3582=EDGE_CURVE('',#2863,#2863,#169,.T.);
#3583=EDGE_CURVE('',#2864,#2864,#170,.T.);
#3584=EDGE_CURVE('',#2864,#2865,#1282,.T.);
#3585=EDGE_CURVE('',#2865,#2865,#171,.T.);
#3586=EDGE_CURVE('',#2866,#2867,#1283,.T.);
#3587=EDGE_CURVE('',#2868,#2867,#1284,.T.);
#3588=EDGE_CURVE('',#2868,#2869,#1285,.T.);
#3589=EDGE_CURVE('',#2869,#2870,#1286,.T.);
#3590=EDGE_CURVE('',#2871,#2870,#1287,.T.);
#3591=EDGE_CURVE('',#2872,#2871,#1288,.T.);
#3592=EDGE_CURVE('',#2873,#2872,#1289,.T.);
#3593=EDGE_CURVE('',#2874,#2873,#1290,.T.);
#3594=EDGE_CURVE('',#2875,#2874,#1291,.T.);
#3595=EDGE_CURVE('',#2876,#2875,#1292,.T.);
#3596=EDGE_CURVE('',#2877,#2876,#1293,.T.);
#3597=EDGE_CURVE('',#2878,#2877,#1294,.T.);
#3598=EDGE_CURVE('',#2879,#2878,#1295,.T.);
#3599=EDGE_CURVE('',#2880,#2879,#1296,.T.);
#3600=EDGE_CURVE('',#2881,#2880,#1297,.T.);
#3601=EDGE_CURVE('',#2882,#2881,#1298,.T.);
#3602=EDGE_CURVE('',#2883,#2882,#1299,.T.);
#3603=EDGE_CURVE('',#2884,#2883,#1300,.T.);
#3604=EDGE_CURVE('',#2885,#2884,#1301,.T.);
#3605=EDGE_CURVE('',#2886,#2885,#1302,.T.);
#3606=EDGE_CURVE('',#2887,#2886,#1303,.T.);
#3607=EDGE_CURVE('',#2888,#2887,#1304,.T.);
#3608=EDGE_CURVE('',#2889,#2888,#1305,.T.);
#3609=EDGE_CURVE('',#2890,#2889,#1306,.T.);
#3610=EDGE_CURVE('',#2891,#2890,#1307,.T.);
#3611=EDGE_CURVE('',#2892,#2891,#1308,.T.);
#3612=EDGE_CURVE('',#2893,#2892,#1309,.T.);
#3613=EDGE_CURVE('',#2894,#2893,#1310,.T.);
#3614=EDGE_CURVE('',#2894,#2895,#1311,.T.);
#3615=EDGE_CURVE('',#2895,#2866,#1312,.T.);
#3616=EDGE_CURVE('',#2867,#2896,#1313,.T.);
#3617=EDGE_CURVE('',#2896,#2897,#1314,.T.);
#3618=EDGE_CURVE('',#2897,#2894,#1315,.T.);
#3619=EDGE_CURVE('',#2898,#2893,#1316,.T.);
#3620=EDGE_CURVE('',#2899,#2898,#1317,.T.);
#3621=EDGE_CURVE('',#2899,#2868,#1318,.T.);
#3622=EDGE_CURVE('',#2866,#2900,#1319,.T.);
#3623=EDGE_CURVE('',#2900,#2896,#1320,.T.);
#3624=EDGE_CURVE('',#2901,#2897,#1321,.T.);
#3625=EDGE_CURVE('',#2895,#2901,#1322,.T.);
#3626=EDGE_CURVE('',#2900,#2901,#1323,.T.);
#3627=EDGE_CURVE('',#2898,#2902,#1324,.T.);
#3628=EDGE_CURVE('',#2902,#2903,#1325,.T.);
#3629=EDGE_CURVE('',#2903,#2899,#1326,.T.);
#3630=EDGE_CURVE('',#2903,#2904,#1327,.T.);
#3631=EDGE_CURVE('',#2904,#2905,#1328,.T.);
#3632=EDGE_CURVE('',#2905,#2899,#1329,.T.);
#3633=EDGE_CURVE('',#2904,#2906,#1330,.T.);
#3634=EDGE_CURVE('',#2906,#2907,#1331,.T.);
#3635=EDGE_CURVE('',#2907,#2905,#1332,.T.);
#3636=EDGE_CURVE('',#2906,#2908,#1333,.T.);
#3637=EDGE_CURVE('',#2908,#2909,#1334,.T.);
#3638=EDGE_CURVE('',#2909,#2907,#1335,.T.);
#3639=EDGE_CURVE('',#2910,#2902,#1336,.T.);
#3640=EDGE_CURVE('',#2911,#2910,#1337,.T.);
#3641=EDGE_CURVE('',#2912,#2911,#1338,.T.);
#3642=EDGE_CURVE('',#2913,#2912,#1339,.T.);
#3643=EDGE_CURVE('',#2914,#2913,#1340,.T.);
#3644=EDGE_CURVE('',#2915,#2914,#1341,.T.);
#3645=EDGE_CURVE('',#2916,#2915,#1342,.T.);
#3646=EDGE_CURVE('',#2917,#2916,#1343,.T.);
#3647=EDGE_CURVE('',#2917,#2918,#1344,.T.);
#3648=EDGE_CURVE('',#2919,#2918,#1345,.T.);
#3649=EDGE_CURVE('',#2920,#2919,#1346,.T.);
#3650=EDGE_CURVE('',#2921,#2920,#1347,.T.);
#3651=EDGE_CURVE('',#2922,#2921,#1348,.T.);
#3652=EDGE_CURVE('',#2923,#2922,#1349,.T.);
#3653=EDGE_CURVE('',#2924,#2923,#1350,.T.);
#3654=EDGE_CURVE('',#2925,#2924,#1351,.T.);
#3655=EDGE_CURVE('',#2926,#2925,#1352,.T.);
#3656=EDGE_CURVE('',#2927,#2926,#1353,.T.);
#3657=EDGE_CURVE('',#2928,#2927,#1354,.T.);
#3658=EDGE_CURVE('',#2929,#2928,#1355,.T.);
#3659=EDGE_CURVE('',#2929,#2930,#1356,.T.);
#3660=EDGE_CURVE('',#2930,#2931,#1357,.T.);
#3661=EDGE_CURVE('',#2931,#2932,#1358,.T.);
#3662=EDGE_CURVE('',#2932,#2933,#172,.T.);
#3663=EDGE_CURVE('',#2933,#2934,#1359,.T.);
#3664=EDGE_CURVE('',#2934,#2935,#1360,.T.);
#3665=EDGE_CURVE('',#2935,#2936,#173,.T.);
#3666=EDGE_CURVE('',#2936,#2937,#1361,.T.);
#3667=EDGE_CURVE('',#2937,#2938,#174,.T.);
#3668=EDGE_CURVE('',#2938,#2939,#1362,.T.);
#3669=EDGE_CURVE('',#2939,#2940,#1363,.T.);
#3670=EDGE_CURVE('',#2940,#2941,#175,.T.);
#3671=EDGE_CURVE('',#2941,#2942,#1364,.T.);
#3672=EDGE_CURVE('',#2942,#2943,#1365,.T.);
#3673=EDGE_CURVE('',#2943,#2944,#1366,.T.);
#3674=EDGE_CURVE('',#2944,#2945,#176,.T.);
#3675=EDGE_CURVE('',#2945,#2946,#1367,.T.);
#3676=EDGE_CURVE('',#2946,#2947,#1368,.T.);
#3677=EDGE_CURVE('',#2947,#2948,#177,.T.);
#3678=EDGE_CURVE('',#2948,#2949,#1369,.T.);
#3679=EDGE_CURVE('',#2949,#2950,#178,.T.);
#3680=EDGE_CURVE('',#2950,#2951,#1370,.T.);
#3681=EDGE_CURVE('',#2951,#2952,#179,.T.);
#3682=EDGE_CURVE('',#2952,#2953,#1371,.T.);
#3683=EDGE_CURVE('',#2953,#2954,#1372,.T.);
#3684=EDGE_CURVE('',#2954,#2955,#180,.T.);
#3685=EDGE_CURVE('',#2955,#2956,#1373,.T.);
#3686=EDGE_CURVE('',#2956,#2957,#1374,.T.);
#3687=EDGE_CURVE('',#2957,#2958,#181,.T.);
#3688=EDGE_CURVE('',#2958,#2959,#1375,.T.);
#3689=EDGE_CURVE('',#2959,#2960,#182,.T.);
#3690=EDGE_CURVE('',#2960,#2961,#1376,.T.);
#3691=EDGE_CURVE('',#2961,#2962,#1377,.T.);
#3692=EDGE_CURVE('',#2962,#2963,#183,.T.);
#3693=EDGE_CURVE('',#2963,#2964,#1378,.T.);
#3694=EDGE_CURVE('',#2964,#2965,#1379,.T.);
#3695=EDGE_CURVE('',#2965,#2966,#126,.T.);
#3696=EDGE_CURVE('',#2966,#2930,#1380,.T.);
#3697=EDGE_CURVE('',#2930,#2908,#1381,.T.);
#3698=EDGE_CURVE('',#2967,#2968,#1382,.T.);
#3699=EDGE_CURVE('',#2968,#2917,#1383,.F.);
#3700=EDGE_CURVE('',#2916,#2967,#1384,.T.);
#3701=EDGE_CURVE('',#2915,#2969,#1385,.T.);
#3702=EDGE_CURVE('',#2969,#2967,#1386,.T.);
#3703=EDGE_CURVE('',#2914,#2970,#1387,.T.);
#3704=EDGE_CURVE('',#2970,#2969,#1388,.T.);
#3705=EDGE_CURVE('',#2913,#2971,#1389,.T.);
#3706=EDGE_CURVE('',#2971,#2970,#1390,.T.);
#3707=EDGE_CURVE('',#2912,#2972,#1391,.T.);
#3708=EDGE_CURVE('',#2972,#2971,#1392,.T.);
#3709=EDGE_CURVE('',#2911,#2973,#1393,.T.);
#3710=EDGE_CURVE('',#2973,#2972,#1394,.T.);
#3711=EDGE_CURVE('',#2910,#2974,#1395,.T.);
#3712=EDGE_CURVE('',#2974,#2973,#1396,.T.);
#3713=EDGE_CURVE('',#2898,#2974,#1397,.T.);
#3714=EDGE_CURVE('',#2975,#2976,#1398,.T.);
#3715=EDGE_CURVE('',#2976,#2929,#1399,.F.);
#3716=EDGE_CURVE('',#2928,#2975,#1400,.T.);
#3717=EDGE_CURVE('',#2927,#2977,#1401,.T.);
#3718=EDGE_CURVE('',#2977,#2975,#1402,.T.);
#3719=EDGE_CURVE('',#2926,#2978,#1403,.T.);
#3720=EDGE_CURVE('',#2978,#2977,#1404,.T.);
#3721=EDGE_CURVE('',#2925,#2979,#1405,.T.);
#3722=EDGE_CURVE('',#2979,#2978,#1406,.T.);
#3723=EDGE_CURVE('',#2924,#2980,#1407,.T.);
#3724=EDGE_CURVE('',#2980,#2979,#1408,.T.);
#3725=EDGE_CURVE('',#2923,#2981,#1409,.T.);
#3726=EDGE_CURVE('',#2981,#2980,#1410,.T.);
#3727=EDGE_CURVE('',#2922,#2982,#1411,.T.);
#3728=EDGE_CURVE('',#2982,#2981,#1412,.T.);
#3729=EDGE_CURVE('',#2921,#2983,#1413,.T.);
#3730=EDGE_CURVE('',#2983,#2982,#1414,.T.);
#3731=EDGE_CURVE('',#2920,#2984,#1415,.T.);
#3732=EDGE_CURVE('',#2984,#2983,#1416,.T.);
#3733=EDGE_CURVE('',#2919,#2985,#1417,.T.);
#3734=EDGE_CURVE('',#2985,#2984,#1418,.T.);
#3735=EDGE_CURVE('',#2918,#2986,#1419,.F.);
#3736=EDGE_CURVE('',#2986,#2985,#1420,.T.);
#3737=EDGE_CURVE('',#2874,#2975,#1421,.T.);
#3738=EDGE_CURVE('',#2976,#2873,#1422,.T.);
#3739=EDGE_CURVE('',#2977,#2875,#1423,.T.);
#3740=EDGE_CURVE('',#2978,#2876,#1424,.T.);
#3741=EDGE_CURVE('',#2979,#2877,#1425,.T.);
#3742=EDGE_CURVE('',#2980,#2878,#1426,.T.);
#3743=EDGE_CURVE('',#2981,#2879,#1427,.T.);
#3744=EDGE_CURVE('',#2982,#2880,#1428,.T.);
#3745=EDGE_CURVE('',#2983,#2881,#1429,.T.);
#3746=EDGE_CURVE('',#2984,#2882,#1430,.T.);
#3747=EDGE_CURVE('',#2985,#2883,#1431,.T.);
#3748=EDGE_CURVE('',#2986,#2884,#1432,.T.);
#3749=EDGE_CURVE('',#2987,#2988,#127,.T.);
#3750=EDGE_CURVE('',#2987,#2966,#1433,.T.);
#3751=EDGE_CURVE('',#2988,#2965,#1434,.T.);
#3752=EDGE_CURVE('',#2989,#2946,#1435,.T.);
#3753=EDGE_CURVE('',#2989,#2990,#1436,.T.);
#3754=EDGE_CURVE('',#2947,#2990,#1437,.T.);
#3755=EDGE_CURVE('',#2991,#2945,#1438,.T.);
#3756=EDGE_CURVE('',#2989,#2991,#1439,.T.);
#3757=EDGE_CURVE('',#2944,#2992,#1440,.T.);
#3758=EDGE_CURVE('',#2992,#2991,#184,.T.);
#3759=EDGE_CURVE('',#2993,#2943,#1441,.T.);
#3760=EDGE_CURVE('',#2993,#2992,#1442,.T.);
#3761=EDGE_CURVE('',#2969,#2887,#1443,.T.);
#3762=EDGE_CURVE('',#2967,#2886,#1444,.T.);
#3763=EDGE_CURVE('',#2942,#2994,#1445,.T.);
#3764=EDGE_CURVE('',#2994,#2993,#1446,.T.);
#3765=EDGE_CURVE('',#2970,#2888,#1447,.T.);
#3766=EDGE_CURVE('',#2995,#2941,#1448,.T.);
#3767=EDGE_CURVE('',#2995,#2994,#1449,.T.);
#3768=EDGE_CURVE('',#2971,#2889,#1450,.T.);
#3769=EDGE_CURVE('',#2940,#2996,#1451,.T.);
#3770=EDGE_CURVE('',#2996,#2995,#185,.T.);
#3771=EDGE_CURVE('',#2972,#2890,#1452,.T.);
#3772=EDGE_CURVE('',#2939,#2997,#1453,.T.);
#3773=EDGE_CURVE('',#2997,#2996,#1454,.T.);
#3774=EDGE_CURVE('',#2973,#2891,#1455,.T.);
#3775=EDGE_CURVE('',#2998,#2938,#1456,.T.);
#3776=EDGE_CURVE('',#2998,#2997,#1457,.T.);
#3777=EDGE_CURVE('',#2974,#2892,#1458,.T.);
#3778=EDGE_CURVE('',#2937,#2999,#1459,.T.);
#3779=EDGE_CURVE('',#2999,#2998,#186,.T.);
#3780=EDGE_CURVE('',#3000,#2936,#1460,.T.);
#3781=EDGE_CURVE('',#2999,#3000,#1461,.T.);
#3782=EDGE_CURVE('',#2935,#3001,#1462,.T.);
#3783=EDGE_CURVE('',#3001,#3000,#187,.T.);
#3784=EDGE_CURVE('',#2905,#2869,#1463,.T.);
#3785=EDGE_CURVE('',#3002,#2934,#1464,.T.);
#3786=EDGE_CURVE('',#3002,#3001,#1465,.T.);
#3787=EDGE_CURVE('',#2870,#2907,#1466,.T.);
#3788=EDGE_CURVE('',#3003,#2933,#1467,.T.);
#3789=EDGE_CURVE('',#3002,#3003,#1468,.T.);
#3790=EDGE_CURVE('',#2871,#2909,#1469,.T.);
#3791=EDGE_CURVE('',#2932,#3004,#1470,.T.);
#3792=EDGE_CURVE('',#3004,#3003,#188,.T.);
#3793=EDGE_CURVE('',#2930,#2872,#1471,.T.);
#3794=EDGE_CURVE('',#3005,#2931,#1472,.T.);
#3795=EDGE_CURVE('',#3005,#3004,#1473,.T.);
#3796=EDGE_CURVE('',#2930,#2872,#1474,.T.);
#3797=EDGE_CURVE('',#2872,#3006,#1475,.T.);
#3798=EDGE_CURVE('',#3006,#3005,#1476,.T.);
#3799=EDGE_CURVE('',#3007,#2987,#1477,.T.);
#3800=EDGE_CURVE('',#3008,#3007,#1478,.T.);
#3801=EDGE_CURVE('',#3006,#3008,#1479,.T.);
#3802=EDGE_CURVE('',#3009,#2988,#1480,.T.);
#3803=EDGE_CURVE('',#3007,#3009,#128,.T.);
#3804=EDGE_CURVE('',#3009,#3010,#129,.T.);
#3805=EDGE_CURVE('',#3010,#3008,#130,.T.);
#3806=EDGE_CURVE('',#2964,#3011,#1481,.T.);
#3807=EDGE_CURVE('',#3011,#3010,#1482,.T.);
#3808=EDGE_CURVE('',#2990,#3012,#189,.T.);
#3809=EDGE_CURVE('',#3012,#2948,#1483,.T.);
#3810=EDGE_CURVE('',#3013,#3012,#1484,.T.);
#3811=EDGE_CURVE('',#2949,#3013,#1485,.T.);
#3812=EDGE_CURVE('',#3013,#3014,#190,.T.);
#3813=EDGE_CURVE('',#3014,#2950,#1486,.T.);
#3814=EDGE_CURVE('',#2962,#3015,#1487,.T.);
#3815=EDGE_CURVE('',#3015,#3016,#191,.T.);
#3816=EDGE_CURVE('',#3016,#2963,#1488,.T.);
#3817=EDGE_CURVE('',#2961,#3017,#1489,.T.);
#3818=EDGE_CURVE('',#3017,#3015,#1490,.T.);
#3819=EDGE_CURVE('',#2959,#3018,#1491,.T.);
#3820=EDGE_CURVE('',#3018,#3019,#192,.T.);
#3821=EDGE_CURVE('',#3019,#2960,#1492,.T.);
#3822=EDGE_CURVE('',#3020,#2958,#1493,.T.);
#3823=EDGE_CURVE('',#3018,#3020,#1494,.T.);
#3824=EDGE_CURVE('',#2957,#3021,#1495,.T.);
#3825=EDGE_CURVE('',#3021,#3020,#193,.T.);
#3826=EDGE_CURVE('',#3022,#2956,#1496,.T.);
#3827=EDGE_CURVE('',#3022,#3021,#1497,.T.);
#3828=EDGE_CURVE('',#2954,#3023,#1498,.T.);
#3829=EDGE_CURVE('',#3023,#3024,#194,.T.);
#3830=EDGE_CURVE('',#3024,#2955,#1499,.T.);
#3831=EDGE_CURVE('',#3025,#2953,#1500,.T.);
#3832=EDGE_CURVE('',#3025,#3023,#1501,.T.);
#3833=EDGE_CURVE('',#2951,#3026,#1502,.T.);
#3834=EDGE_CURVE('',#3026,#3027,#195,.T.);
#3835=EDGE_CURVE('',#3027,#2952,#1503,.T.);
#3836=EDGE_CURVE('',#3014,#3026,#1504,.T.);
#3837=EDGE_CURVE('',#2968,#2885,#1505,.T.);
#3838=EDGE_CURVE('',#3019,#3017,#1506,.T.);
#3839=EDGE_CURVE('',#3016,#3011,#1507,.T.);
#3840=EDGE_CURVE('',#3025,#3027,#1508,.T.);
#3841=EDGE_CURVE('',#3022,#3024,#1509,.T.);
#3842=EDGE_CURVE('',#3028,#3029,#1510,.T.);
#3843=EDGE_CURVE('',#3030,#3029,#1511,.T.);
#3844=EDGE_CURVE('',#3031,#3030,#1512,.T.);
#3845=EDGE_CURVE('',#3028,#3031,#1513,.T.);
#3846=EDGE_CURVE('',#3032,#3028,#1514,.T.);
#3847=EDGE_CURVE('',#3033,#3031,#1515,.T.);
#3848=EDGE_CURVE('',#3032,#3033,#1516,.T.);
#3849=EDGE_CURVE('',#3034,#3032,#1517,.T.);
#3850=EDGE_CURVE('',#3035,#3033,#1518,.T.);
#3851=EDGE_CURVE('',#3034,#3035,#1519,.T.);
#3852=EDGE_CURVE('',#3036,#3035,#1520,.T.);
#3853=EDGE_CURVE('',#3037,#3036,#1521,.T.);
#3854=EDGE_CURVE('',#3034,#3037,#1522,.T.);
#3855=EDGE_CURVE('',#3038,#3029,#1523,.T.);
#3856=EDGE_CURVE('',#3038,#3039,#1524,.T.);
#3857=EDGE_CURVE('',#3030,#3039,#1525,.T.);
#3858=EDGE_CURVE('',#3040,#3041,#1526,.T.);
#3859=EDGE_CURVE('',#3040,#3042,#1527,.T.);
#3860=EDGE_CURVE('',#3043,#3042,#1528,.T.);
#3861=EDGE_CURVE('',#3041,#3043,#1529,.T.);
#3862=EDGE_CURVE('',#3037,#3040,#1530,.T.);
#3863=EDGE_CURVE('',#3042,#3036,#1531,.T.);
#3864=EDGE_CURVE('',#3044,#3045,#1532,.T.);
#3865=EDGE_CURVE('',#3041,#3044,#1533,.T.);
#3866=EDGE_CURVE('',#3046,#3043,#1534,.T.);
#3867=EDGE_CURVE('',#3047,#3046,#1535,.T.);
#3868=EDGE_CURVE('',#3045,#3047,#1536,.T.);
#3869=EDGE_CURVE('',#3045,#3048,#1537,.T.);
#3870=EDGE_CURVE('',#3049,#3047,#1538,.T.);
#3871=EDGE_CURVE('',#3048,#3049,#1539,.T.);
#3872=EDGE_CURVE('',#3048,#3038,#1540,.T.);
#3873=EDGE_CURVE('',#3039,#3049,#1541,.T.);
#3874=EDGE_CURVE('',#3050,#3051,#1542,.T.);
#3875=EDGE_CURVE('',#3050,#3052,#1543,.T.);
#3876=EDGE_CURVE('',#3053,#3052,#1544,.T.);
#3877=EDGE_CURVE('',#3051,#3053,#1545,.T.);
#3878=EDGE_CURVE('',#3051,#3054,#1546,.T.);
#3879=EDGE_CURVE('',#3055,#3053,#1547,.T.);
#3880=EDGE_CURVE('',#3054,#3055,#1548,.T.);
#3881=EDGE_CURVE('',#3054,#3056,#1549,.T.);
#3882=EDGE_CURVE('',#3057,#3055,#1550,.T.);
#3883=EDGE_CURVE('',#3056,#3057,#1551,.T.);
#3884=EDGE_CURVE('',#3056,#3050,#1552,.T.);
#3885=EDGE_CURVE('',#3052,#3057,#1553,.T.);
#3886=EDGE_CURVE('',#3058,#3058,#196,.T.);
#3887=EDGE_CURVE('',#3058,#3059,#1554,.T.);
#3888=EDGE_CURVE('',#3059,#3059,#197,.T.);
#3889=EDGE_CURVE('',#3060,#3060,#198,.T.);
#3890=EDGE_CURVE('',#3060,#3061,#1555,.T.);
#3891=EDGE_CURVE('',#3061,#3061,#199,.T.);
#3892=EDGE_CURVE('',#3062,#3062,#200,.T.);
#3893=EDGE_CURVE('',#3062,#3063,#1556,.T.);
#3894=EDGE_CURVE('',#3063,#3063,#201,.T.);
#3895=EDGE_CURVE('',#3064,#3064,#202,.T.);
#3896=EDGE_CURVE('',#3064,#3065,#1557,.T.);
#3897=EDGE_CURVE('',#3065,#3065,#203,.T.);
#3898=EDGE_CURVE('',#3066,#3066,#204,.T.);
#3899=EDGE_CURVE('',#3066,#3067,#1558,.T.);
#3900=EDGE_CURVE('',#3067,#3067,#205,.T.);
#3901=EDGE_CURVE('',#3068,#3069,#1559,.T.);
#3902=EDGE_CURVE('',#3070,#3069,#1560,.T.);
#3903=EDGE_CURVE('',#3070,#3071,#1561,.T.);
#3904=EDGE_CURVE('',#3071,#3072,#1562,.T.);
#3905=EDGE_CURVE('',#3073,#3072,#1563,.T.);
#3906=EDGE_CURVE('',#3074,#3073,#1564,.T.);
#3907=EDGE_CURVE('',#3075,#3074,#1565,.T.);
#3908=EDGE_CURVE('',#3076,#3075,#1566,.T.);
#3909=EDGE_CURVE('',#3077,#3076,#1567,.T.);
#3910=EDGE_CURVE('',#3078,#3077,#1568,.T.);
#3911=EDGE_CURVE('',#3079,#3078,#1569,.T.);
#3912=EDGE_CURVE('',#3080,#3079,#1570,.T.);
#3913=EDGE_CURVE('',#3081,#3080,#1571,.T.);
#3914=EDGE_CURVE('',#3082,#3081,#1572,.T.);
#3915=EDGE_CURVE('',#3083,#3082,#1573,.T.);
#3916=EDGE_CURVE('',#3084,#3083,#1574,.T.);
#3917=EDGE_CURVE('',#3085,#3084,#1575,.T.);
#3918=EDGE_CURVE('',#3086,#3085,#1576,.T.);
#3919=EDGE_CURVE('',#3087,#3086,#1577,.T.);
#3920=EDGE_CURVE('',#3088,#3087,#1578,.T.);
#3921=EDGE_CURVE('',#3089,#3088,#1579,.T.);
#3922=EDGE_CURVE('',#3090,#3089,#1580,.T.);
#3923=EDGE_CURVE('',#3091,#3090,#1581,.T.);
#3924=EDGE_CURVE('',#3092,#3091,#1582,.T.);
#3925=EDGE_CURVE('',#3093,#3092,#1583,.T.);
#3926=EDGE_CURVE('',#3094,#3093,#1584,.T.);
#3927=EDGE_CURVE('',#3095,#3094,#1585,.T.);
#3928=EDGE_CURVE('',#3096,#3095,#1586,.T.);
#3929=EDGE_CURVE('',#3096,#3097,#1587,.T.);
#3930=EDGE_CURVE('',#3097,#3068,#1588,.T.);
#3931=EDGE_CURVE('',#3069,#3098,#1589,.T.);
#3932=EDGE_CURVE('',#3098,#3099,#1590,.T.);
#3933=EDGE_CURVE('',#3099,#3096,#1591,.T.);
#3934=EDGE_CURVE('',#3100,#3095,#1592,.T.);
#3935=EDGE_CURVE('',#3101,#3100,#1593,.T.);
#3936=EDGE_CURVE('',#3101,#3070,#1594,.T.);
#3937=EDGE_CURVE('',#3068,#3102,#1595,.T.);
#3938=EDGE_CURVE('',#3102,#3098,#1596,.T.);
#3939=EDGE_CURVE('',#3103,#3099,#1597,.T.);
#3940=EDGE_CURVE('',#3097,#3103,#1598,.T.);
#3941=EDGE_CURVE('',#3102,#3103,#1599,.T.);
#3942=EDGE_CURVE('',#3100,#3104,#1600,.T.);
#3943=EDGE_CURVE('',#3104,#3105,#1601,.T.);
#3944=EDGE_CURVE('',#3105,#3101,#1602,.T.);
#3945=EDGE_CURVE('',#3105,#3106,#1603,.T.);
#3946=EDGE_CURVE('',#3106,#3107,#1604,.T.);
#3947=EDGE_CURVE('',#3107,#3101,#1605,.T.);
#3948=EDGE_CURVE('',#3106,#3108,#1606,.T.);
#3949=EDGE_CURVE('',#3108,#3109,#1607,.T.);
#3950=EDGE_CURVE('',#3109,#3107,#1608,.T.);
#3951=EDGE_CURVE('',#3108,#3110,#1609,.T.);
#3952=EDGE_CURVE('',#3110,#3111,#1610,.T.);
#3953=EDGE_CURVE('',#3111,#3109,#1611,.T.);
#3954=EDGE_CURVE('',#3112,#3104,#1612,.T.);
#3955=EDGE_CURVE('',#3113,#3112,#1613,.T.);
#3956=EDGE_CURVE('',#3114,#3113,#1614,.T.);
#3957=EDGE_CURVE('',#3115,#3114,#1615,.T.);
#3958=EDGE_CURVE('',#3116,#3115,#1616,.T.);
#3959=EDGE_CURVE('',#3117,#3116,#1617,.T.);
#3960=EDGE_CURVE('',#3118,#3117,#1618,.T.);
#3961=EDGE_CURVE('',#3119,#3118,#1619,.T.);
#3962=EDGE_CURVE('',#3119,#3120,#1620,.T.);
#3963=EDGE_CURVE('',#3121,#3120,#1621,.T.);
#3964=EDGE_CURVE('',#3122,#3121,#1622,.T.);
#3965=EDGE_CURVE('',#3123,#3122,#1623,.T.);
#3966=EDGE_CURVE('',#3124,#3123,#1624,.T.);
#3967=EDGE_CURVE('',#3125,#3124,#1625,.T.);
#3968=EDGE_CURVE('',#3126,#3125,#1626,.T.);
#3969=EDGE_CURVE('',#3127,#3126,#1627,.T.);
#3970=EDGE_CURVE('',#3128,#3127,#1628,.T.);
#3971=EDGE_CURVE('',#3129,#3128,#1629,.T.);
#3972=EDGE_CURVE('',#3130,#3129,#1630,.T.);
#3973=EDGE_CURVE('',#3131,#3130,#1631,.T.);
#3974=EDGE_CURVE('',#3131,#3132,#1632,.T.);
#3975=EDGE_CURVE('',#3132,#3133,#1633,.T.);
#3976=EDGE_CURVE('',#3133,#3134,#1634,.T.);
#3977=EDGE_CURVE('',#3134,#3135,#206,.T.);
#3978=EDGE_CURVE('',#3135,#3136,#1635,.T.);
#3979=EDGE_CURVE('',#3136,#3137,#1636,.T.);
#3980=EDGE_CURVE('',#3137,#3138,#207,.T.);
#3981=EDGE_CURVE('',#3138,#3139,#1637,.T.);
#3982=EDGE_CURVE('',#3139,#3140,#208,.T.);
#3983=EDGE_CURVE('',#3140,#3141,#1638,.T.);
#3984=EDGE_CURVE('',#3141,#3142,#1639,.T.);
#3985=EDGE_CURVE('',#3142,#3143,#209,.T.);
#3986=EDGE_CURVE('',#3143,#3144,#1640,.T.);
#3987=EDGE_CURVE('',#3144,#3145,#1641,.T.);
#3988=EDGE_CURVE('',#3145,#3146,#1642,.T.);
#3989=EDGE_CURVE('',#3146,#3147,#210,.T.);
#3990=EDGE_CURVE('',#3147,#3148,#1643,.T.);
#3991=EDGE_CURVE('',#3148,#3149,#1644,.T.);
#3992=EDGE_CURVE('',#3149,#3150,#211,.T.);
#3993=EDGE_CURVE('',#3150,#3151,#1645,.T.);
#3994=EDGE_CURVE('',#3151,#3152,#212,.T.);
#3995=EDGE_CURVE('',#3152,#3153,#1646,.T.);
#3996=EDGE_CURVE('',#3153,#3154,#213,.T.);
#3997=EDGE_CURVE('',#3154,#3155,#1647,.T.);
#3998=EDGE_CURVE('',#3155,#3156,#1648,.T.);
#3999=EDGE_CURVE('',#3156,#3157,#214,.T.);
#4000=EDGE_CURVE('',#3157,#3158,#1649,.T.);
#4001=EDGE_CURVE('',#3158,#3159,#1650,.T.);
#4002=EDGE_CURVE('',#3159,#3160,#215,.T.);
#4003=EDGE_CURVE('',#3160,#3161,#1651,.T.);
#4004=EDGE_CURVE('',#3161,#3162,#216,.T.);
#4005=EDGE_CURVE('',#3162,#3163,#1652,.T.);
#4006=EDGE_CURVE('',#3163,#3164,#1653,.T.);
#4007=EDGE_CURVE('',#3164,#3165,#217,.T.);
#4008=EDGE_CURVE('',#3165,#3166,#1654,.T.);
#4009=EDGE_CURVE('',#3166,#3167,#1655,.T.);
#4010=EDGE_CURVE('',#3167,#3168,#131,.T.);
#4011=EDGE_CURVE('',#3168,#3132,#1656,.T.);
#4012=EDGE_CURVE('',#3132,#3110,#1657,.T.);
#4013=EDGE_CURVE('',#3169,#3170,#1658,.T.);
#4014=EDGE_CURVE('',#3170,#3119,#1659,.F.);
#4015=EDGE_CURVE('',#3118,#3169,#1660,.T.);
#4016=EDGE_CURVE('',#3117,#3171,#1661,.T.);
#4017=EDGE_CURVE('',#3171,#3169,#1662,.T.);
#4018=EDGE_CURVE('',#3116,#3172,#1663,.T.);
#4019=EDGE_CURVE('',#3172,#3171,#1664,.T.);
#4020=EDGE_CURVE('',#3115,#3173,#1665,.T.);
#4021=EDGE_CURVE('',#3173,#3172,#1666,.T.);
#4022=EDGE_CURVE('',#3114,#3174,#1667,.T.);
#4023=EDGE_CURVE('',#3174,#3173,#1668,.T.);
#4024=EDGE_CURVE('',#3113,#3175,#1669,.T.);
#4025=EDGE_CURVE('',#3175,#3174,#1670,.T.);
#4026=EDGE_CURVE('',#3112,#3176,#1671,.T.);
#4027=EDGE_CURVE('',#3176,#3175,#1672,.T.);
#4028=EDGE_CURVE('',#3100,#3176,#1673,.T.);
#4029=EDGE_CURVE('',#3177,#3178,#1674,.T.);
#4030=EDGE_CURVE('',#3178,#3131,#1675,.F.);
#4031=EDGE_CURVE('',#3130,#3177,#1676,.T.);
#4032=EDGE_CURVE('',#3129,#3179,#1677,.T.);
#4033=EDGE_CURVE('',#3179,#3177,#1678,.T.);
#4034=EDGE_CURVE('',#3128,#3180,#1679,.T.);
#4035=EDGE_CURVE('',#3180,#3179,#1680,.T.);
#4036=EDGE_CURVE('',#3127,#3181,#1681,.T.);
#4037=EDGE_CURVE('',#3181,#3180,#1682,.T.);
#4038=EDGE_CURVE('',#3126,#3182,#1683,.T.);
#4039=EDGE_CURVE('',#3182,#3181,#1684,.T.);
#4040=EDGE_CURVE('',#3125,#3183,#1685,.T.);
#4041=EDGE_CURVE('',#3183,#3182,#1686,.T.);
#4042=EDGE_CURVE('',#3124,#3184,#1687,.T.);
#4043=EDGE_CURVE('',#3184,#3183,#1688,.T.);
#4044=EDGE_CURVE('',#3123,#3185,#1689,.T.);
#4045=EDGE_CURVE('',#3185,#3184,#1690,.T.);
#4046=EDGE_CURVE('',#3122,#3186,#1691,.T.);
#4047=EDGE_CURVE('',#3186,#3185,#1692,.T.);
#4048=EDGE_CURVE('',#3121,#3187,#1693,.T.);
#4049=EDGE_CURVE('',#3187,#3186,#1694,.T.);
#4050=EDGE_CURVE('',#3120,#3188,#1695,.F.);
#4051=EDGE_CURVE('',#3188,#3187,#1696,.T.);
#4052=EDGE_CURVE('',#3076,#3177,#1697,.T.);
#4053=EDGE_CURVE('',#3178,#3075,#1698,.T.);
#4054=EDGE_CURVE('',#3179,#3077,#1699,.T.);
#4055=EDGE_CURVE('',#3180,#3078,#1700,.T.);
#4056=EDGE_CURVE('',#3181,#3079,#1701,.T.);
#4057=EDGE_CURVE('',#3182,#3080,#1702,.T.);
#4058=EDGE_CURVE('',#3183,#3081,#1703,.T.);
#4059=EDGE_CURVE('',#3184,#3082,#1704,.T.);
#4060=EDGE_CURVE('',#3185,#3083,#1705,.T.);
#4061=EDGE_CURVE('',#3186,#3084,#1706,.T.);
#4062=EDGE_CURVE('',#3187,#3085,#1707,.T.);
#4063=EDGE_CURVE('',#3188,#3086,#1708,.T.);
#4064=EDGE_CURVE('',#3189,#3190,#132,.T.);
#4065=EDGE_CURVE('',#3189,#3168,#1709,.T.);
#4066=EDGE_CURVE('',#3190,#3167,#1710,.T.);
#4067=EDGE_CURVE('',#3191,#3148,#1711,.T.);
#4068=EDGE_CURVE('',#3191,#3192,#1712,.T.);
#4069=EDGE_CURVE('',#3149,#3192,#1713,.T.);
#4070=EDGE_CURVE('',#3193,#3147,#1714,.T.);
#4071=EDGE_CURVE('',#3191,#3193,#1715,.T.);
#4072=EDGE_CURVE('',#3146,#3194,#1716,.T.);
#4073=EDGE_CURVE('',#3194,#3193,#218,.T.);
#4074=EDGE_CURVE('',#3195,#3145,#1717,.T.);
#4075=EDGE_CURVE('',#3195,#3194,#1718,.T.);
#4076=EDGE_CURVE('',#3171,#3089,#1719,.T.);
#4077=EDGE_CURVE('',#3169,#3088,#1720,.T.);
#4078=EDGE_CURVE('',#3144,#3196,#1721,.T.);
#4079=EDGE_CURVE('',#3196,#3195,#1722,.T.);
#4080=EDGE_CURVE('',#3172,#3090,#1723,.T.);
#4081=EDGE_CURVE('',#3197,#3143,#1724,.T.);
#4082=EDGE_CURVE('',#3197,#3196,#1725,.T.);
#4083=EDGE_CURVE('',#3173,#3091,#1726,.T.);
#4084=EDGE_CURVE('',#3142,#3198,#1727,.T.);
#4085=EDGE_CURVE('',#3198,#3197,#219,.T.);
#4086=EDGE_CURVE('',#3174,#3092,#1728,.T.);
#4087=EDGE_CURVE('',#3141,#3199,#1729,.T.);
#4088=EDGE_CURVE('',#3199,#3198,#1730,.T.);
#4089=EDGE_CURVE('',#3175,#3093,#1731,.T.);
#4090=EDGE_CURVE('',#3200,#3140,#1732,.T.);
#4091=EDGE_CURVE('',#3200,#3199,#1733,.T.);
#4092=EDGE_CURVE('',#3176,#3094,#1734,.T.);
#4093=EDGE_CURVE('',#3139,#3201,#1735,.T.);
#4094=EDGE_CURVE('',#3201,#3200,#220,.T.);
#4095=EDGE_CURVE('',#3202,#3138,#1736,.T.);
#4096=EDGE_CURVE('',#3201,#3202,#1737,.T.);
#4097=EDGE_CURVE('',#3137,#3203,#1738,.T.);
#4098=EDGE_CURVE('',#3203,#3202,#221,.T.);
#4099=EDGE_CURVE('',#3107,#3071,#1739,.T.);
#4100=EDGE_CURVE('',#3204,#3136,#1740,.T.);
#4101=EDGE_CURVE('',#3204,#3203,#1741,.T.);
#4102=EDGE_CURVE('',#3072,#3109,#1742,.T.);
#4103=EDGE_CURVE('',#3205,#3135,#1743,.T.);
#4104=EDGE_CURVE('',#3204,#3205,#1744,.T.);
#4105=EDGE_CURVE('',#3073,#3111,#1745,.T.);
#4106=EDGE_CURVE('',#3134,#3206,#1746,.T.);
#4107=EDGE_CURVE('',#3206,#3205,#222,.T.);
#4108=EDGE_CURVE('',#3132,#3074,#1747,.T.);
#4109=EDGE_CURVE('',#3207,#3133,#1748,.T.);
#4110=EDGE_CURVE('',#3207,#3206,#1749,.T.);
#4111=EDGE_CURVE('',#3132,#3074,#1750,.T.);
#4112=EDGE_CURVE('',#3074,#3208,#1751,.T.);
#4113=EDGE_CURVE('',#3208,#3207,#1752,.T.);
#4114=EDGE_CURVE('',#3209,#3189,#1753,.T.);
#4115=EDGE_CURVE('',#3210,#3209,#1754,.T.);
#4116=EDGE_CURVE('',#3208,#3210,#1755,.T.);
#4117=EDGE_CURVE('',#3211,#3190,#1756,.T.);
#4118=EDGE_CURVE('',#3209,#3211,#133,.T.);
#4119=EDGE_CURVE('',#3211,#3212,#134,.T.);
#4120=EDGE_CURVE('',#3212,#3210,#135,.T.);
#4121=EDGE_CURVE('',#3166,#3213,#1757,.T.);
#4122=EDGE_CURVE('',#3213,#3212,#1758,.T.);
#4123=EDGE_CURVE('',#3192,#3214,#223,.T.);
#4124=EDGE_CURVE('',#3214,#3150,#1759,.T.);
#4125=EDGE_CURVE('',#3215,#3214,#1760,.T.);
#4126=EDGE_CURVE('',#3151,#3215,#1761,.T.);
#4127=EDGE_CURVE('',#3215,#3216,#224,.T.);
#4128=EDGE_CURVE('',#3216,#3152,#1762,.T.);
#4129=EDGE_CURVE('',#3164,#3217,#1763,.T.);
#4130=EDGE_CURVE('',#3217,#3218,#225,.T.);
#4131=EDGE_CURVE('',#3218,#3165,#1764,.T.);
#4132=EDGE_CURVE('',#3163,#3219,#1765,.T.);
#4133=EDGE_CURVE('',#3219,#3217,#1766,.T.);
#4134=EDGE_CURVE('',#3161,#3220,#1767,.T.);
#4135=EDGE_CURVE('',#3220,#3221,#226,.T.);
#4136=EDGE_CURVE('',#3221,#3162,#1768,.T.);
#4137=EDGE_CURVE('',#3222,#3160,#1769,.T.);
#4138=EDGE_CURVE('',#3220,#3222,#1770,.T.);
#4139=EDGE_CURVE('',#3159,#3223,#1771,.T.);
#4140=EDGE_CURVE('',#3223,#3222,#227,.T.);
#4141=EDGE_CURVE('',#3224,#3158,#1772,.T.);
#4142=EDGE_CURVE('',#3224,#3223,#1773,.T.);
#4143=EDGE_CURVE('',#3156,#3225,#1774,.T.);
#4144=EDGE_CURVE('',#3225,#3226,#228,.T.);
#4145=EDGE_CURVE('',#3226,#3157,#1775,.T.);
#4146=EDGE_CURVE('',#3227,#3155,#1776,.T.);
#4147=EDGE_CURVE('',#3227,#3225,#1777,.T.);
#4148=EDGE_CURVE('',#3153,#3228,#1778,.T.);
#4149=EDGE_CURVE('',#3228,#3229,#229,.T.);
#4150=EDGE_CURVE('',#3229,#3154,#1779,.T.);
#4151=EDGE_CURVE('',#3216,#3228,#1780,.T.);
#4152=EDGE_CURVE('',#3170,#3087,#1781,.T.);
#4153=EDGE_CURVE('',#3221,#3219,#1782,.T.);
#4154=EDGE_CURVE('',#3218,#3213,#1783,.T.);
#4155=EDGE_CURVE('',#3227,#3229,#1784,.T.);
#4156=EDGE_CURVE('',#3224,#3226,#1785,.T.);
#4157=EDGE_CURVE('',#3230,#3231,#1786,.T.);
#4158=EDGE_CURVE('',#3232,#3231,#1787,.T.);
#4159=EDGE_CURVE('',#3233,#3232,#1788,.T.);
#4160=EDGE_CURVE('',#3230,#3233,#1789,.T.);
#4161=EDGE_CURVE('',#3234,#3230,#1790,.T.);
#4162=EDGE_CURVE('',#3235,#3233,#1791,.T.);
#4163=EDGE_CURVE('',#3234,#3235,#1792,.T.);
#4164=EDGE_CURVE('',#3236,#3234,#1793,.T.);
#4165=EDGE_CURVE('',#3237,#3235,#1794,.T.);
#4166=EDGE_CURVE('',#3236,#3237,#1795,.T.);
#4167=EDGE_CURVE('',#3238,#3237,#1796,.T.);
#4168=EDGE_CURVE('',#3239,#3238,#1797,.T.);
#4169=EDGE_CURVE('',#3236,#3239,#1798,.T.);
#4170=EDGE_CURVE('',#3240,#3231,#1799,.T.);
#4171=EDGE_CURVE('',#3240,#3241,#1800,.T.);
#4172=EDGE_CURVE('',#3232,#3241,#1801,.T.);
#4173=EDGE_CURVE('',#3242,#3243,#1802,.T.);
#4174=EDGE_CURVE('',#3242,#3244,#1803,.T.);
#4175=EDGE_CURVE('',#3245,#3244,#1804,.T.);
#4176=EDGE_CURVE('',#3243,#3245,#1805,.T.);
#4177=EDGE_CURVE('',#3239,#3242,#1806,.T.);
#4178=EDGE_CURVE('',#3244,#3238,#1807,.T.);
#4179=EDGE_CURVE('',#3246,#3247,#1808,.T.);
#4180=EDGE_CURVE('',#3243,#3246,#1809,.T.);
#4181=EDGE_CURVE('',#3248,#3245,#1810,.T.);
#4182=EDGE_CURVE('',#3249,#3248,#1811,.T.);
#4183=EDGE_CURVE('',#3247,#3249,#1812,.T.);
#4184=EDGE_CURVE('',#3247,#3250,#1813,.T.);
#4185=EDGE_CURVE('',#3251,#3249,#1814,.T.);
#4186=EDGE_CURVE('',#3250,#3251,#1815,.T.);
#4187=EDGE_CURVE('',#3250,#3240,#1816,.T.);
#4188=EDGE_CURVE('',#3241,#3251,#1817,.T.);
#4189=EDGE_CURVE('',#3252,#3253,#1818,.T.);
#4190=EDGE_CURVE('',#3252,#3254,#1819,.T.);
#4191=EDGE_CURVE('',#3255,#3254,#1820,.T.);
#4192=EDGE_CURVE('',#3253,#3255,#1821,.T.);
#4193=EDGE_CURVE('',#3253,#3256,#1822,.T.);
#4194=EDGE_CURVE('',#3257,#3255,#1823,.T.);
#4195=EDGE_CURVE('',#3256,#3257,#1824,.T.);
#4196=EDGE_CURVE('',#3256,#3258,#1825,.T.);
#4197=EDGE_CURVE('',#3259,#3257,#1826,.T.);
#4198=EDGE_CURVE('',#3258,#3259,#1827,.T.);
#4199=EDGE_CURVE('',#3258,#3252,#1828,.T.);
#4200=EDGE_CURVE('',#3254,#3259,#1829,.T.);
#4201=EDGE_CURVE('',#3260,#3260,#230,.T.);
#4202=EDGE_CURVE('',#3260,#3261,#1830,.T.);
#4203=EDGE_CURVE('',#3261,#3261,#231,.T.);
#4204=EDGE_CURVE('',#3262,#3262,#232,.T.);
#4205=EDGE_CURVE('',#3262,#3263,#1831,.T.);
#4206=EDGE_CURVE('',#3263,#3263,#233,.T.);
#4207=EDGE_CURVE('',#3264,#3264,#234,.T.);
#4208=EDGE_CURVE('',#3264,#3265,#1832,.T.);
#4209=EDGE_CURVE('',#3265,#3265,#235,.T.);
#4210=EDGE_CURVE('',#3266,#3266,#236,.T.);
#4211=EDGE_CURVE('',#3266,#3267,#1833,.T.);
#4212=EDGE_CURVE('',#3267,#3267,#237,.T.);
#4213=ORIENTED_EDGE('',*,*,#3268,.T.);
#4214=ORIENTED_EDGE('',*,*,#3269,.F.);
#4215=ORIENTED_EDGE('',*,*,#3270,.T.);
#4216=ORIENTED_EDGE('',*,*,#3271,.T.);
#4217=ORIENTED_EDGE('',*,*,#3272,.F.);
#4218=ORIENTED_EDGE('',*,*,#3273,.F.);
#4219=ORIENTED_EDGE('',*,*,#3274,.F.);
#4220=ORIENTED_EDGE('',*,*,#3275,.F.);
#4221=ORIENTED_EDGE('',*,*,#3276,.F.);
#4222=ORIENTED_EDGE('',*,*,#3277,.F.);
#4223=ORIENTED_EDGE('',*,*,#3278,.F.);
#4224=ORIENTED_EDGE('',*,*,#3279,.F.);
#4225=ORIENTED_EDGE('',*,*,#3280,.F.);
#4226=ORIENTED_EDGE('',*,*,#3281,.F.);
#4227=ORIENTED_EDGE('',*,*,#3282,.F.);
#4228=ORIENTED_EDGE('',*,*,#3283,.F.);
#4229=ORIENTED_EDGE('',*,*,#3284,.F.);
#4230=ORIENTED_EDGE('',*,*,#3285,.F.);
#4231=ORIENTED_EDGE('',*,*,#3286,.F.);
#4232=ORIENTED_EDGE('',*,*,#3287,.F.);
#4233=ORIENTED_EDGE('',*,*,#3288,.F.);
#4234=ORIENTED_EDGE('',*,*,#3289,.F.);
#4235=ORIENTED_EDGE('',*,*,#3290,.F.);
#4236=ORIENTED_EDGE('',*,*,#3291,.F.);
#4237=ORIENTED_EDGE('',*,*,#3292,.F.);
#4238=ORIENTED_EDGE('',*,*,#3293,.F.);
#4239=ORIENTED_EDGE('',*,*,#3294,.F.);
#4240=ORIENTED_EDGE('',*,*,#3295,.F.);
#4241=ORIENTED_EDGE('',*,*,#3296,.T.);
#4242=ORIENTED_EDGE('',*,*,#3297,.T.);
#4243=ORIENTED_EDGE('',*,*,#3298,.T.);
#4244=ORIENTED_EDGE('',*,*,#3299,.T.);
#4245=ORIENTED_EDGE('',*,*,#3300,.T.);
#4246=ORIENTED_EDGE('',*,*,#3295,.T.);
#4247=ORIENTED_EDGE('',*,*,#3301,.F.);
#4248=ORIENTED_EDGE('',*,*,#3302,.F.);
#4249=ORIENTED_EDGE('',*,*,#3303,.T.);
#4250=ORIENTED_EDGE('',*,*,#3269,.T.);
#4251=ORIENTED_EDGE('',*,*,#3268,.F.);
#4252=ORIENTED_EDGE('',*,*,#3304,.T.);
#4253=ORIENTED_EDGE('',*,*,#3305,.T.);
#4254=ORIENTED_EDGE('',*,*,#3298,.F.);
#4255=ORIENTED_EDGE('',*,*,#3296,.F.);
#4256=ORIENTED_EDGE('',*,*,#3300,.F.);
#4257=ORIENTED_EDGE('',*,*,#3306,.F.);
#4258=ORIENTED_EDGE('',*,*,#3307,.F.);
#4259=ORIENTED_EDGE('',*,*,#3297,.F.);
#4260=ORIENTED_EDGE('',*,*,#3307,.T.);
#4261=ORIENTED_EDGE('',*,*,#3308,.F.);
#4262=ORIENTED_EDGE('',*,*,#3304,.F.);
#4263=ORIENTED_EDGE('',*,*,#3308,.T.);
#4264=ORIENTED_EDGE('',*,*,#3306,.T.);
#4265=ORIENTED_EDGE('',*,*,#3299,.F.);
#4266=ORIENTED_EDGE('',*,*,#3305,.F.);
#4267=ORIENTED_EDGE('',*,*,#3309,.T.);
#4268=ORIENTED_EDGE('',*,*,#3310,.T.);
#4269=ORIENTED_EDGE('',*,*,#3311,.T.);
#4270=ORIENTED_EDGE('',*,*,#3302,.T.);
#4271=ORIENTED_EDGE('',*,*,#3311,.F.);
#4272=ORIENTED_EDGE('',*,*,#3312,.T.);
#4273=ORIENTED_EDGE('',*,*,#3313,.T.);
#4274=ORIENTED_EDGE('',*,*,#3314,.T.);
#4275=ORIENTED_EDGE('',*,*,#3315,.T.);
#4276=ORIENTED_EDGE('',*,*,#3316,.T.);
#4277=ORIENTED_EDGE('',*,*,#3317,.T.);
#4278=ORIENTED_EDGE('',*,*,#3313,.F.);
#4279=ORIENTED_EDGE('',*,*,#3318,.T.);
#4280=ORIENTED_EDGE('',*,*,#3319,.T.);
#4281=ORIENTED_EDGE('',*,*,#3320,.T.);
#4282=ORIENTED_EDGE('',*,*,#3316,.F.);
#4283=ORIENTED_EDGE('',*,*,#3310,.F.);
#4284=ORIENTED_EDGE('',*,*,#3321,.F.);
#4285=ORIENTED_EDGE('',*,*,#3322,.F.);
#4286=ORIENTED_EDGE('',*,*,#3323,.F.);
#4287=ORIENTED_EDGE('',*,*,#3324,.F.);
#4288=ORIENTED_EDGE('',*,*,#3325,.F.);
#4289=ORIENTED_EDGE('',*,*,#3326,.F.);
#4290=ORIENTED_EDGE('',*,*,#3327,.F.);
#4291=ORIENTED_EDGE('',*,*,#3328,.F.);
#4292=ORIENTED_EDGE('',*,*,#3329,.T.);
#4293=ORIENTED_EDGE('',*,*,#3330,.F.);
#4294=ORIENTED_EDGE('',*,*,#3331,.F.);
#4295=ORIENTED_EDGE('',*,*,#3332,.F.);
#4296=ORIENTED_EDGE('',*,*,#3333,.F.);
#4297=ORIENTED_EDGE('',*,*,#3334,.F.);
#4298=ORIENTED_EDGE('',*,*,#3335,.F.);
#4299=ORIENTED_EDGE('',*,*,#3336,.F.);
#4300=ORIENTED_EDGE('',*,*,#3337,.F.);
#4301=ORIENTED_EDGE('',*,*,#3338,.F.);
#4302=ORIENTED_EDGE('',*,*,#3339,.F.);
#4303=ORIENTED_EDGE('',*,*,#3340,.F.);
#4304=ORIENTED_EDGE('',*,*,#3341,.T.);
#4305=ORIENTED_EDGE('',*,*,#3342,.T.);
#4306=ORIENTED_EDGE('',*,*,#3343,.T.);
#4307=ORIENTED_EDGE('',*,*,#3344,.T.);
#4308=ORIENTED_EDGE('',*,*,#3345,.T.);
#4309=ORIENTED_EDGE('',*,*,#3346,.T.);
#4310=ORIENTED_EDGE('',*,*,#3347,.T.);
#4311=ORIENTED_EDGE('',*,*,#3348,.T.);
#4312=ORIENTED_EDGE('',*,*,#3349,.T.);
#4313=ORIENTED_EDGE('',*,*,#3350,.T.);
#4314=ORIENTED_EDGE('',*,*,#3351,.T.);
#4315=ORIENTED_EDGE('',*,*,#3352,.T.);
#4316=ORIENTED_EDGE('',*,*,#3353,.T.);
#4317=ORIENTED_EDGE('',*,*,#3354,.T.);
#4318=ORIENTED_EDGE('',*,*,#3355,.T.);
#4319=ORIENTED_EDGE('',*,*,#3356,.T.);
#4320=ORIENTED_EDGE('',*,*,#3357,.T.);
#4321=ORIENTED_EDGE('',*,*,#3358,.T.);
#4322=ORIENTED_EDGE('',*,*,#3359,.T.);
#4323=ORIENTED_EDGE('',*,*,#3360,.T.);
#4324=ORIENTED_EDGE('',*,*,#3361,.T.);
#4325=ORIENTED_EDGE('',*,*,#3362,.T.);
#4326=ORIENTED_EDGE('',*,*,#3363,.T.);
#4327=ORIENTED_EDGE('',*,*,#3364,.T.);
#4328=ORIENTED_EDGE('',*,*,#3365,.T.);
#4329=ORIENTED_EDGE('',*,*,#3366,.T.);
#4330=ORIENTED_EDGE('',*,*,#3367,.T.);
#4331=ORIENTED_EDGE('',*,*,#3368,.T.);
#4332=ORIENTED_EDGE('',*,*,#3369,.T.);
#4333=ORIENTED_EDGE('',*,*,#3370,.T.);
#4334=ORIENTED_EDGE('',*,*,#3371,.T.);
#4335=ORIENTED_EDGE('',*,*,#3372,.T.);
#4336=ORIENTED_EDGE('',*,*,#3373,.T.);
#4337=ORIENTED_EDGE('',*,*,#3374,.T.);
#4338=ORIENTED_EDGE('',*,*,#3375,.T.);
#4339=ORIENTED_EDGE('',*,*,#3376,.T.);
#4340=ORIENTED_EDGE('',*,*,#3377,.T.);
#4341=ORIENTED_EDGE('',*,*,#3378,.T.);
#4342=ORIENTED_EDGE('',*,*,#3379,.T.);
#4343=ORIENTED_EDGE('',*,*,#3318,.F.);
#4344=ORIENTED_EDGE('',*,*,#3315,.F.);
#4345=ORIENTED_EDGE('',*,*,#3312,.F.);
#4346=ORIENTED_EDGE('',*,*,#3380,.T.);
#4347=ORIENTED_EDGE('',*,*,#3381,.T.);
#4348=ORIENTED_EDGE('',*,*,#3328,.T.);
#4349=ORIENTED_EDGE('',*,*,#3382,.T.);
#4350=ORIENTED_EDGE('',*,*,#3327,.T.);
#4351=ORIENTED_EDGE('',*,*,#3383,.T.);
#4352=ORIENTED_EDGE('',*,*,#3384,.T.);
#4353=ORIENTED_EDGE('',*,*,#3382,.F.);
#4354=ORIENTED_EDGE('',*,*,#3326,.T.);
#4355=ORIENTED_EDGE('',*,*,#3385,.T.);
#4356=ORIENTED_EDGE('',*,*,#3386,.T.);
#4357=ORIENTED_EDGE('',*,*,#3383,.F.);
#4358=ORIENTED_EDGE('',*,*,#3325,.T.);
#4359=ORIENTED_EDGE('',*,*,#3387,.T.);
#4360=ORIENTED_EDGE('',*,*,#3388,.T.);
#4361=ORIENTED_EDGE('',*,*,#3385,.F.);
#4362=ORIENTED_EDGE('',*,*,#3324,.T.);
#4363=ORIENTED_EDGE('',*,*,#3389,.T.);
#4364=ORIENTED_EDGE('',*,*,#3390,.T.);
#4365=ORIENTED_EDGE('',*,*,#3387,.F.);
#4366=ORIENTED_EDGE('',*,*,#3323,.T.);
#4367=ORIENTED_EDGE('',*,*,#3391,.T.);
#4368=ORIENTED_EDGE('',*,*,#3392,.T.);
#4369=ORIENTED_EDGE('',*,*,#3389,.F.);
#4370=ORIENTED_EDGE('',*,*,#3322,.T.);
#4371=ORIENTED_EDGE('',*,*,#3393,.T.);
#4372=ORIENTED_EDGE('',*,*,#3394,.T.);
#4373=ORIENTED_EDGE('',*,*,#3391,.F.);
#4374=ORIENTED_EDGE('',*,*,#3309,.F.);
#4375=ORIENTED_EDGE('',*,*,#3395,.T.);
#4376=ORIENTED_EDGE('',*,*,#3393,.F.);
#4377=ORIENTED_EDGE('',*,*,#3321,.T.);
#4378=ORIENTED_EDGE('',*,*,#3396,.T.);
#4379=ORIENTED_EDGE('',*,*,#3397,.T.);
#4380=ORIENTED_EDGE('',*,*,#3340,.T.);
#4381=ORIENTED_EDGE('',*,*,#3398,.T.);
#4382=ORIENTED_EDGE('',*,*,#3339,.T.);
#4383=ORIENTED_EDGE('',*,*,#3399,.T.);
#4384=ORIENTED_EDGE('',*,*,#3400,.T.);
#4385=ORIENTED_EDGE('',*,*,#3398,.F.);
#4386=ORIENTED_EDGE('',*,*,#3338,.T.);
#4387=ORIENTED_EDGE('',*,*,#3401,.T.);
#4388=ORIENTED_EDGE('',*,*,#3402,.T.);
#4389=ORIENTED_EDGE('',*,*,#3399,.F.);
#4390=ORIENTED_EDGE('',*,*,#3337,.T.);
#4391=ORIENTED_EDGE('',*,*,#3403,.T.);
#4392=ORIENTED_EDGE('',*,*,#3404,.T.);
#4393=ORIENTED_EDGE('',*,*,#3401,.F.);
#4394=ORIENTED_EDGE('',*,*,#3336,.T.);
#4395=ORIENTED_EDGE('',*,*,#3405,.T.);
#4396=ORIENTED_EDGE('',*,*,#3406,.T.);
#4397=ORIENTED_EDGE('',*,*,#3403,.F.);
#4398=ORIENTED_EDGE('',*,*,#3335,.T.);
#4399=ORIENTED_EDGE('',*,*,#3407,.T.);
#4400=ORIENTED_EDGE('',*,*,#3408,.T.);
#4401=ORIENTED_EDGE('',*,*,#3405,.F.);
#4402=ORIENTED_EDGE('',*,*,#3334,.T.);
#4403=ORIENTED_EDGE('',*,*,#3409,.T.);
#4404=ORIENTED_EDGE('',*,*,#3410,.T.);
#4405=ORIENTED_EDGE('',*,*,#3407,.F.);
#4406=ORIENTED_EDGE('',*,*,#3333,.T.);
#4407=ORIENTED_EDGE('',*,*,#3411,.T.);
#4408=ORIENTED_EDGE('',*,*,#3412,.T.);
#4409=ORIENTED_EDGE('',*,*,#3409,.F.);
#4410=ORIENTED_EDGE('',*,*,#3332,.T.);
#4411=ORIENTED_EDGE('',*,*,#3413,.T.);
#4412=ORIENTED_EDGE('',*,*,#3414,.T.);
#4413=ORIENTED_EDGE('',*,*,#3411,.F.);
#4414=ORIENTED_EDGE('',*,*,#3331,.T.);
#4415=ORIENTED_EDGE('',*,*,#3415,.T.);
#4416=ORIENTED_EDGE('',*,*,#3416,.T.);
#4417=ORIENTED_EDGE('',*,*,#3413,.F.);
#4418=ORIENTED_EDGE('',*,*,#3330,.T.);
#4419=ORIENTED_EDGE('',*,*,#3417,.T.);
#4420=ORIENTED_EDGE('',*,*,#3418,.T.);
#4421=ORIENTED_EDGE('',*,*,#3415,.F.);
#4422=ORIENTED_EDGE('',*,*,#3396,.F.);
#4423=ORIENTED_EDGE('',*,*,#3419,.F.);
#4424=ORIENTED_EDGE('',*,*,#3275,.T.);
#4425=ORIENTED_EDGE('',*,*,#3420,.F.);
#4426=ORIENTED_EDGE('',*,*,#3400,.F.);
#4427=ORIENTED_EDGE('',*,*,#3421,.T.);
#4428=ORIENTED_EDGE('',*,*,#3276,.T.);
#4429=ORIENTED_EDGE('',*,*,#3419,.T.);
#4430=ORIENTED_EDGE('',*,*,#3402,.F.);
#4431=ORIENTED_EDGE('',*,*,#3422,.T.);
#4432=ORIENTED_EDGE('',*,*,#3277,.T.);
#4433=ORIENTED_EDGE('',*,*,#3421,.F.);
#4434=ORIENTED_EDGE('',*,*,#3404,.F.);
#4435=ORIENTED_EDGE('',*,*,#3423,.T.);
#4436=ORIENTED_EDGE('',*,*,#3278,.T.);
#4437=ORIENTED_EDGE('',*,*,#3422,.F.);
#4438=ORIENTED_EDGE('',*,*,#3406,.F.);
#4439=ORIENTED_EDGE('',*,*,#3424,.T.);
#4440=ORIENTED_EDGE('',*,*,#3279,.T.);
#4441=ORIENTED_EDGE('',*,*,#3423,.F.);
#4442=ORIENTED_EDGE('',*,*,#3408,.F.);
#4443=ORIENTED_EDGE('',*,*,#3425,.T.);
#4444=ORIENTED_EDGE('',*,*,#3280,.T.);
#4445=ORIENTED_EDGE('',*,*,#3424,.F.);
#4446=ORIENTED_EDGE('',*,*,#3410,.F.);
#4447=ORIENTED_EDGE('',*,*,#3426,.T.);
#4448=ORIENTED_EDGE('',*,*,#3281,.T.);
#4449=ORIENTED_EDGE('',*,*,#3425,.F.);
#4450=ORIENTED_EDGE('',*,*,#3412,.F.);
#4451=ORIENTED_EDGE('',*,*,#3427,.T.);
#4452=ORIENTED_EDGE('',*,*,#3282,.T.);
#4453=ORIENTED_EDGE('',*,*,#3426,.F.);
#4454=ORIENTED_EDGE('',*,*,#3414,.F.);
#4455=ORIENTED_EDGE('',*,*,#3428,.T.);
#4456=ORIENTED_EDGE('',*,*,#3283,.T.);
#4457=ORIENTED_EDGE('',*,*,#3427,.F.);
#4458=ORIENTED_EDGE('',*,*,#3416,.F.);
#4459=ORIENTED_EDGE('',*,*,#3429,.T.);
#4460=ORIENTED_EDGE('',*,*,#3284,.T.);
#4461=ORIENTED_EDGE('',*,*,#3428,.F.);
#4462=ORIENTED_EDGE('',*,*,#3418,.F.);
#4463=ORIENTED_EDGE('',*,*,#3430,.T.);
#4464=ORIENTED_EDGE('',*,*,#3285,.T.);
#4465=ORIENTED_EDGE('',*,*,#3429,.F.);
#4466=ORIENTED_EDGE('',*,*,#3431,.F.);
#4467=ORIENTED_EDGE('',*,*,#3432,.T.);
#4468=ORIENTED_EDGE('',*,*,#3377,.F.);
#4469=ORIENTED_EDGE('',*,*,#3433,.F.);
#4470=ORIENTED_EDGE('',*,*,#3434,.F.);
#4471=ORIENTED_EDGE('',*,*,#3435,.T.);
#4472=ORIENTED_EDGE('',*,*,#3436,.F.);
#4473=ORIENTED_EDGE('',*,*,#3358,.F.);
#4474=ORIENTED_EDGE('',*,*,#3437,.F.);
#4475=ORIENTED_EDGE('',*,*,#3438,.F.);
#4476=ORIENTED_EDGE('',*,*,#3434,.T.);
#4477=ORIENTED_EDGE('',*,*,#3357,.F.);
#4478=ORIENTED_EDGE('',*,*,#3439,.T.);
#4479=ORIENTED_EDGE('',*,*,#3440,.T.);
#4480=ORIENTED_EDGE('',*,*,#3437,.T.);
#4481=ORIENTED_EDGE('',*,*,#3356,.F.);
#4482=ORIENTED_EDGE('',*,*,#3441,.F.);
#4483=ORIENTED_EDGE('',*,*,#3442,.T.);
#4484=ORIENTED_EDGE('',*,*,#3439,.F.);
#4485=ORIENTED_EDGE('',*,*,#3355,.F.);
#4486=ORIENTED_EDGE('',*,*,#3384,.F.);
#4487=ORIENTED_EDGE('',*,*,#3443,.T.);
#4488=ORIENTED_EDGE('',*,*,#3288,.T.);
#4489=ORIENTED_EDGE('',*,*,#3444,.F.);
#4490=ORIENTED_EDGE('',*,*,#3445,.T.);
#4491=ORIENTED_EDGE('',*,*,#3446,.T.);
#4492=ORIENTED_EDGE('',*,*,#3441,.T.);
#4493=ORIENTED_EDGE('',*,*,#3354,.F.);
#4494=ORIENTED_EDGE('',*,*,#3386,.F.);
#4495=ORIENTED_EDGE('',*,*,#3447,.T.);
#4496=ORIENTED_EDGE('',*,*,#3289,.T.);
#4497=ORIENTED_EDGE('',*,*,#3443,.F.);
#4498=ORIENTED_EDGE('',*,*,#3448,.F.);
#4499=ORIENTED_EDGE('',*,*,#3449,.T.);
#4500=ORIENTED_EDGE('',*,*,#3445,.F.);
#4501=ORIENTED_EDGE('',*,*,#3353,.F.);
#4502=ORIENTED_EDGE('',*,*,#3388,.F.);
#4503=ORIENTED_EDGE('',*,*,#3450,.T.);
#4504=ORIENTED_EDGE('',*,*,#3290,.T.);
#4505=ORIENTED_EDGE('',*,*,#3447,.F.);
#4506=ORIENTED_EDGE('',*,*,#3451,.T.);
#4507=ORIENTED_EDGE('',*,*,#3452,.T.);
#4508=ORIENTED_EDGE('',*,*,#3448,.T.);
#4509=ORIENTED_EDGE('',*,*,#3352,.F.);
#4510=ORIENTED_EDGE('',*,*,#3390,.F.);
#4511=ORIENTED_EDGE('',*,*,#3453,.T.);
#4512=ORIENTED_EDGE('',*,*,#3291,.T.);
#4513=ORIENTED_EDGE('',*,*,#3450,.F.);
#4514=ORIENTED_EDGE('',*,*,#3454,.T.);
#4515=ORIENTED_EDGE('',*,*,#3455,.T.);
#4516=ORIENTED_EDGE('',*,*,#3451,.F.);
#4517=ORIENTED_EDGE('',*,*,#3351,.F.);
#4518=ORIENTED_EDGE('',*,*,#3392,.F.);
#4519=ORIENTED_EDGE('',*,*,#3456,.T.);
#4520=ORIENTED_EDGE('',*,*,#3292,.T.);
#4521=ORIENTED_EDGE('',*,*,#3453,.F.);
#4522=ORIENTED_EDGE('',*,*,#3457,.F.);
#4523=ORIENTED_EDGE('',*,*,#3458,.T.);
#4524=ORIENTED_EDGE('',*,*,#3454,.F.);
#4525=ORIENTED_EDGE('',*,*,#3350,.F.);
#4526=ORIENTED_EDGE('',*,*,#3394,.F.);
#4527=ORIENTED_EDGE('',*,*,#3459,.T.);
#4528=ORIENTED_EDGE('',*,*,#3293,.T.);
#4529=ORIENTED_EDGE('',*,*,#3456,.F.);
#4530=ORIENTED_EDGE('',*,*,#3460,.T.);
#4531=ORIENTED_EDGE('',*,*,#3461,.T.);
#4532=ORIENTED_EDGE('',*,*,#3457,.T.);
#4533=ORIENTED_EDGE('',*,*,#3349,.F.);
#4534=ORIENTED_EDGE('',*,*,#3395,.F.);
#4535=ORIENTED_EDGE('',*,*,#3301,.T.);
#4536=ORIENTED_EDGE('',*,*,#3294,.T.);
#4537=ORIENTED_EDGE('',*,*,#3459,.F.);
#4538=ORIENTED_EDGE('',*,*,#3462,.F.);
#4539=ORIENTED_EDGE('',*,*,#3463,.F.);
#4540=ORIENTED_EDGE('',*,*,#3460,.F.);
#4541=ORIENTED_EDGE('',*,*,#3348,.F.);
#4542=ORIENTED_EDGE('',*,*,#3464,.T.);
#4543=ORIENTED_EDGE('',*,*,#3465,.T.);
#4544=ORIENTED_EDGE('',*,*,#3462,.T.);
#4545=ORIENTED_EDGE('',*,*,#3347,.F.);
#4546=ORIENTED_EDGE('',*,*,#3314,.F.);
#4547=ORIENTED_EDGE('',*,*,#3466,.T.);
#4548=ORIENTED_EDGE('',*,*,#3270,.F.);
#4549=ORIENTED_EDGE('',*,*,#3303,.F.);
#4550=ORIENTED_EDGE('',*,*,#3467,.F.);
#4551=ORIENTED_EDGE('',*,*,#3468,.T.);
#4552=ORIENTED_EDGE('',*,*,#3464,.F.);
#4553=ORIENTED_EDGE('',*,*,#3346,.F.);
#4554=ORIENTED_EDGE('',*,*,#3317,.F.);
#4555=ORIENTED_EDGE('',*,*,#3469,.F.);
#4556=ORIENTED_EDGE('',*,*,#3271,.F.);
#4557=ORIENTED_EDGE('',*,*,#3466,.F.);
#4558=ORIENTED_EDGE('',*,*,#3470,.F.);
#4559=ORIENTED_EDGE('',*,*,#3471,.F.);
#4560=ORIENTED_EDGE('',*,*,#3467,.T.);
#4561=ORIENTED_EDGE('',*,*,#3345,.F.);
#4562=ORIENTED_EDGE('',*,*,#3320,.F.);
#4563=ORIENTED_EDGE('',*,*,#3472,.F.);
#4564=ORIENTED_EDGE('',*,*,#3272,.T.);
#4565=ORIENTED_EDGE('',*,*,#3469,.T.);
#4566=ORIENTED_EDGE('',*,*,#3473,.T.);
#4567=ORIENTED_EDGE('',*,*,#3474,.T.);
#4568=ORIENTED_EDGE('',*,*,#3470,.T.);
#4569=ORIENTED_EDGE('',*,*,#3344,.F.);
#4570=ORIENTED_EDGE('',*,*,#3319,.F.);
#4571=ORIENTED_EDGE('',*,*,#3379,.F.);
#4572=ORIENTED_EDGE('',*,*,#3475,.T.);
#4573=ORIENTED_EDGE('',*,*,#3273,.T.);
#4574=ORIENTED_EDGE('',*,*,#3472,.T.);
#4575=ORIENTED_EDGE('',*,*,#3476,.F.);
#4576=ORIENTED_EDGE('',*,*,#3477,.T.);
#4577=ORIENTED_EDGE('',*,*,#3473,.F.);
#4578=ORIENTED_EDGE('',*,*,#3343,.F.);
#4579=ORIENTED_EDGE('',*,*,#3478,.T.);
#4580=ORIENTED_EDGE('',*,*,#3479,.T.);
#4581=ORIENTED_EDGE('',*,*,#3480,.T.);
#4582=ORIENTED_EDGE('',*,*,#3476,.T.);
#4583=ORIENTED_EDGE('',*,*,#3342,.F.);
#4584=ORIENTED_EDGE('',*,*,#3481,.F.);
#4585=ORIENTED_EDGE('',*,*,#3482,.F.);
#4586=ORIENTED_EDGE('',*,*,#3483,.F.);
#4587=ORIENTED_EDGE('',*,*,#3479,.F.);
#4588=ORIENTED_EDGE('',*,*,#3475,.F.);
#4589=ORIENTED_EDGE('',*,*,#3378,.F.);
#4590=ORIENTED_EDGE('',*,*,#3432,.F.);
#4591=ORIENTED_EDGE('',*,*,#3431,.T.);
#4592=ORIENTED_EDGE('',*,*,#3484,.F.);
#4593=ORIENTED_EDGE('',*,*,#3485,.F.);
#4594=ORIENTED_EDGE('',*,*,#3481,.T.);
#4595=ORIENTED_EDGE('',*,*,#3485,.T.);
#4596=ORIENTED_EDGE('',*,*,#3486,.T.);
#4597=ORIENTED_EDGE('',*,*,#3487,.T.);
#4598=ORIENTED_EDGE('',*,*,#3482,.T.);
#4599=ORIENTED_EDGE('',*,*,#3488,.T.);
#4600=ORIENTED_EDGE('',*,*,#3489,.T.);
#4601=ORIENTED_EDGE('',*,*,#3486,.F.);
#4602=ORIENTED_EDGE('',*,*,#3484,.T.);
#4603=ORIENTED_EDGE('',*,*,#3433,.T.);
#4604=ORIENTED_EDGE('',*,*,#3376,.F.);
#4605=ORIENTED_EDGE('',*,*,#3436,.T.);
#4606=ORIENTED_EDGE('',*,*,#3490,.T.);
#4607=ORIENTED_EDGE('',*,*,#3491,.T.);
#4608=ORIENTED_EDGE('',*,*,#3359,.F.);
#4609=ORIENTED_EDGE('',*,*,#3491,.F.);
#4610=ORIENTED_EDGE('',*,*,#3492,.F.);
#4611=ORIENTED_EDGE('',*,*,#3493,.F.);
#4612=ORIENTED_EDGE('',*,*,#3360,.F.);
#4613=ORIENTED_EDGE('',*,*,#3493,.T.);
#4614=ORIENTED_EDGE('',*,*,#3494,.T.);
#4615=ORIENTED_EDGE('',*,*,#3495,.T.);
#4616=ORIENTED_EDGE('',*,*,#3361,.F.);
#4617=ORIENTED_EDGE('',*,*,#3496,.T.);
#4618=ORIENTED_EDGE('',*,*,#3497,.T.);
#4619=ORIENTED_EDGE('',*,*,#3498,.T.);
#4620=ORIENTED_EDGE('',*,*,#3374,.F.);
#4621=ORIENTED_EDGE('',*,*,#3499,.T.);
#4622=ORIENTED_EDGE('',*,*,#3500,.T.);
#4623=ORIENTED_EDGE('',*,*,#3496,.F.);
#4624=ORIENTED_EDGE('',*,*,#3373,.F.);
#4625=ORIENTED_EDGE('',*,*,#3501,.T.);
#4626=ORIENTED_EDGE('',*,*,#3502,.T.);
#4627=ORIENTED_EDGE('',*,*,#3503,.T.);
#4628=ORIENTED_EDGE('',*,*,#3371,.F.);
#4629=ORIENTED_EDGE('',*,*,#3504,.F.);
#4630=ORIENTED_EDGE('',*,*,#3505,.F.);
#4631=ORIENTED_EDGE('',*,*,#3501,.F.);
#4632=ORIENTED_EDGE('',*,*,#3370,.F.);
#4633=ORIENTED_EDGE('',*,*,#3506,.T.);
#4634=ORIENTED_EDGE('',*,*,#3507,.T.);
#4635=ORIENTED_EDGE('',*,*,#3504,.T.);
#4636=ORIENTED_EDGE('',*,*,#3369,.F.);
#4637=ORIENTED_EDGE('',*,*,#3508,.F.);
#4638=ORIENTED_EDGE('',*,*,#3509,.T.);
#4639=ORIENTED_EDGE('',*,*,#3506,.F.);
#4640=ORIENTED_EDGE('',*,*,#3368,.F.);
#4641=ORIENTED_EDGE('',*,*,#3510,.T.);
#4642=ORIENTED_EDGE('',*,*,#3511,.T.);
#4643=ORIENTED_EDGE('',*,*,#3512,.T.);
#4644=ORIENTED_EDGE('',*,*,#3366,.F.);
#4645=ORIENTED_EDGE('',*,*,#3513,.F.);
#4646=ORIENTED_EDGE('',*,*,#3514,.T.);
#4647=ORIENTED_EDGE('',*,*,#3510,.F.);
#4648=ORIENTED_EDGE('',*,*,#3365,.F.);
#4649=ORIENTED_EDGE('',*,*,#3515,.T.);
#4650=ORIENTED_EDGE('',*,*,#3516,.T.);
#4651=ORIENTED_EDGE('',*,*,#3517,.T.);
#4652=ORIENTED_EDGE('',*,*,#3363,.F.);
#4653=ORIENTED_EDGE('',*,*,#3495,.F.);
#4654=ORIENTED_EDGE('',*,*,#3518,.T.);
#4655=ORIENTED_EDGE('',*,*,#3515,.F.);
#4656=ORIENTED_EDGE('',*,*,#3362,.F.);
#4657=ORIENTED_EDGE('',*,*,#3519,.T.);
#4658=ORIENTED_EDGE('',*,*,#3286,.T.);
#4659=ORIENTED_EDGE('',*,*,#3430,.F.);
#4660=ORIENTED_EDGE('',*,*,#3417,.F.);
#4661=ORIENTED_EDGE('',*,*,#3329,.F.);
#4662=ORIENTED_EDGE('',*,*,#3381,.F.);
#4663=ORIENTED_EDGE('',*,*,#3380,.F.);
#4664=ORIENTED_EDGE('',*,*,#3444,.T.);
#4665=ORIENTED_EDGE('',*,*,#3287,.T.);
#4666=ORIENTED_EDGE('',*,*,#3519,.F.);
#4667=ORIENTED_EDGE('',*,*,#3420,.T.);
#4668=ORIENTED_EDGE('',*,*,#3274,.T.);
#4669=ORIENTED_EDGE('',*,*,#3478,.F.);
#4670=ORIENTED_EDGE('',*,*,#3341,.F.);
#4671=ORIENTED_EDGE('',*,*,#3397,.F.);
#4672=ORIENTED_EDGE('',*,*,#3503,.F.);
#4673=ORIENTED_EDGE('',*,*,#3520,.T.);
#4674=ORIENTED_EDGE('',*,*,#3499,.F.);
#4675=ORIENTED_EDGE('',*,*,#3372,.F.);
#4676=ORIENTED_EDGE('',*,*,#3498,.F.);
#4677=ORIENTED_EDGE('',*,*,#3521,.T.);
#4678=ORIENTED_EDGE('',*,*,#3488,.F.);
#4679=ORIENTED_EDGE('',*,*,#3375,.F.);
#4680=ORIENTED_EDGE('',*,*,#3517,.F.);
#4681=ORIENTED_EDGE('',*,*,#3522,.F.);
#4682=ORIENTED_EDGE('',*,*,#3513,.T.);
#4683=ORIENTED_EDGE('',*,*,#3364,.F.);
#4684=ORIENTED_EDGE('',*,*,#3512,.F.);
#4685=ORIENTED_EDGE('',*,*,#3523,.F.);
#4686=ORIENTED_EDGE('',*,*,#3508,.T.);
#4687=ORIENTED_EDGE('',*,*,#3367,.F.);
#4688=ORIENTED_EDGE('',*,*,#3487,.F.);
#4689=ORIENTED_EDGE('',*,*,#3489,.F.);
#4690=ORIENTED_EDGE('',*,*,#3521,.F.);
#4691=ORIENTED_EDGE('',*,*,#3497,.F.);
#4692=ORIENTED_EDGE('',*,*,#3500,.F.);
#4693=ORIENTED_EDGE('',*,*,#3520,.F.);
#4694=ORIENTED_EDGE('',*,*,#3502,.F.);
#4695=ORIENTED_EDGE('',*,*,#3505,.T.);
#4696=ORIENTED_EDGE('',*,*,#3507,.F.);
#4697=ORIENTED_EDGE('',*,*,#3509,.F.);
#4698=ORIENTED_EDGE('',*,*,#3523,.T.);
#4699=ORIENTED_EDGE('',*,*,#3511,.F.);
#4700=ORIENTED_EDGE('',*,*,#3514,.F.);
#4701=ORIENTED_EDGE('',*,*,#3522,.T.);
#4702=ORIENTED_EDGE('',*,*,#3516,.F.);
#4703=ORIENTED_EDGE('',*,*,#3518,.F.);
#4704=ORIENTED_EDGE('',*,*,#3494,.F.);
#4705=ORIENTED_EDGE('',*,*,#3492,.T.);
#4706=ORIENTED_EDGE('',*,*,#3490,.F.);
#4707=ORIENTED_EDGE('',*,*,#3435,.F.);
#4708=ORIENTED_EDGE('',*,*,#3438,.T.);
#4709=ORIENTED_EDGE('',*,*,#3440,.F.);
#4710=ORIENTED_EDGE('',*,*,#3442,.F.);
#4711=ORIENTED_EDGE('',*,*,#3446,.F.);
#4712=ORIENTED_EDGE('',*,*,#3449,.F.);
#4713=ORIENTED_EDGE('',*,*,#3452,.F.);
#4714=ORIENTED_EDGE('',*,*,#3455,.F.);
#4715=ORIENTED_EDGE('',*,*,#3458,.F.);
#4716=ORIENTED_EDGE('',*,*,#3461,.F.);
#4717=ORIENTED_EDGE('',*,*,#3463,.T.);
#4718=ORIENTED_EDGE('',*,*,#3465,.F.);
#4719=ORIENTED_EDGE('',*,*,#3468,.F.);
#4720=ORIENTED_EDGE('',*,*,#3471,.T.);
#4721=ORIENTED_EDGE('',*,*,#3474,.F.);
#4722=ORIENTED_EDGE('',*,*,#3477,.F.);
#4723=ORIENTED_EDGE('',*,*,#3480,.F.);
#4724=ORIENTED_EDGE('',*,*,#3483,.T.);
#4725=ORIENTED_EDGE('',*,*,#3524,.T.);
#4726=ORIENTED_EDGE('',*,*,#3525,.F.);
#4727=ORIENTED_EDGE('',*,*,#3526,.F.);
#4728=ORIENTED_EDGE('',*,*,#3527,.F.);
#4729=ORIENTED_EDGE('',*,*,#3528,.T.);
#4730=ORIENTED_EDGE('',*,*,#3527,.T.);
#4731=ORIENTED_EDGE('',*,*,#3529,.F.);
#4732=ORIENTED_EDGE('',*,*,#3530,.F.);
#4733=ORIENTED_EDGE('',*,*,#3531,.T.);
#4734=ORIENTED_EDGE('',*,*,#3530,.T.);
#4735=ORIENTED_EDGE('',*,*,#3532,.F.);
#4736=ORIENTED_EDGE('',*,*,#3533,.F.);
#4737=ORIENTED_EDGE('',*,*,#3533,.T.);
#4738=ORIENTED_EDGE('',*,*,#3534,.F.);
#4739=ORIENTED_EDGE('',*,*,#3535,.F.);
#4740=ORIENTED_EDGE('',*,*,#3536,.F.);
#4741=ORIENTED_EDGE('',*,*,#3525,.T.);
#4742=ORIENTED_EDGE('',*,*,#3537,.F.);
#4743=ORIENTED_EDGE('',*,*,#3538,.T.);
#4744=ORIENTED_EDGE('',*,*,#3539,.F.);
#4745=ORIENTED_EDGE('',*,*,#3540,.F.);
#4746=ORIENTED_EDGE('',*,*,#3541,.T.);
#4747=ORIENTED_EDGE('',*,*,#3542,.F.);
#4748=ORIENTED_EDGE('',*,*,#3543,.F.);
#4749=ORIENTED_EDGE('',*,*,#3544,.F.);
#4750=ORIENTED_EDGE('',*,*,#3535,.T.);
#4751=ORIENTED_EDGE('',*,*,#3545,.F.);
#4752=ORIENTED_EDGE('',*,*,#3541,.F.);
#4753=ORIENTED_EDGE('',*,*,#3546,.F.);
#4754=ORIENTED_EDGE('',*,*,#3547,.F.);
#4755=ORIENTED_EDGE('',*,*,#3543,.T.);
#4756=ORIENTED_EDGE('',*,*,#3548,.F.);
#4757=ORIENTED_EDGE('',*,*,#3549,.F.);
#4758=ORIENTED_EDGE('',*,*,#3550,.F.);
#4759=ORIENTED_EDGE('',*,*,#3551,.F.);
#4760=ORIENTED_EDGE('',*,*,#3550,.T.);
#4761=ORIENTED_EDGE('',*,*,#3552,.F.);
#4762=ORIENTED_EDGE('',*,*,#3553,.F.);
#4763=ORIENTED_EDGE('',*,*,#3554,.F.);
#4764=ORIENTED_EDGE('',*,*,#3553,.T.);
#4765=ORIENTED_EDGE('',*,*,#3555,.F.);
#4766=ORIENTED_EDGE('',*,*,#3538,.F.);
#4767=ORIENTED_EDGE('',*,*,#3555,.T.);
#4768=ORIENTED_EDGE('',*,*,#3552,.T.);
#4769=ORIENTED_EDGE('',*,*,#3549,.T.);
#4770=ORIENTED_EDGE('',*,*,#3548,.T.);
#4771=ORIENTED_EDGE('',*,*,#3542,.T.);
#4772=ORIENTED_EDGE('',*,*,#3545,.T.);
#4773=ORIENTED_EDGE('',*,*,#3534,.T.);
#4774=ORIENTED_EDGE('',*,*,#3532,.T.);
#4775=ORIENTED_EDGE('',*,*,#3529,.T.);
#4776=ORIENTED_EDGE('',*,*,#3526,.T.);
#4777=ORIENTED_EDGE('',*,*,#3539,.T.);
#4778=ORIENTED_EDGE('',*,*,#3554,.T.);
#4779=ORIENTED_EDGE('',*,*,#3537,.T.);
#4780=ORIENTED_EDGE('',*,*,#3524,.F.);
#4781=ORIENTED_EDGE('',*,*,#3528,.F.);
#4782=ORIENTED_EDGE('',*,*,#3531,.F.);
#4783=ORIENTED_EDGE('',*,*,#3536,.T.);
#4784=ORIENTED_EDGE('',*,*,#3544,.T.);
#4785=ORIENTED_EDGE('',*,*,#3540,.T.);
#4786=ORIENTED_EDGE('',*,*,#3547,.T.);
#4787=ORIENTED_EDGE('',*,*,#3546,.T.);
#4788=ORIENTED_EDGE('',*,*,#3551,.T.);
#4789=ORIENTED_EDGE('',*,*,#3556,.F.);
#4790=ORIENTED_EDGE('',*,*,#3557,.T.);
#4791=ORIENTED_EDGE('',*,*,#3558,.F.);
#4792=ORIENTED_EDGE('',*,*,#3559,.F.);
#4793=ORIENTED_EDGE('',*,*,#3560,.F.);
#4794=ORIENTED_EDGE('',*,*,#3559,.T.);
#4795=ORIENTED_EDGE('',*,*,#3561,.F.);
#4796=ORIENTED_EDGE('',*,*,#3562,.F.);
#4797=ORIENTED_EDGE('',*,*,#3563,.F.);
#4798=ORIENTED_EDGE('',*,*,#3562,.T.);
#4799=ORIENTED_EDGE('',*,*,#3564,.F.);
#4800=ORIENTED_EDGE('',*,*,#3565,.F.);
#4801=ORIENTED_EDGE('',*,*,#3566,.F.);
#4802=ORIENTED_EDGE('',*,*,#3565,.T.);
#4803=ORIENTED_EDGE('',*,*,#3567,.F.);
#4804=ORIENTED_EDGE('',*,*,#3557,.F.);
#4805=ORIENTED_EDGE('',*,*,#3567,.T.);
#4806=ORIENTED_EDGE('',*,*,#3564,.T.);
#4807=ORIENTED_EDGE('',*,*,#3561,.T.);
#4808=ORIENTED_EDGE('',*,*,#3558,.T.);
#4809=ORIENTED_EDGE('',*,*,#3566,.T.);
#4810=ORIENTED_EDGE('',*,*,#3556,.T.);
#4811=ORIENTED_EDGE('',*,*,#3560,.T.);
#4812=ORIENTED_EDGE('',*,*,#3563,.T.);
#4813=ORIENTED_EDGE('',*,*,#3568,.F.);
#4814=ORIENTED_EDGE('',*,*,#3569,.T.);
#4815=ORIENTED_EDGE('',*,*,#3570,.T.);
#4816=ORIENTED_EDGE('',*,*,#3569,.F.);
#4817=ORIENTED_EDGE('',*,*,#3568,.T.);
#4818=ORIENTED_EDGE('',*,*,#3570,.F.);
#4819=ORIENTED_EDGE('',*,*,#3571,.F.);
#4820=ORIENTED_EDGE('',*,*,#3572,.T.);
#4821=ORIENTED_EDGE('',*,*,#3573,.T.);
#4822=ORIENTED_EDGE('',*,*,#3572,.F.);
#4823=ORIENTED_EDGE('',*,*,#3571,.T.);
#4824=ORIENTED_EDGE('',*,*,#3573,.F.);
#4825=ORIENTED_EDGE('',*,*,#3574,.F.);
#4826=ORIENTED_EDGE('',*,*,#3575,.T.);
#4827=ORIENTED_EDGE('',*,*,#3576,.T.);
#4828=ORIENTED_EDGE('',*,*,#3575,.F.);
#4829=ORIENTED_EDGE('',*,*,#3574,.T.);
#4830=ORIENTED_EDGE('',*,*,#3576,.F.);
#4831=ORIENTED_EDGE('',*,*,#3577,.F.);
#4832=ORIENTED_EDGE('',*,*,#3578,.T.);
#4833=ORIENTED_EDGE('',*,*,#3579,.T.);
#4834=ORIENTED_EDGE('',*,*,#3578,.F.);
#4835=ORIENTED_EDGE('',*,*,#3577,.T.);
#4836=ORIENTED_EDGE('',*,*,#3579,.F.);
#4837=ORIENTED_EDGE('',*,*,#3580,.F.);
#4838=ORIENTED_EDGE('',*,*,#3581,.T.);
#4839=ORIENTED_EDGE('',*,*,#3582,.T.);
#4840=ORIENTED_EDGE('',*,*,#3581,.F.);
#4841=ORIENTED_EDGE('',*,*,#3580,.T.);
#4842=ORIENTED_EDGE('',*,*,#3582,.F.);
#4843=ORIENTED_EDGE('',*,*,#3583,.F.);
#4844=ORIENTED_EDGE('',*,*,#3584,.T.);
#4845=ORIENTED_EDGE('',*,*,#3585,.T.);
#4846=ORIENTED_EDGE('',*,*,#3584,.F.);
#4847=ORIENTED_EDGE('',*,*,#3583,.T.);
#4848=ORIENTED_EDGE('',*,*,#3585,.F.);
#4849=ORIENTED_EDGE('',*,*,#3586,.T.);
#4850=ORIENTED_EDGE('',*,*,#3587,.F.);
#4851=ORIENTED_EDGE('',*,*,#3588,.T.);
#4852=ORIENTED_EDGE('',*,*,#3589,.T.);
#4853=ORIENTED_EDGE('',*,*,#3590,.F.);
#4854=ORIENTED_EDGE('',*,*,#3591,.F.);
#4855=ORIENTED_EDGE('',*,*,#3592,.F.);
#4856=ORIENTED_EDGE('',*,*,#3593,.F.);
#4857=ORIENTED_EDGE('',*,*,#3594,.F.);
#4858=ORIENTED_EDGE('',*,*,#3595,.F.);
#4859=ORIENTED_EDGE('',*,*,#3596,.F.);
#4860=ORIENTED_EDGE('',*,*,#3597,.F.);
#4861=ORIENTED_EDGE('',*,*,#3598,.F.);
#4862=ORIENTED_EDGE('',*,*,#3599,.F.);
#4863=ORIENTED_EDGE('',*,*,#3600,.F.);
#4864=ORIENTED_EDGE('',*,*,#3601,.F.);
#4865=ORIENTED_EDGE('',*,*,#3602,.F.);
#4866=ORIENTED_EDGE('',*,*,#3603,.F.);
#4867=ORIENTED_EDGE('',*,*,#3604,.F.);
#4868=ORIENTED_EDGE('',*,*,#3605,.F.);
#4869=ORIENTED_EDGE('',*,*,#3606,.F.);
#4870=ORIENTED_EDGE('',*,*,#3607,.F.);
#4871=ORIENTED_EDGE('',*,*,#3608,.F.);
#4872=ORIENTED_EDGE('',*,*,#3609,.F.);
#4873=ORIENTED_EDGE('',*,*,#3610,.F.);
#4874=ORIENTED_EDGE('',*,*,#3611,.F.);
#4875=ORIENTED_EDGE('',*,*,#3612,.F.);
#4876=ORIENTED_EDGE('',*,*,#3613,.F.);
#4877=ORIENTED_EDGE('',*,*,#3614,.T.);
#4878=ORIENTED_EDGE('',*,*,#3615,.T.);
#4879=ORIENTED_EDGE('',*,*,#3616,.T.);
#4880=ORIENTED_EDGE('',*,*,#3617,.T.);
#4881=ORIENTED_EDGE('',*,*,#3618,.T.);
#4882=ORIENTED_EDGE('',*,*,#3613,.T.);
#4883=ORIENTED_EDGE('',*,*,#3619,.F.);
#4884=ORIENTED_EDGE('',*,*,#3620,.F.);
#4885=ORIENTED_EDGE('',*,*,#3621,.T.);
#4886=ORIENTED_EDGE('',*,*,#3587,.T.);
#4887=ORIENTED_EDGE('',*,*,#3586,.F.);
#4888=ORIENTED_EDGE('',*,*,#3622,.T.);
#4889=ORIENTED_EDGE('',*,*,#3623,.T.);
#4890=ORIENTED_EDGE('',*,*,#3616,.F.);
#4891=ORIENTED_EDGE('',*,*,#3614,.F.);
#4892=ORIENTED_EDGE('',*,*,#3618,.F.);
#4893=ORIENTED_EDGE('',*,*,#3624,.F.);
#4894=ORIENTED_EDGE('',*,*,#3625,.F.);
#4895=ORIENTED_EDGE('',*,*,#3615,.F.);
#4896=ORIENTED_EDGE('',*,*,#3625,.T.);
#4897=ORIENTED_EDGE('',*,*,#3626,.F.);
#4898=ORIENTED_EDGE('',*,*,#3622,.F.);
#4899=ORIENTED_EDGE('',*,*,#3626,.T.);
#4900=ORIENTED_EDGE('',*,*,#3624,.T.);
#4901=ORIENTED_EDGE('',*,*,#3617,.F.);
#4902=ORIENTED_EDGE('',*,*,#3623,.F.);
#4903=ORIENTED_EDGE('',*,*,#3627,.T.);
#4904=ORIENTED_EDGE('',*,*,#3628,.T.);
#4905=ORIENTED_EDGE('',*,*,#3629,.T.);
#4906=ORIENTED_EDGE('',*,*,#3620,.T.);
#4907=ORIENTED_EDGE('',*,*,#3629,.F.);
#4908=ORIENTED_EDGE('',*,*,#3630,.T.);
#4909=ORIENTED_EDGE('',*,*,#3631,.T.);
#4910=ORIENTED_EDGE('',*,*,#3632,.T.);
#4911=ORIENTED_EDGE('',*,*,#3633,.T.);
#4912=ORIENTED_EDGE('',*,*,#3634,.T.);
#4913=ORIENTED_EDGE('',*,*,#3635,.T.);
#4914=ORIENTED_EDGE('',*,*,#3631,.F.);
#4915=ORIENTED_EDGE('',*,*,#3636,.T.);
#4916=ORIENTED_EDGE('',*,*,#3637,.T.);
#4917=ORIENTED_EDGE('',*,*,#3638,.T.);
#4918=ORIENTED_EDGE('',*,*,#3634,.F.);
#4919=ORIENTED_EDGE('',*,*,#3628,.F.);
#4920=ORIENTED_EDGE('',*,*,#3639,.F.);
#4921=ORIENTED_EDGE('',*,*,#3640,.F.);
#4922=ORIENTED_EDGE('',*,*,#3641,.F.);
#4923=ORIENTED_EDGE('',*,*,#3642,.F.);
#4924=ORIENTED_EDGE('',*,*,#3643,.F.);
#4925=ORIENTED_EDGE('',*,*,#3644,.F.);
#4926=ORIENTED_EDGE('',*,*,#3645,.F.);
#4927=ORIENTED_EDGE('',*,*,#3646,.F.);
#4928=ORIENTED_EDGE('',*,*,#3647,.T.);
#4929=ORIENTED_EDGE('',*,*,#3648,.F.);
#4930=ORIENTED_EDGE('',*,*,#3649,.F.);
#4931=ORIENTED_EDGE('',*,*,#3650,.F.);
#4932=ORIENTED_EDGE('',*,*,#3651,.F.);
#4933=ORIENTED_EDGE('',*,*,#3652,.F.);
#4934=ORIENTED_EDGE('',*,*,#3653,.F.);
#4935=ORIENTED_EDGE('',*,*,#3654,.F.);
#4936=ORIENTED_EDGE('',*,*,#3655,.F.);
#4937=ORIENTED_EDGE('',*,*,#3656,.F.);
#4938=ORIENTED_EDGE('',*,*,#3657,.F.);
#4939=ORIENTED_EDGE('',*,*,#3658,.F.);
#4940=ORIENTED_EDGE('',*,*,#3659,.T.);
#4941=ORIENTED_EDGE('',*,*,#3660,.T.);
#4942=ORIENTED_EDGE('',*,*,#3661,.T.);
#4943=ORIENTED_EDGE('',*,*,#3662,.T.);
#4944=ORIENTED_EDGE('',*,*,#3663,.T.);
#4945=ORIENTED_EDGE('',*,*,#3664,.T.);
#4946=ORIENTED_EDGE('',*,*,#3665,.T.);
#4947=ORIENTED_EDGE('',*,*,#3666,.T.);
#4948=ORIENTED_EDGE('',*,*,#3667,.T.);
#4949=ORIENTED_EDGE('',*,*,#3668,.T.);
#4950=ORIENTED_EDGE('',*,*,#3669,.T.);
#4951=ORIENTED_EDGE('',*,*,#3670,.T.);
#4952=ORIENTED_EDGE('',*,*,#3671,.T.);
#4953=ORIENTED_EDGE('',*,*,#3672,.T.);
#4954=ORIENTED_EDGE('',*,*,#3673,.T.);
#4955=ORIENTED_EDGE('',*,*,#3674,.T.);
#4956=ORIENTED_EDGE('',*,*,#3675,.T.);
#4957=ORIENTED_EDGE('',*,*,#3676,.T.);
#4958=ORIENTED_EDGE('',*,*,#3677,.T.);
#4959=ORIENTED_EDGE('',*,*,#3678,.T.);
#4960=ORIENTED_EDGE('',*,*,#3679,.T.);
#4961=ORIENTED_EDGE('',*,*,#3680,.T.);
#4962=ORIENTED_EDGE('',*,*,#3681,.T.);
#4963=ORIENTED_EDGE('',*,*,#3682,.T.);
#4964=ORIENTED_EDGE('',*,*,#3683,.T.);
#4965=ORIENTED_EDGE('',*,*,#3684,.T.);
#4966=ORIENTED_EDGE('',*,*,#3685,.T.);
#4967=ORIENTED_EDGE('',*,*,#3686,.T.);
#4968=ORIENTED_EDGE('',*,*,#3687,.T.);
#4969=ORIENTED_EDGE('',*,*,#3688,.T.);
#4970=ORIENTED_EDGE('',*,*,#3689,.T.);
#4971=ORIENTED_EDGE('',*,*,#3690,.T.);
#4972=ORIENTED_EDGE('',*,*,#3691,.T.);
#4973=ORIENTED_EDGE('',*,*,#3692,.T.);
#4974=ORIENTED_EDGE('',*,*,#3693,.T.);
#4975=ORIENTED_EDGE('',*,*,#3694,.T.);
#4976=ORIENTED_EDGE('',*,*,#3695,.T.);
#4977=ORIENTED_EDGE('',*,*,#3696,.T.);
#4978=ORIENTED_EDGE('',*,*,#3697,.T.);
#4979=ORIENTED_EDGE('',*,*,#3636,.F.);
#4980=ORIENTED_EDGE('',*,*,#3633,.F.);
#4981=ORIENTED_EDGE('',*,*,#3630,.F.);
#4982=ORIENTED_EDGE('',*,*,#3698,.T.);
#4983=ORIENTED_EDGE('',*,*,#3699,.T.);
#4984=ORIENTED_EDGE('',*,*,#3646,.T.);
#4985=ORIENTED_EDGE('',*,*,#3700,.T.);
#4986=ORIENTED_EDGE('',*,*,#3645,.T.);
#4987=ORIENTED_EDGE('',*,*,#3701,.T.);
#4988=ORIENTED_EDGE('',*,*,#3702,.T.);
#4989=ORIENTED_EDGE('',*,*,#3700,.F.);
#4990=ORIENTED_EDGE('',*,*,#3644,.T.);
#4991=ORIENTED_EDGE('',*,*,#3703,.T.);
#4992=ORIENTED_EDGE('',*,*,#3704,.T.);
#4993=ORIENTED_EDGE('',*,*,#3701,.F.);
#4994=ORIENTED_EDGE('',*,*,#3643,.T.);
#4995=ORIENTED_EDGE('',*,*,#3705,.T.);
#4996=ORIENTED_EDGE('',*,*,#3706,.T.);
#4997=ORIENTED_EDGE('',*,*,#3703,.F.);
#4998=ORIENTED_EDGE('',*,*,#3642,.T.);
#4999=ORIENTED_EDGE('',*,*,#3707,.T.);
#5000=ORIENTED_EDGE('',*,*,#3708,.T.);
#5001=ORIENTED_EDGE('',*,*,#3705,.F.);
#5002=ORIENTED_EDGE('',*,*,#3641,.T.);
#5003=ORIENTED_EDGE('',*,*,#3709,.T.);
#5004=ORIENTED_EDGE('',*,*,#3710,.T.);
#5005=ORIENTED_EDGE('',*,*,#3707,.F.);
#5006=ORIENTED_EDGE('',*,*,#3640,.T.);
#5007=ORIENTED_EDGE('',*,*,#3711,.T.);
#5008=ORIENTED_EDGE('',*,*,#3712,.T.);
#5009=ORIENTED_EDGE('',*,*,#3709,.F.);
#5010=ORIENTED_EDGE('',*,*,#3627,.F.);
#5011=ORIENTED_EDGE('',*,*,#3713,.T.);
#5012=ORIENTED_EDGE('',*,*,#3711,.F.);
#5013=ORIENTED_EDGE('',*,*,#3639,.T.);
#5014=ORIENTED_EDGE('',*,*,#3714,.T.);
#5015=ORIENTED_EDGE('',*,*,#3715,.T.);
#5016=ORIENTED_EDGE('',*,*,#3658,.T.);
#5017=ORIENTED_EDGE('',*,*,#3716,.T.);
#5018=ORIENTED_EDGE('',*,*,#3657,.T.);
#5019=ORIENTED_EDGE('',*,*,#3717,.T.);
#5020=ORIENTED_EDGE('',*,*,#3718,.T.);
#5021=ORIENTED_EDGE('',*,*,#3716,.F.);
#5022=ORIENTED_EDGE('',*,*,#3656,.T.);
#5023=ORIENTED_EDGE('',*,*,#3719,.T.);
#5024=ORIENTED_EDGE('',*,*,#3720,.T.);
#5025=ORIENTED_EDGE('',*,*,#3717,.F.);
#5026=ORIENTED_EDGE('',*,*,#3655,.T.);
#5027=ORIENTED_EDGE('',*,*,#3721,.T.);
#5028=ORIENTED_EDGE('',*,*,#3722,.T.);
#5029=ORIENTED_EDGE('',*,*,#3719,.F.);
#5030=ORIENTED_EDGE('',*,*,#3654,.T.);
#5031=ORIENTED_EDGE('',*,*,#3723,.T.);
#5032=ORIENTED_EDGE('',*,*,#3724,.T.);
#5033=ORIENTED_EDGE('',*,*,#3721,.F.);
#5034=ORIENTED_EDGE('',*,*,#3653,.T.);
#5035=ORIENTED_EDGE('',*,*,#3725,.T.);
#5036=ORIENTED_EDGE('',*,*,#3726,.T.);
#5037=ORIENTED_EDGE('',*,*,#3723,.F.);
#5038=ORIENTED_EDGE('',*,*,#3652,.T.);
#5039=ORIENTED_EDGE('',*,*,#3727,.T.);
#5040=ORIENTED_EDGE('',*,*,#3728,.T.);
#5041=ORIENTED_EDGE('',*,*,#3725,.F.);
#5042=ORIENTED_EDGE('',*,*,#3651,.T.);
#5043=ORIENTED_EDGE('',*,*,#3729,.T.);
#5044=ORIENTED_EDGE('',*,*,#3730,.T.);
#5045=ORIENTED_EDGE('',*,*,#3727,.F.);
#5046=ORIENTED_EDGE('',*,*,#3650,.T.);
#5047=ORIENTED_EDGE('',*,*,#3731,.T.);
#5048=ORIENTED_EDGE('',*,*,#3732,.T.);
#5049=ORIENTED_EDGE('',*,*,#3729,.F.);
#5050=ORIENTED_EDGE('',*,*,#3649,.T.);
#5051=ORIENTED_EDGE('',*,*,#3733,.T.);
#5052=ORIENTED_EDGE('',*,*,#3734,.T.);
#5053=ORIENTED_EDGE('',*,*,#3731,.F.);
#5054=ORIENTED_EDGE('',*,*,#3648,.T.);
#5055=ORIENTED_EDGE('',*,*,#3735,.T.);
#5056=ORIENTED_EDGE('',*,*,#3736,.T.);
#5057=ORIENTED_EDGE('',*,*,#3733,.F.);
#5058=ORIENTED_EDGE('',*,*,#3714,.F.);
#5059=ORIENTED_EDGE('',*,*,#3737,.F.);
#5060=ORIENTED_EDGE('',*,*,#3593,.T.);
#5061=ORIENTED_EDGE('',*,*,#3738,.F.);
#5062=ORIENTED_EDGE('',*,*,#3718,.F.);
#5063=ORIENTED_EDGE('',*,*,#3739,.T.);
#5064=ORIENTED_EDGE('',*,*,#3594,.T.);
#5065=ORIENTED_EDGE('',*,*,#3737,.T.);
#5066=ORIENTED_EDGE('',*,*,#3720,.F.);
#5067=ORIENTED_EDGE('',*,*,#3740,.T.);
#5068=ORIENTED_EDGE('',*,*,#3595,.T.);
#5069=ORIENTED_EDGE('',*,*,#3739,.F.);
#5070=ORIENTED_EDGE('',*,*,#3722,.F.);
#5071=ORIENTED_EDGE('',*,*,#3741,.T.);
#5072=ORIENTED_EDGE('',*,*,#3596,.T.);
#5073=ORIENTED_EDGE('',*,*,#3740,.F.);
#5074=ORIENTED_EDGE('',*,*,#3724,.F.);
#5075=ORIENTED_EDGE('',*,*,#3742,.T.);
#5076=ORIENTED_EDGE('',*,*,#3597,.T.);
#5077=ORIENTED_EDGE('',*,*,#3741,.F.);
#5078=ORIENTED_EDGE('',*,*,#3726,.F.);
#5079=ORIENTED_EDGE('',*,*,#3743,.T.);
#5080=ORIENTED_EDGE('',*,*,#3598,.T.);
#5081=ORIENTED_EDGE('',*,*,#3742,.F.);
#5082=ORIENTED_EDGE('',*,*,#3728,.F.);
#5083=ORIENTED_EDGE('',*,*,#3744,.T.);
#5084=ORIENTED_EDGE('',*,*,#3599,.T.);
#5085=ORIENTED_EDGE('',*,*,#3743,.F.);
#5086=ORIENTED_EDGE('',*,*,#3730,.F.);
#5087=ORIENTED_EDGE('',*,*,#3745,.T.);
#5088=ORIENTED_EDGE('',*,*,#3600,.T.);
#5089=ORIENTED_EDGE('',*,*,#3744,.F.);
#5090=ORIENTED_EDGE('',*,*,#3732,.F.);
#5091=ORIENTED_EDGE('',*,*,#3746,.T.);
#5092=ORIENTED_EDGE('',*,*,#3601,.T.);
#5093=ORIENTED_EDGE('',*,*,#3745,.F.);
#5094=ORIENTED_EDGE('',*,*,#3734,.F.);
#5095=ORIENTED_EDGE('',*,*,#3747,.T.);
#5096=ORIENTED_EDGE('',*,*,#3602,.T.);
#5097=ORIENTED_EDGE('',*,*,#3746,.F.);
#5098=ORIENTED_EDGE('',*,*,#3736,.F.);
#5099=ORIENTED_EDGE('',*,*,#3748,.T.);
#5100=ORIENTED_EDGE('',*,*,#3603,.T.);
#5101=ORIENTED_EDGE('',*,*,#3747,.F.);
#5102=ORIENTED_EDGE('',*,*,#3749,.F.);
#5103=ORIENTED_EDGE('',*,*,#3750,.T.);
#5104=ORIENTED_EDGE('',*,*,#3695,.F.);
#5105=ORIENTED_EDGE('',*,*,#3751,.F.);
#5106=ORIENTED_EDGE('',*,*,#3752,.F.);
#5107=ORIENTED_EDGE('',*,*,#3753,.T.);
#5108=ORIENTED_EDGE('',*,*,#3754,.F.);
#5109=ORIENTED_EDGE('',*,*,#3676,.F.);
#5110=ORIENTED_EDGE('',*,*,#3755,.F.);
#5111=ORIENTED_EDGE('',*,*,#3756,.F.);
#5112=ORIENTED_EDGE('',*,*,#3752,.T.);
#5113=ORIENTED_EDGE('',*,*,#3675,.F.);
#5114=ORIENTED_EDGE('',*,*,#3757,.T.);
#5115=ORIENTED_EDGE('',*,*,#3758,.T.);
#5116=ORIENTED_EDGE('',*,*,#3755,.T.);
#5117=ORIENTED_EDGE('',*,*,#3674,.F.);
#5118=ORIENTED_EDGE('',*,*,#3759,.F.);
#5119=ORIENTED_EDGE('',*,*,#3760,.T.);
#5120=ORIENTED_EDGE('',*,*,#3757,.F.);
#5121=ORIENTED_EDGE('',*,*,#3673,.F.);
#5122=ORIENTED_EDGE('',*,*,#3702,.F.);
#5123=ORIENTED_EDGE('',*,*,#3761,.T.);
#5124=ORIENTED_EDGE('',*,*,#3606,.T.);
#5125=ORIENTED_EDGE('',*,*,#3762,.F.);
#5126=ORIENTED_EDGE('',*,*,#3763,.T.);
#5127=ORIENTED_EDGE('',*,*,#3764,.T.);
#5128=ORIENTED_EDGE('',*,*,#3759,.T.);
#5129=ORIENTED_EDGE('',*,*,#3672,.F.);
#5130=ORIENTED_EDGE('',*,*,#3704,.F.);
#5131=ORIENTED_EDGE('',*,*,#3765,.T.);
#5132=ORIENTED_EDGE('',*,*,#3607,.T.);
#5133=ORIENTED_EDGE('',*,*,#3761,.F.);
#5134=ORIENTED_EDGE('',*,*,#3766,.F.);
#5135=ORIENTED_EDGE('',*,*,#3767,.T.);
#5136=ORIENTED_EDGE('',*,*,#3763,.F.);
#5137=ORIENTED_EDGE('',*,*,#3671,.F.);
#5138=ORIENTED_EDGE('',*,*,#3706,.F.);
#5139=ORIENTED_EDGE('',*,*,#3768,.T.);
#5140=ORIENTED_EDGE('',*,*,#3608,.T.);
#5141=ORIENTED_EDGE('',*,*,#3765,.F.);
#5142=ORIENTED_EDGE('',*,*,#3769,.T.);
#5143=ORIENTED_EDGE('',*,*,#3770,.T.);
#5144=ORIENTED_EDGE('',*,*,#3766,.T.);
#5145=ORIENTED_EDGE('',*,*,#3670,.F.);
#5146=ORIENTED_EDGE('',*,*,#3708,.F.);
#5147=ORIENTED_EDGE('',*,*,#3771,.T.);
#5148=ORIENTED_EDGE('',*,*,#3609,.T.);
#5149=ORIENTED_EDGE('',*,*,#3768,.F.);
#5150=ORIENTED_EDGE('',*,*,#3772,.T.);
#5151=ORIENTED_EDGE('',*,*,#3773,.T.);
#5152=ORIENTED_EDGE('',*,*,#3769,.F.);
#5153=ORIENTED_EDGE('',*,*,#3669,.F.);
#5154=ORIENTED_EDGE('',*,*,#3710,.F.);
#5155=ORIENTED_EDGE('',*,*,#3774,.T.);
#5156=ORIENTED_EDGE('',*,*,#3610,.T.);
#5157=ORIENTED_EDGE('',*,*,#3771,.F.);
#5158=ORIENTED_EDGE('',*,*,#3775,.F.);
#5159=ORIENTED_EDGE('',*,*,#3776,.T.);
#5160=ORIENTED_EDGE('',*,*,#3772,.F.);
#5161=ORIENTED_EDGE('',*,*,#3668,.F.);
#5162=ORIENTED_EDGE('',*,*,#3712,.F.);
#5163=ORIENTED_EDGE('',*,*,#3777,.T.);
#5164=ORIENTED_EDGE('',*,*,#3611,.T.);
#5165=ORIENTED_EDGE('',*,*,#3774,.F.);
#5166=ORIENTED_EDGE('',*,*,#3778,.T.);
#5167=ORIENTED_EDGE('',*,*,#3779,.T.);
#5168=ORIENTED_EDGE('',*,*,#3775,.T.);
#5169=ORIENTED_EDGE('',*,*,#3667,.F.);
#5170=ORIENTED_EDGE('',*,*,#3713,.F.);
#5171=ORIENTED_EDGE('',*,*,#3619,.T.);
#5172=ORIENTED_EDGE('',*,*,#3612,.T.);
#5173=ORIENTED_EDGE('',*,*,#3777,.F.);
#5174=ORIENTED_EDGE('',*,*,#3780,.F.);
#5175=ORIENTED_EDGE('',*,*,#3781,.F.);
#5176=ORIENTED_EDGE('',*,*,#3778,.F.);
#5177=ORIENTED_EDGE('',*,*,#3666,.F.);
#5178=ORIENTED_EDGE('',*,*,#3782,.T.);
#5179=ORIENTED_EDGE('',*,*,#3783,.T.);
#5180=ORIENTED_EDGE('',*,*,#3780,.T.);
#5181=ORIENTED_EDGE('',*,*,#3665,.F.);
#5182=ORIENTED_EDGE('',*,*,#3632,.F.);
#5183=ORIENTED_EDGE('',*,*,#3784,.T.);
#5184=ORIENTED_EDGE('',*,*,#3588,.F.);
#5185=ORIENTED_EDGE('',*,*,#3621,.F.);
#5186=ORIENTED_EDGE('',*,*,#3785,.F.);
#5187=ORIENTED_EDGE('',*,*,#3786,.T.);
#5188=ORIENTED_EDGE('',*,*,#3782,.F.);
#5189=ORIENTED_EDGE('',*,*,#3664,.F.);
#5190=ORIENTED_EDGE('',*,*,#3635,.F.);
#5191=ORIENTED_EDGE('',*,*,#3787,.F.);
#5192=ORIENTED_EDGE('',*,*,#3589,.F.);
#5193=ORIENTED_EDGE('',*,*,#3784,.F.);
#5194=ORIENTED_EDGE('',*,*,#3788,.F.);
#5195=ORIENTED_EDGE('',*,*,#3789,.F.);
#5196=ORIENTED_EDGE('',*,*,#3785,.T.);
#5197=ORIENTED_EDGE('',*,*,#3663,.F.);
#5198=ORIENTED_EDGE('',*,*,#3638,.F.);
#5199=ORIENTED_EDGE('',*,*,#3790,.F.);
#5200=ORIENTED_EDGE('',*,*,#3590,.T.);
#5201=ORIENTED_EDGE('',*,*,#3787,.T.);
#5202=ORIENTED_EDGE('',*,*,#3791,.T.);
#5203=ORIENTED_EDGE('',*,*,#3792,.T.);
#5204=ORIENTED_EDGE('',*,*,#3788,.T.);
#5205=ORIENTED_EDGE('',*,*,#3662,.F.);
#5206=ORIENTED_EDGE('',*,*,#3637,.F.);
#5207=ORIENTED_EDGE('',*,*,#3697,.F.);
#5208=ORIENTED_EDGE('',*,*,#3793,.T.);
#5209=ORIENTED_EDGE('',*,*,#3591,.T.);
#5210=ORIENTED_EDGE('',*,*,#3790,.T.);
#5211=ORIENTED_EDGE('',*,*,#3794,.F.);
#5212=ORIENTED_EDGE('',*,*,#3795,.T.);
#5213=ORIENTED_EDGE('',*,*,#3791,.F.);
#5214=ORIENTED_EDGE('',*,*,#3661,.F.);
#5215=ORIENTED_EDGE('',*,*,#3796,.T.);
#5216=ORIENTED_EDGE('',*,*,#3797,.T.);
#5217=ORIENTED_EDGE('',*,*,#3798,.T.);
#5218=ORIENTED_EDGE('',*,*,#3794,.T.);
#5219=ORIENTED_EDGE('',*,*,#3660,.F.);
#5220=ORIENTED_EDGE('',*,*,#3799,.F.);
#5221=ORIENTED_EDGE('',*,*,#3800,.F.);
#5222=ORIENTED_EDGE('',*,*,#3801,.F.);
#5223=ORIENTED_EDGE('',*,*,#3797,.F.);
#5224=ORIENTED_EDGE('',*,*,#3793,.F.);
#5225=ORIENTED_EDGE('',*,*,#3696,.F.);
#5226=ORIENTED_EDGE('',*,*,#3750,.F.);
#5227=ORIENTED_EDGE('',*,*,#3749,.T.);
#5228=ORIENTED_EDGE('',*,*,#3802,.F.);
#5229=ORIENTED_EDGE('',*,*,#3803,.F.);
#5230=ORIENTED_EDGE('',*,*,#3799,.T.);
#5231=ORIENTED_EDGE('',*,*,#3803,.T.);
#5232=ORIENTED_EDGE('',*,*,#3804,.T.);
#5233=ORIENTED_EDGE('',*,*,#3805,.T.);
#5234=ORIENTED_EDGE('',*,*,#3800,.T.);
#5235=ORIENTED_EDGE('',*,*,#3806,.T.);
#5236=ORIENTED_EDGE('',*,*,#3807,.T.);
#5237=ORIENTED_EDGE('',*,*,#3804,.F.);
#5238=ORIENTED_EDGE('',*,*,#3802,.T.);
#5239=ORIENTED_EDGE('',*,*,#3751,.T.);
#5240=ORIENTED_EDGE('',*,*,#3694,.F.);
#5241=ORIENTED_EDGE('',*,*,#3754,.T.);
#5242=ORIENTED_EDGE('',*,*,#3808,.T.);
#5243=ORIENTED_EDGE('',*,*,#3809,.T.);
#5244=ORIENTED_EDGE('',*,*,#3677,.F.);
#5245=ORIENTED_EDGE('',*,*,#3809,.F.);
#5246=ORIENTED_EDGE('',*,*,#3810,.F.);
#5247=ORIENTED_EDGE('',*,*,#3811,.F.);
#5248=ORIENTED_EDGE('',*,*,#3678,.F.);
#5249=ORIENTED_EDGE('',*,*,#3811,.T.);
#5250=ORIENTED_EDGE('',*,*,#3812,.T.);
#5251=ORIENTED_EDGE('',*,*,#3813,.T.);
#5252=ORIENTED_EDGE('',*,*,#3679,.F.);
#5253=ORIENTED_EDGE('',*,*,#3814,.T.);
#5254=ORIENTED_EDGE('',*,*,#3815,.T.);
#5255=ORIENTED_EDGE('',*,*,#3816,.T.);
#5256=ORIENTED_EDGE('',*,*,#3692,.F.);
#5257=ORIENTED_EDGE('',*,*,#3817,.T.);
#5258=ORIENTED_EDGE('',*,*,#3818,.T.);
#5259=ORIENTED_EDGE('',*,*,#3814,.F.);
#5260=ORIENTED_EDGE('',*,*,#3691,.F.);
#5261=ORIENTED_EDGE('',*,*,#3819,.T.);
#5262=ORIENTED_EDGE('',*,*,#3820,.T.);
#5263=ORIENTED_EDGE('',*,*,#3821,.T.);
#5264=ORIENTED_EDGE('',*,*,#3689,.F.);
#5265=ORIENTED_EDGE('',*,*,#3822,.F.);
#5266=ORIENTED_EDGE('',*,*,#3823,.F.);
#5267=ORIENTED_EDGE('',*,*,#3819,.F.);
#5268=ORIENTED_EDGE('',*,*,#3688,.F.);
#5269=ORIENTED_EDGE('',*,*,#3824,.T.);
#5270=ORIENTED_EDGE('',*,*,#3825,.T.);
#5271=ORIENTED_EDGE('',*,*,#3822,.T.);
#5272=ORIENTED_EDGE('',*,*,#3687,.F.);
#5273=ORIENTED_EDGE('',*,*,#3826,.F.);
#5274=ORIENTED_EDGE('',*,*,#3827,.T.);
#5275=ORIENTED_EDGE('',*,*,#3824,.F.);
#5276=ORIENTED_EDGE('',*,*,#3686,.F.);
#5277=ORIENTED_EDGE('',*,*,#3828,.T.);
#5278=ORIENTED_EDGE('',*,*,#3829,.T.);
#5279=ORIENTED_EDGE('',*,*,#3830,.T.);
#5280=ORIENTED_EDGE('',*,*,#3684,.F.);
#5281=ORIENTED_EDGE('',*,*,#3831,.F.);
#5282=ORIENTED_EDGE('',*,*,#3832,.T.);
#5283=ORIENTED_EDGE('',*,*,#3828,.F.);
#5284=ORIENTED_EDGE('',*,*,#3683,.F.);
#5285=ORIENTED_EDGE('',*,*,#3833,.T.);
#5286=ORIENTED_EDGE('',*,*,#3834,.T.);
#5287=ORIENTED_EDGE('',*,*,#3835,.T.);
#5288=ORIENTED_EDGE('',*,*,#3681,.F.);
#5289=ORIENTED_EDGE('',*,*,#3813,.F.);
#5290=ORIENTED_EDGE('',*,*,#3836,.T.);
#5291=ORIENTED_EDGE('',*,*,#3833,.F.);
#5292=ORIENTED_EDGE('',*,*,#3680,.F.);
#5293=ORIENTED_EDGE('',*,*,#3837,.T.);
#5294=ORIENTED_EDGE('',*,*,#3604,.T.);
#5295=ORIENTED_EDGE('',*,*,#3748,.F.);
#5296=ORIENTED_EDGE('',*,*,#3735,.F.);
#5297=ORIENTED_EDGE('',*,*,#3647,.F.);
#5298=ORIENTED_EDGE('',*,*,#3699,.F.);
#5299=ORIENTED_EDGE('',*,*,#3698,.F.);
#5300=ORIENTED_EDGE('',*,*,#3762,.T.);
#5301=ORIENTED_EDGE('',*,*,#3605,.T.);
#5302=ORIENTED_EDGE('',*,*,#3837,.F.);
#5303=ORIENTED_EDGE('',*,*,#3738,.T.);
#5304=ORIENTED_EDGE('',*,*,#3592,.T.);
#5305=ORIENTED_EDGE('',*,*,#3796,.F.);
#5306=ORIENTED_EDGE('',*,*,#3659,.F.);
#5307=ORIENTED_EDGE('',*,*,#3715,.F.);
#5308=ORIENTED_EDGE('',*,*,#3821,.F.);
#5309=ORIENTED_EDGE('',*,*,#3838,.T.);
#5310=ORIENTED_EDGE('',*,*,#3817,.F.);
#5311=ORIENTED_EDGE('',*,*,#3690,.F.);
#5312=ORIENTED_EDGE('',*,*,#3816,.F.);
#5313=ORIENTED_EDGE('',*,*,#3839,.T.);
#5314=ORIENTED_EDGE('',*,*,#3806,.F.);
#5315=ORIENTED_EDGE('',*,*,#3693,.F.);
#5316=ORIENTED_EDGE('',*,*,#3835,.F.);
#5317=ORIENTED_EDGE('',*,*,#3840,.F.);
#5318=ORIENTED_EDGE('',*,*,#3831,.T.);
#5319=ORIENTED_EDGE('',*,*,#3682,.F.);
#5320=ORIENTED_EDGE('',*,*,#3830,.F.);
#5321=ORIENTED_EDGE('',*,*,#3841,.F.);
#5322=ORIENTED_EDGE('',*,*,#3826,.T.);
#5323=ORIENTED_EDGE('',*,*,#3685,.F.);
#5324=ORIENTED_EDGE('',*,*,#3805,.F.);
#5325=ORIENTED_EDGE('',*,*,#3807,.F.);
#5326=ORIENTED_EDGE('',*,*,#3839,.F.);
#5327=ORIENTED_EDGE('',*,*,#3815,.F.);
#5328=ORIENTED_EDGE('',*,*,#3818,.F.);
#5329=ORIENTED_EDGE('',*,*,#3838,.F.);
#5330=ORIENTED_EDGE('',*,*,#3820,.F.);
#5331=ORIENTED_EDGE('',*,*,#3823,.T.);
#5332=ORIENTED_EDGE('',*,*,#3825,.F.);
#5333=ORIENTED_EDGE('',*,*,#3827,.F.);
#5334=ORIENTED_EDGE('',*,*,#3841,.T.);
#5335=ORIENTED_EDGE('',*,*,#3829,.F.);
#5336=ORIENTED_EDGE('',*,*,#3832,.F.);
#5337=ORIENTED_EDGE('',*,*,#3840,.T.);
#5338=ORIENTED_EDGE('',*,*,#3834,.F.);
#5339=ORIENTED_EDGE('',*,*,#3836,.F.);
#5340=ORIENTED_EDGE('',*,*,#3812,.F.);
#5341=ORIENTED_EDGE('',*,*,#3810,.T.);
#5342=ORIENTED_EDGE('',*,*,#3808,.F.);
#5343=ORIENTED_EDGE('',*,*,#3753,.F.);
#5344=ORIENTED_EDGE('',*,*,#3756,.T.);
#5345=ORIENTED_EDGE('',*,*,#3758,.F.);
#5346=ORIENTED_EDGE('',*,*,#3760,.F.);
#5347=ORIENTED_EDGE('',*,*,#3764,.F.);
#5348=ORIENTED_EDGE('',*,*,#3767,.F.);
#5349=ORIENTED_EDGE('',*,*,#3770,.F.);
#5350=ORIENTED_EDGE('',*,*,#3773,.F.);
#5351=ORIENTED_EDGE('',*,*,#3776,.F.);
#5352=ORIENTED_EDGE('',*,*,#3779,.F.);
#5353=ORIENTED_EDGE('',*,*,#3781,.T.);
#5354=ORIENTED_EDGE('',*,*,#3783,.F.);
#5355=ORIENTED_EDGE('',*,*,#3786,.F.);
#5356=ORIENTED_EDGE('',*,*,#3789,.T.);
#5357=ORIENTED_EDGE('',*,*,#3792,.F.);
#5358=ORIENTED_EDGE('',*,*,#3795,.F.);
#5359=ORIENTED_EDGE('',*,*,#3798,.F.);
#5360=ORIENTED_EDGE('',*,*,#3801,.T.);
#5361=ORIENTED_EDGE('',*,*,#3842,.T.);
#5362=ORIENTED_EDGE('',*,*,#3843,.F.);
#5363=ORIENTED_EDGE('',*,*,#3844,.F.);
#5364=ORIENTED_EDGE('',*,*,#3845,.F.);
#5365=ORIENTED_EDGE('',*,*,#3846,.T.);
#5366=ORIENTED_EDGE('',*,*,#3845,.T.);
#5367=ORIENTED_EDGE('',*,*,#3847,.F.);
#5368=ORIENTED_EDGE('',*,*,#3848,.F.);
#5369=ORIENTED_EDGE('',*,*,#3849,.T.);
#5370=ORIENTED_EDGE('',*,*,#3848,.T.);
#5371=ORIENTED_EDGE('',*,*,#3850,.F.);
#5372=ORIENTED_EDGE('',*,*,#3851,.F.);
#5373=ORIENTED_EDGE('',*,*,#3851,.T.);
#5374=ORIENTED_EDGE('',*,*,#3852,.F.);
#5375=ORIENTED_EDGE('',*,*,#3853,.F.);
#5376=ORIENTED_EDGE('',*,*,#3854,.F.);
#5377=ORIENTED_EDGE('',*,*,#3843,.T.);
#5378=ORIENTED_EDGE('',*,*,#3855,.F.);
#5379=ORIENTED_EDGE('',*,*,#3856,.T.);
#5380=ORIENTED_EDGE('',*,*,#3857,.F.);
#5381=ORIENTED_EDGE('',*,*,#3858,.F.);
#5382=ORIENTED_EDGE('',*,*,#3859,.T.);
#5383=ORIENTED_EDGE('',*,*,#3860,.F.);
#5384=ORIENTED_EDGE('',*,*,#3861,.F.);
#5385=ORIENTED_EDGE('',*,*,#3862,.F.);
#5386=ORIENTED_EDGE('',*,*,#3853,.T.);
#5387=ORIENTED_EDGE('',*,*,#3863,.F.);
#5388=ORIENTED_EDGE('',*,*,#3859,.F.);
#5389=ORIENTED_EDGE('',*,*,#3864,.F.);
#5390=ORIENTED_EDGE('',*,*,#3865,.F.);
#5391=ORIENTED_EDGE('',*,*,#3861,.T.);
#5392=ORIENTED_EDGE('',*,*,#3866,.F.);
#5393=ORIENTED_EDGE('',*,*,#3867,.F.);
#5394=ORIENTED_EDGE('',*,*,#3868,.F.);
#5395=ORIENTED_EDGE('',*,*,#3869,.F.);
#5396=ORIENTED_EDGE('',*,*,#3868,.T.);
#5397=ORIENTED_EDGE('',*,*,#3870,.F.);
#5398=ORIENTED_EDGE('',*,*,#3871,.F.);
#5399=ORIENTED_EDGE('',*,*,#3872,.F.);
#5400=ORIENTED_EDGE('',*,*,#3871,.T.);
#5401=ORIENTED_EDGE('',*,*,#3873,.F.);
#5402=ORIENTED_EDGE('',*,*,#3856,.F.);
#5403=ORIENTED_EDGE('',*,*,#3873,.T.);
#5404=ORIENTED_EDGE('',*,*,#3870,.T.);
#5405=ORIENTED_EDGE('',*,*,#3867,.T.);
#5406=ORIENTED_EDGE('',*,*,#3866,.T.);
#5407=ORIENTED_EDGE('',*,*,#3860,.T.);
#5408=ORIENTED_EDGE('',*,*,#3863,.T.);
#5409=ORIENTED_EDGE('',*,*,#3852,.T.);
#5410=ORIENTED_EDGE('',*,*,#3850,.T.);
#5411=ORIENTED_EDGE('',*,*,#3847,.T.);
#5412=ORIENTED_EDGE('',*,*,#3844,.T.);
#5413=ORIENTED_EDGE('',*,*,#3857,.T.);
#5414=ORIENTED_EDGE('',*,*,#3872,.T.);
#5415=ORIENTED_EDGE('',*,*,#3855,.T.);
#5416=ORIENTED_EDGE('',*,*,#3842,.F.);
#5417=ORIENTED_EDGE('',*,*,#3846,.F.);
#5418=ORIENTED_EDGE('',*,*,#3849,.F.);
#5419=ORIENTED_EDGE('',*,*,#3854,.T.);
#5420=ORIENTED_EDGE('',*,*,#3862,.T.);
#5421=ORIENTED_EDGE('',*,*,#3858,.T.);
#5422=ORIENTED_EDGE('',*,*,#3865,.T.);
#5423=ORIENTED_EDGE('',*,*,#3864,.T.);
#5424=ORIENTED_EDGE('',*,*,#3869,.T.);
#5425=ORIENTED_EDGE('',*,*,#3874,.F.);
#5426=ORIENTED_EDGE('',*,*,#3875,.T.);
#5427=ORIENTED_EDGE('',*,*,#3876,.F.);
#5428=ORIENTED_EDGE('',*,*,#3877,.F.);
#5429=ORIENTED_EDGE('',*,*,#3878,.F.);
#5430=ORIENTED_EDGE('',*,*,#3877,.T.);
#5431=ORIENTED_EDGE('',*,*,#3879,.F.);
#5432=ORIENTED_EDGE('',*,*,#3880,.F.);
#5433=ORIENTED_EDGE('',*,*,#3881,.F.);
#5434=ORIENTED_EDGE('',*,*,#3880,.T.);
#5435=ORIENTED_EDGE('',*,*,#3882,.F.);
#5436=ORIENTED_EDGE('',*,*,#3883,.F.);
#5437=ORIENTED_EDGE('',*,*,#3884,.F.);
#5438=ORIENTED_EDGE('',*,*,#3883,.T.);
#5439=ORIENTED_EDGE('',*,*,#3885,.F.);
#5440=ORIENTED_EDGE('',*,*,#3875,.F.);
#5441=ORIENTED_EDGE('',*,*,#3885,.T.);
#5442=ORIENTED_EDGE('',*,*,#3882,.T.);
#5443=ORIENTED_EDGE('',*,*,#3879,.T.);
#5444=ORIENTED_EDGE('',*,*,#3876,.T.);
#5445=ORIENTED_EDGE('',*,*,#3884,.T.);
#5446=ORIENTED_EDGE('',*,*,#3874,.T.);
#5447=ORIENTED_EDGE('',*,*,#3878,.T.);
#5448=ORIENTED_EDGE('',*,*,#3881,.T.);
#5449=ORIENTED_EDGE('',*,*,#3886,.F.);
#5450=ORIENTED_EDGE('',*,*,#3887,.T.);
#5451=ORIENTED_EDGE('',*,*,#3888,.T.);
#5452=ORIENTED_EDGE('',*,*,#3887,.F.);
#5453=ORIENTED_EDGE('',*,*,#3886,.T.);
#5454=ORIENTED_EDGE('',*,*,#3888,.F.);
#5455=ORIENTED_EDGE('',*,*,#3889,.F.);
#5456=ORIENTED_EDGE('',*,*,#3890,.T.);
#5457=ORIENTED_EDGE('',*,*,#3891,.T.);
#5458=ORIENTED_EDGE('',*,*,#3890,.F.);
#5459=ORIENTED_EDGE('',*,*,#3889,.T.);
#5460=ORIENTED_EDGE('',*,*,#3891,.F.);
#5461=ORIENTED_EDGE('',*,*,#3892,.F.);
#5462=ORIENTED_EDGE('',*,*,#3893,.T.);
#5463=ORIENTED_EDGE('',*,*,#3894,.T.);
#5464=ORIENTED_EDGE('',*,*,#3893,.F.);
#5465=ORIENTED_EDGE('',*,*,#3892,.T.);
#5466=ORIENTED_EDGE('',*,*,#3894,.F.);
#5467=ORIENTED_EDGE('',*,*,#3895,.F.);
#5468=ORIENTED_EDGE('',*,*,#3896,.T.);
#5469=ORIENTED_EDGE('',*,*,#3897,.T.);
#5470=ORIENTED_EDGE('',*,*,#3896,.F.);
#5471=ORIENTED_EDGE('',*,*,#3895,.T.);
#5472=ORIENTED_EDGE('',*,*,#3897,.F.);
#5473=ORIENTED_EDGE('',*,*,#3898,.F.);
#5474=ORIENTED_EDGE('',*,*,#3899,.T.);
#5475=ORIENTED_EDGE('',*,*,#3900,.T.);
#5476=ORIENTED_EDGE('',*,*,#3899,.F.);
#5477=ORIENTED_EDGE('',*,*,#3898,.T.);
#5478=ORIENTED_EDGE('',*,*,#3900,.F.);
#5479=ORIENTED_EDGE('',*,*,#3901,.T.);
#5480=ORIENTED_EDGE('',*,*,#3902,.F.);
#5481=ORIENTED_EDGE('',*,*,#3903,.T.);
#5482=ORIENTED_EDGE('',*,*,#3904,.T.);
#5483=ORIENTED_EDGE('',*,*,#3905,.F.);
#5484=ORIENTED_EDGE('',*,*,#3906,.F.);
#5485=ORIENTED_EDGE('',*,*,#3907,.F.);
#5486=ORIENTED_EDGE('',*,*,#3908,.F.);
#5487=ORIENTED_EDGE('',*,*,#3909,.F.);
#5488=ORIENTED_EDGE('',*,*,#3910,.F.);
#5489=ORIENTED_EDGE('',*,*,#3911,.F.);
#5490=ORIENTED_EDGE('',*,*,#3912,.F.);
#5491=ORIENTED_EDGE('',*,*,#3913,.F.);
#5492=ORIENTED_EDGE('',*,*,#3914,.F.);
#5493=ORIENTED_EDGE('',*,*,#3915,.F.);
#5494=ORIENTED_EDGE('',*,*,#3916,.F.);
#5495=ORIENTED_EDGE('',*,*,#3917,.F.);
#5496=ORIENTED_EDGE('',*,*,#3918,.F.);
#5497=ORIENTED_EDGE('',*,*,#3919,.F.);
#5498=ORIENTED_EDGE('',*,*,#3920,.F.);
#5499=ORIENTED_EDGE('',*,*,#3921,.F.);
#5500=ORIENTED_EDGE('',*,*,#3922,.F.);
#5501=ORIENTED_EDGE('',*,*,#3923,.F.);
#5502=ORIENTED_EDGE('',*,*,#3924,.F.);
#5503=ORIENTED_EDGE('',*,*,#3925,.F.);
#5504=ORIENTED_EDGE('',*,*,#3926,.F.);
#5505=ORIENTED_EDGE('',*,*,#3927,.F.);
#5506=ORIENTED_EDGE('',*,*,#3928,.F.);
#5507=ORIENTED_EDGE('',*,*,#3929,.T.);
#5508=ORIENTED_EDGE('',*,*,#3930,.T.);
#5509=ORIENTED_EDGE('',*,*,#3931,.T.);
#5510=ORIENTED_EDGE('',*,*,#3932,.T.);
#5511=ORIENTED_EDGE('',*,*,#3933,.T.);
#5512=ORIENTED_EDGE('',*,*,#3928,.T.);
#5513=ORIENTED_EDGE('',*,*,#3934,.F.);
#5514=ORIENTED_EDGE('',*,*,#3935,.F.);
#5515=ORIENTED_EDGE('',*,*,#3936,.T.);
#5516=ORIENTED_EDGE('',*,*,#3902,.T.);
#5517=ORIENTED_EDGE('',*,*,#3901,.F.);
#5518=ORIENTED_EDGE('',*,*,#3937,.T.);
#5519=ORIENTED_EDGE('',*,*,#3938,.T.);
#5520=ORIENTED_EDGE('',*,*,#3931,.F.);
#5521=ORIENTED_EDGE('',*,*,#3929,.F.);
#5522=ORIENTED_EDGE('',*,*,#3933,.F.);
#5523=ORIENTED_EDGE('',*,*,#3939,.F.);
#5524=ORIENTED_EDGE('',*,*,#3940,.F.);
#5525=ORIENTED_EDGE('',*,*,#3930,.F.);
#5526=ORIENTED_EDGE('',*,*,#3940,.T.);
#5527=ORIENTED_EDGE('',*,*,#3941,.F.);
#5528=ORIENTED_EDGE('',*,*,#3937,.F.);
#5529=ORIENTED_EDGE('',*,*,#3941,.T.);
#5530=ORIENTED_EDGE('',*,*,#3939,.T.);
#5531=ORIENTED_EDGE('',*,*,#3932,.F.);
#5532=ORIENTED_EDGE('',*,*,#3938,.F.);
#5533=ORIENTED_EDGE('',*,*,#3942,.T.);
#5534=ORIENTED_EDGE('',*,*,#3943,.T.);
#5535=ORIENTED_EDGE('',*,*,#3944,.T.);
#5536=ORIENTED_EDGE('',*,*,#3935,.T.);
#5537=ORIENTED_EDGE('',*,*,#3944,.F.);
#5538=ORIENTED_EDGE('',*,*,#3945,.T.);
#5539=ORIENTED_EDGE('',*,*,#3946,.T.);
#5540=ORIENTED_EDGE('',*,*,#3947,.T.);
#5541=ORIENTED_EDGE('',*,*,#3948,.T.);
#5542=ORIENTED_EDGE('',*,*,#3949,.T.);
#5543=ORIENTED_EDGE('',*,*,#3950,.T.);
#5544=ORIENTED_EDGE('',*,*,#3946,.F.);
#5545=ORIENTED_EDGE('',*,*,#3951,.T.);
#5546=ORIENTED_EDGE('',*,*,#3952,.T.);
#5547=ORIENTED_EDGE('',*,*,#3953,.T.);
#5548=ORIENTED_EDGE('',*,*,#3949,.F.);
#5549=ORIENTED_EDGE('',*,*,#3943,.F.);
#5550=ORIENTED_EDGE('',*,*,#3954,.F.);
#5551=ORIENTED_EDGE('',*,*,#3955,.F.);
#5552=ORIENTED_EDGE('',*,*,#3956,.F.);
#5553=ORIENTED_EDGE('',*,*,#3957,.F.);
#5554=ORIENTED_EDGE('',*,*,#3958,.F.);
#5555=ORIENTED_EDGE('',*,*,#3959,.F.);
#5556=ORIENTED_EDGE('',*,*,#3960,.F.);
#5557=ORIENTED_EDGE('',*,*,#3961,.F.);
#5558=ORIENTED_EDGE('',*,*,#3962,.T.);
#5559=ORIENTED_EDGE('',*,*,#3963,.F.);
#5560=ORIENTED_EDGE('',*,*,#3964,.F.);
#5561=ORIENTED_EDGE('',*,*,#3965,.F.);
#5562=ORIENTED_EDGE('',*,*,#3966,.F.);
#5563=ORIENTED_EDGE('',*,*,#3967,.F.);
#5564=ORIENTED_EDGE('',*,*,#3968,.F.);
#5565=ORIENTED_EDGE('',*,*,#3969,.F.);
#5566=ORIENTED_EDGE('',*,*,#3970,.F.);
#5567=ORIENTED_EDGE('',*,*,#3971,.F.);
#5568=ORIENTED_EDGE('',*,*,#3972,.F.);
#5569=ORIENTED_EDGE('',*,*,#3973,.F.);
#5570=ORIENTED_EDGE('',*,*,#3974,.T.);
#5571=ORIENTED_EDGE('',*,*,#3975,.T.);
#5572=ORIENTED_EDGE('',*,*,#3976,.T.);
#5573=ORIENTED_EDGE('',*,*,#3977,.T.);
#5574=ORIENTED_EDGE('',*,*,#3978,.T.);
#5575=ORIENTED_EDGE('',*,*,#3979,.T.);
#5576=ORIENTED_EDGE('',*,*,#3980,.T.);
#5577=ORIENTED_EDGE('',*,*,#3981,.T.);
#5578=ORIENTED_EDGE('',*,*,#3982,.T.);
#5579=ORIENTED_EDGE('',*,*,#3983,.T.);
#5580=ORIENTED_EDGE('',*,*,#3984,.T.);
#5581=ORIENTED_EDGE('',*,*,#3985,.T.);
#5582=ORIENTED_EDGE('',*,*,#3986,.T.);
#5583=ORIENTED_EDGE('',*,*,#3987,.T.);
#5584=ORIENTED_EDGE('',*,*,#3988,.T.);
#5585=ORIENTED_EDGE('',*,*,#3989,.T.);
#5586=ORIENTED_EDGE('',*,*,#3990,.T.);
#5587=ORIENTED_EDGE('',*,*,#3991,.T.);
#5588=ORIENTED_EDGE('',*,*,#3992,.T.);
#5589=ORIENTED_EDGE('',*,*,#3993,.T.);
#5590=ORIENTED_EDGE('',*,*,#3994,.T.);
#5591=ORIENTED_EDGE('',*,*,#3995,.T.);
#5592=ORIENTED_EDGE('',*,*,#3996,.T.);
#5593=ORIENTED_EDGE('',*,*,#3997,.T.);
#5594=ORIENTED_EDGE('',*,*,#3998,.T.);
#5595=ORIENTED_EDGE('',*,*,#3999,.T.);
#5596=ORIENTED_EDGE('',*,*,#4000,.T.);
#5597=ORIENTED_EDGE('',*,*,#4001,.T.);
#5598=ORIENTED_EDGE('',*,*,#4002,.T.);
#5599=ORIENTED_EDGE('',*,*,#4003,.T.);
#5600=ORIENTED_EDGE('',*,*,#4004,.T.);
#5601=ORIENTED_EDGE('',*,*,#4005,.T.);
#5602=ORIENTED_EDGE('',*,*,#4006,.T.);
#5603=ORIENTED_EDGE('',*,*,#4007,.T.);
#5604=ORIENTED_EDGE('',*,*,#4008,.T.);
#5605=ORIENTED_EDGE('',*,*,#4009,.T.);
#5606=ORIENTED_EDGE('',*,*,#4010,.T.);
#5607=ORIENTED_EDGE('',*,*,#4011,.T.);
#5608=ORIENTED_EDGE('',*,*,#4012,.T.);
#5609=ORIENTED_EDGE('',*,*,#3951,.F.);
#5610=ORIENTED_EDGE('',*,*,#3948,.F.);
#5611=ORIENTED_EDGE('',*,*,#3945,.F.);
#5612=ORIENTED_EDGE('',*,*,#4013,.T.);
#5613=ORIENTED_EDGE('',*,*,#4014,.T.);
#5614=ORIENTED_EDGE('',*,*,#3961,.T.);
#5615=ORIENTED_EDGE('',*,*,#4015,.T.);
#5616=ORIENTED_EDGE('',*,*,#3960,.T.);
#5617=ORIENTED_EDGE('',*,*,#4016,.T.);
#5618=ORIENTED_EDGE('',*,*,#4017,.T.);
#5619=ORIENTED_EDGE('',*,*,#4015,.F.);
#5620=ORIENTED_EDGE('',*,*,#3959,.T.);
#5621=ORIENTED_EDGE('',*,*,#4018,.T.);
#5622=ORIENTED_EDGE('',*,*,#4019,.T.);
#5623=ORIENTED_EDGE('',*,*,#4016,.F.);
#5624=ORIENTED_EDGE('',*,*,#3958,.T.);
#5625=ORIENTED_EDGE('',*,*,#4020,.T.);
#5626=ORIENTED_EDGE('',*,*,#4021,.T.);
#5627=ORIENTED_EDGE('',*,*,#4018,.F.);
#5628=ORIENTED_EDGE('',*,*,#3957,.T.);
#5629=ORIENTED_EDGE('',*,*,#4022,.T.);
#5630=ORIENTED_EDGE('',*,*,#4023,.T.);
#5631=ORIENTED_EDGE('',*,*,#4020,.F.);
#5632=ORIENTED_EDGE('',*,*,#3956,.T.);
#5633=ORIENTED_EDGE('',*,*,#4024,.T.);
#5634=ORIENTED_EDGE('',*,*,#4025,.T.);
#5635=ORIENTED_EDGE('',*,*,#4022,.F.);
#5636=ORIENTED_EDGE('',*,*,#3955,.T.);
#5637=ORIENTED_EDGE('',*,*,#4026,.T.);
#5638=ORIENTED_EDGE('',*,*,#4027,.T.);
#5639=ORIENTED_EDGE('',*,*,#4024,.F.);
#5640=ORIENTED_EDGE('',*,*,#3942,.F.);
#5641=ORIENTED_EDGE('',*,*,#4028,.T.);
#5642=ORIENTED_EDGE('',*,*,#4026,.F.);
#5643=ORIENTED_EDGE('',*,*,#3954,.T.);
#5644=ORIENTED_EDGE('',*,*,#4029,.T.);
#5645=ORIENTED_EDGE('',*,*,#4030,.T.);
#5646=ORIENTED_EDGE('',*,*,#3973,.T.);
#5647=ORIENTED_EDGE('',*,*,#4031,.T.);
#5648=ORIENTED_EDGE('',*,*,#3972,.T.);
#5649=ORIENTED_EDGE('',*,*,#4032,.T.);
#5650=ORIENTED_EDGE('',*,*,#4033,.T.);
#5651=ORIENTED_EDGE('',*,*,#4031,.F.);
#5652=ORIENTED_EDGE('',*,*,#3971,.T.);
#5653=ORIENTED_EDGE('',*,*,#4034,.T.);
#5654=ORIENTED_EDGE('',*,*,#4035,.T.);
#5655=ORIENTED_EDGE('',*,*,#4032,.F.);
#5656=ORIENTED_EDGE('',*,*,#3970,.T.);
#5657=ORIENTED_EDGE('',*,*,#4036,.T.);
#5658=ORIENTED_EDGE('',*,*,#4037,.T.);
#5659=ORIENTED_EDGE('',*,*,#4034,.F.);
#5660=ORIENTED_EDGE('',*,*,#3969,.T.);
#5661=ORIENTED_EDGE('',*,*,#4038,.T.);
#5662=ORIENTED_EDGE('',*,*,#4039,.T.);
#5663=ORIENTED_EDGE('',*,*,#4036,.F.);
#5664=ORIENTED_EDGE('',*,*,#3968,.T.);
#5665=ORIENTED_EDGE('',*,*,#4040,.T.);
#5666=ORIENTED_EDGE('',*,*,#4041,.T.);
#5667=ORIENTED_EDGE('',*,*,#4038,.F.);
#5668=ORIENTED_EDGE('',*,*,#3967,.T.);
#5669=ORIENTED_EDGE('',*,*,#4042,.T.);
#5670=ORIENTED_EDGE('',*,*,#4043,.T.);
#5671=ORIENTED_EDGE('',*,*,#4040,.F.);
#5672=ORIENTED_EDGE('',*,*,#3966,.T.);
#5673=ORIENTED_EDGE('',*,*,#4044,.T.);
#5674=ORIENTED_EDGE('',*,*,#4045,.T.);
#5675=ORIENTED_EDGE('',*,*,#4042,.F.);
#5676=ORIENTED_EDGE('',*,*,#3965,.T.);
#5677=ORIENTED_EDGE('',*,*,#4046,.T.);
#5678=ORIENTED_EDGE('',*,*,#4047,.T.);
#5679=ORIENTED_EDGE('',*,*,#4044,.F.);
#5680=ORIENTED_EDGE('',*,*,#3964,.T.);
#5681=ORIENTED_EDGE('',*,*,#4048,.T.);
#5682=ORIENTED_EDGE('',*,*,#4049,.T.);
#5683=ORIENTED_EDGE('',*,*,#4046,.F.);
#5684=ORIENTED_EDGE('',*,*,#3963,.T.);
#5685=ORIENTED_EDGE('',*,*,#4050,.T.);
#5686=ORIENTED_EDGE('',*,*,#4051,.T.);
#5687=ORIENTED_EDGE('',*,*,#4048,.F.);
#5688=ORIENTED_EDGE('',*,*,#4029,.F.);
#5689=ORIENTED_EDGE('',*,*,#4052,.F.);
#5690=ORIENTED_EDGE('',*,*,#3908,.T.);
#5691=ORIENTED_EDGE('',*,*,#4053,.F.);
#5692=ORIENTED_EDGE('',*,*,#4033,.F.);
#5693=ORIENTED_EDGE('',*,*,#4054,.T.);
#5694=ORIENTED_EDGE('',*,*,#3909,.T.);
#5695=ORIENTED_EDGE('',*,*,#4052,.T.);
#5696=ORIENTED_EDGE('',*,*,#4035,.F.);
#5697=ORIENTED_EDGE('',*,*,#4055,.T.);
#5698=ORIENTED_EDGE('',*,*,#3910,.T.);
#5699=ORIENTED_EDGE('',*,*,#4054,.F.);
#5700=ORIENTED_EDGE('',*,*,#4037,.F.);
#5701=ORIENTED_EDGE('',*,*,#4056,.T.);
#5702=ORIENTED_EDGE('',*,*,#3911,.T.);
#5703=ORIENTED_EDGE('',*,*,#4055,.F.);
#5704=ORIENTED_EDGE('',*,*,#4039,.F.);
#5705=ORIENTED_EDGE('',*,*,#4057,.T.);
#5706=ORIENTED_EDGE('',*,*,#3912,.T.);
#5707=ORIENTED_EDGE('',*,*,#4056,.F.);
#5708=ORIENTED_EDGE('',*,*,#4041,.F.);
#5709=ORIENTED_EDGE('',*,*,#4058,.T.);
#5710=ORIENTED_EDGE('',*,*,#3913,.T.);
#5711=ORIENTED_EDGE('',*,*,#4057,.F.);
#5712=ORIENTED_EDGE('',*,*,#4043,.F.);
#5713=ORIENTED_EDGE('',*,*,#4059,.T.);
#5714=ORIENTED_EDGE('',*,*,#3914,.T.);
#5715=ORIENTED_EDGE('',*,*,#4058,.F.);
#5716=ORIENTED_EDGE('',*,*,#4045,.F.);
#5717=ORIENTED_EDGE('',*,*,#4060,.T.);
#5718=ORIENTED_EDGE('',*,*,#3915,.T.);
#5719=ORIENTED_EDGE('',*,*,#4059,.F.);
#5720=ORIENTED_EDGE('',*,*,#4047,.F.);
#5721=ORIENTED_EDGE('',*,*,#4061,.T.);
#5722=ORIENTED_EDGE('',*,*,#3916,.T.);
#5723=ORIENTED_EDGE('',*,*,#4060,.F.);
#5724=ORIENTED_EDGE('',*,*,#4049,.F.);
#5725=ORIENTED_EDGE('',*,*,#4062,.T.);
#5726=ORIENTED_EDGE('',*,*,#3917,.T.);
#5727=ORIENTED_EDGE('',*,*,#4061,.F.);
#5728=ORIENTED_EDGE('',*,*,#4051,.F.);
#5729=ORIENTED_EDGE('',*,*,#4063,.T.);
#5730=ORIENTED_EDGE('',*,*,#3918,.T.);
#5731=ORIENTED_EDGE('',*,*,#4062,.F.);
#5732=ORIENTED_EDGE('',*,*,#4064,.F.);
#5733=ORIENTED_EDGE('',*,*,#4065,.T.);
#5734=ORIENTED_EDGE('',*,*,#4010,.F.);
#5735=ORIENTED_EDGE('',*,*,#4066,.F.);
#5736=ORIENTED_EDGE('',*,*,#4067,.F.);
#5737=ORIENTED_EDGE('',*,*,#4068,.T.);
#5738=ORIENTED_EDGE('',*,*,#4069,.F.);
#5739=ORIENTED_EDGE('',*,*,#3991,.F.);
#5740=ORIENTED_EDGE('',*,*,#4070,.F.);
#5741=ORIENTED_EDGE('',*,*,#4071,.F.);
#5742=ORIENTED_EDGE('',*,*,#4067,.T.);
#5743=ORIENTED_EDGE('',*,*,#3990,.F.);
#5744=ORIENTED_EDGE('',*,*,#4072,.T.);
#5745=ORIENTED_EDGE('',*,*,#4073,.T.);
#5746=ORIENTED_EDGE('',*,*,#4070,.T.);
#5747=ORIENTED_EDGE('',*,*,#3989,.F.);
#5748=ORIENTED_EDGE('',*,*,#4074,.F.);
#5749=ORIENTED_EDGE('',*,*,#4075,.T.);
#5750=ORIENTED_EDGE('',*,*,#4072,.F.);
#5751=ORIENTED_EDGE('',*,*,#3988,.F.);
#5752=ORIENTED_EDGE('',*,*,#4017,.F.);
#5753=ORIENTED_EDGE('',*,*,#4076,.T.);
#5754=ORIENTED_EDGE('',*,*,#3921,.T.);
#5755=ORIENTED_EDGE('',*,*,#4077,.F.);
#5756=ORIENTED_EDGE('',*,*,#4078,.T.);
#5757=ORIENTED_EDGE('',*,*,#4079,.T.);
#5758=ORIENTED_EDGE('',*,*,#4074,.T.);
#5759=ORIENTED_EDGE('',*,*,#3987,.F.);
#5760=ORIENTED_EDGE('',*,*,#4019,.F.);
#5761=ORIENTED_EDGE('',*,*,#4080,.T.);
#5762=ORIENTED_EDGE('',*,*,#3922,.T.);
#5763=ORIENTED_EDGE('',*,*,#4076,.F.);
#5764=ORIENTED_EDGE('',*,*,#4081,.F.);
#5765=ORIENTED_EDGE('',*,*,#4082,.T.);
#5766=ORIENTED_EDGE('',*,*,#4078,.F.);
#5767=ORIENTED_EDGE('',*,*,#3986,.F.);
#5768=ORIENTED_EDGE('',*,*,#4021,.F.);
#5769=ORIENTED_EDGE('',*,*,#4083,.T.);
#5770=ORIENTED_EDGE('',*,*,#3923,.T.);
#5771=ORIENTED_EDGE('',*,*,#4080,.F.);
#5772=ORIENTED_EDGE('',*,*,#4084,.T.);
#5773=ORIENTED_EDGE('',*,*,#4085,.T.);
#5774=ORIENTED_EDGE('',*,*,#4081,.T.);
#5775=ORIENTED_EDGE('',*,*,#3985,.F.);
#5776=ORIENTED_EDGE('',*,*,#4023,.F.);
#5777=ORIENTED_EDGE('',*,*,#4086,.T.);
#5778=ORIENTED_EDGE('',*,*,#3924,.T.);
#5779=ORIENTED_EDGE('',*,*,#4083,.F.);
#5780=ORIENTED_EDGE('',*,*,#4087,.T.);
#5781=ORIENTED_EDGE('',*,*,#4088,.T.);
#5782=ORIENTED_EDGE('',*,*,#4084,.F.);
#5783=ORIENTED_EDGE('',*,*,#3984,.F.);
#5784=ORIENTED_EDGE('',*,*,#4025,.F.);
#5785=ORIENTED_EDGE('',*,*,#4089,.T.);
#5786=ORIENTED_EDGE('',*,*,#3925,.T.);
#5787=ORIENTED_EDGE('',*,*,#4086,.F.);
#5788=ORIENTED_EDGE('',*,*,#4090,.F.);
#5789=ORIENTED_EDGE('',*,*,#4091,.T.);
#5790=ORIENTED_EDGE('',*,*,#4087,.F.);
#5791=ORIENTED_EDGE('',*,*,#3983,.F.);
#5792=ORIENTED_EDGE('',*,*,#4027,.F.);
#5793=ORIENTED_EDGE('',*,*,#4092,.T.);
#5794=ORIENTED_EDGE('',*,*,#3926,.T.);
#5795=ORIENTED_EDGE('',*,*,#4089,.F.);
#5796=ORIENTED_EDGE('',*,*,#4093,.T.);
#5797=ORIENTED_EDGE('',*,*,#4094,.T.);
#5798=ORIENTED_EDGE('',*,*,#4090,.T.);
#5799=ORIENTED_EDGE('',*,*,#3982,.F.);
#5800=ORIENTED_EDGE('',*,*,#4028,.F.);
#5801=ORIENTED_EDGE('',*,*,#3934,.T.);
#5802=ORIENTED_EDGE('',*,*,#3927,.T.);
#5803=ORIENTED_EDGE('',*,*,#4092,.F.);
#5804=ORIENTED_EDGE('',*,*,#4095,.F.);
#5805=ORIENTED_EDGE('',*,*,#4096,.F.);
#5806=ORIENTED_EDGE('',*,*,#4093,.F.);
#5807=ORIENTED_EDGE('',*,*,#3981,.F.);
#5808=ORIENTED_EDGE('',*,*,#4097,.T.);
#5809=ORIENTED_EDGE('',*,*,#4098,.T.);
#5810=ORIENTED_EDGE('',*,*,#4095,.T.);
#5811=ORIENTED_EDGE('',*,*,#3980,.F.);
#5812=ORIENTED_EDGE('',*,*,#3947,.F.);
#5813=ORIENTED_EDGE('',*,*,#4099,.T.);
#5814=ORIENTED_EDGE('',*,*,#3903,.F.);
#5815=ORIENTED_EDGE('',*,*,#3936,.F.);
#5816=ORIENTED_EDGE('',*,*,#4100,.F.);
#5817=ORIENTED_EDGE('',*,*,#4101,.T.);
#5818=ORIENTED_EDGE('',*,*,#4097,.F.);
#5819=ORIENTED_EDGE('',*,*,#3979,.F.);
#5820=ORIENTED_EDGE('',*,*,#3950,.F.);
#5821=ORIENTED_EDGE('',*,*,#4102,.F.);
#5822=ORIENTED_EDGE('',*,*,#3904,.F.);
#5823=ORIENTED_EDGE('',*,*,#4099,.F.);
#5824=ORIENTED_EDGE('',*,*,#4103,.F.);
#5825=ORIENTED_EDGE('',*,*,#4104,.F.);
#5826=ORIENTED_EDGE('',*,*,#4100,.T.);
#5827=ORIENTED_EDGE('',*,*,#3978,.F.);
#5828=ORIENTED_EDGE('',*,*,#3953,.F.);
#5829=ORIENTED_EDGE('',*,*,#4105,.F.);
#5830=ORIENTED_EDGE('',*,*,#3905,.T.);
#5831=ORIENTED_EDGE('',*,*,#4102,.T.);
#5832=ORIENTED_EDGE('',*,*,#4106,.T.);
#5833=ORIENTED_EDGE('',*,*,#4107,.T.);
#5834=ORIENTED_EDGE('',*,*,#4103,.T.);
#5835=ORIENTED_EDGE('',*,*,#3977,.F.);
#5836=ORIENTED_EDGE('',*,*,#3952,.F.);
#5837=ORIENTED_EDGE('',*,*,#4012,.F.);
#5838=ORIENTED_EDGE('',*,*,#4108,.T.);
#5839=ORIENTED_EDGE('',*,*,#3906,.T.);
#5840=ORIENTED_EDGE('',*,*,#4105,.T.);
#5841=ORIENTED_EDGE('',*,*,#4109,.F.);
#5842=ORIENTED_EDGE('',*,*,#4110,.T.);
#5843=ORIENTED_EDGE('',*,*,#4106,.F.);
#5844=ORIENTED_EDGE('',*,*,#3976,.F.);
#5845=ORIENTED_EDGE('',*,*,#4111,.T.);
#5846=ORIENTED_EDGE('',*,*,#4112,.T.);
#5847=ORIENTED_EDGE('',*,*,#4113,.T.);
#5848=ORIENTED_EDGE('',*,*,#4109,.T.);
#5849=ORIENTED_EDGE('',*,*,#3975,.F.);
#5850=ORIENTED_EDGE('',*,*,#4114,.F.);
#5851=ORIENTED_EDGE('',*,*,#4115,.F.);
#5852=ORIENTED_EDGE('',*,*,#4116,.F.);
#5853=ORIENTED_EDGE('',*,*,#4112,.F.);
#5854=ORIENTED_EDGE('',*,*,#4108,.F.);
#5855=ORIENTED_EDGE('',*,*,#4011,.F.);
#5856=ORIENTED_EDGE('',*,*,#4065,.F.);
#5857=ORIENTED_EDGE('',*,*,#4064,.T.);
#5858=ORIENTED_EDGE('',*,*,#4117,.F.);
#5859=ORIENTED_EDGE('',*,*,#4118,.F.);
#5860=ORIENTED_EDGE('',*,*,#4114,.T.);
#5861=ORIENTED_EDGE('',*,*,#4118,.T.);
#5862=ORIENTED_EDGE('',*,*,#4119,.T.);
#5863=ORIENTED_EDGE('',*,*,#4120,.T.);
#5864=ORIENTED_EDGE('',*,*,#4115,.T.);
#5865=ORIENTED_EDGE('',*,*,#4121,.T.);
#5866=ORIENTED_EDGE('',*,*,#4122,.T.);
#5867=ORIENTED_EDGE('',*,*,#4119,.F.);
#5868=ORIENTED_EDGE('',*,*,#4117,.T.);
#5869=ORIENTED_EDGE('',*,*,#4066,.T.);
#5870=ORIENTED_EDGE('',*,*,#4009,.F.);
#5871=ORIENTED_EDGE('',*,*,#4069,.T.);
#5872=ORIENTED_EDGE('',*,*,#4123,.T.);
#5873=ORIENTED_EDGE('',*,*,#4124,.T.);
#5874=ORIENTED_EDGE('',*,*,#3992,.F.);
#5875=ORIENTED_EDGE('',*,*,#4124,.F.);
#5876=ORIENTED_EDGE('',*,*,#4125,.F.);
#5877=ORIENTED_EDGE('',*,*,#4126,.F.);
#5878=ORIENTED_EDGE('',*,*,#3993,.F.);
#5879=ORIENTED_EDGE('',*,*,#4126,.T.);
#5880=ORIENTED_EDGE('',*,*,#4127,.T.);
#5881=ORIENTED_EDGE('',*,*,#4128,.T.);
#5882=ORIENTED_EDGE('',*,*,#3994,.F.);
#5883=ORIENTED_EDGE('',*,*,#4129,.T.);
#5884=ORIENTED_EDGE('',*,*,#4130,.T.);
#5885=ORIENTED_EDGE('',*,*,#4131,.T.);
#5886=ORIENTED_EDGE('',*,*,#4007,.F.);
#5887=ORIENTED_EDGE('',*,*,#4132,.T.);
#5888=ORIENTED_EDGE('',*,*,#4133,.T.);
#5889=ORIENTED_EDGE('',*,*,#4129,.F.);
#5890=ORIENTED_EDGE('',*,*,#4006,.F.);
#5891=ORIENTED_EDGE('',*,*,#4134,.T.);
#5892=ORIENTED_EDGE('',*,*,#4135,.T.);
#5893=ORIENTED_EDGE('',*,*,#4136,.T.);
#5894=ORIENTED_EDGE('',*,*,#4004,.F.);
#5895=ORIENTED_EDGE('',*,*,#4137,.F.);
#5896=ORIENTED_EDGE('',*,*,#4138,.F.);
#5897=ORIENTED_EDGE('',*,*,#4134,.F.);
#5898=ORIENTED_EDGE('',*,*,#4003,.F.);
#5899=ORIENTED_EDGE('',*,*,#4139,.T.);
#5900=ORIENTED_EDGE('',*,*,#4140,.T.);
#5901=ORIENTED_EDGE('',*,*,#4137,.T.);
#5902=ORIENTED_EDGE('',*,*,#4002,.F.);
#5903=ORIENTED_EDGE('',*,*,#4141,.F.);
#5904=ORIENTED_EDGE('',*,*,#4142,.T.);
#5905=ORIENTED_EDGE('',*,*,#4139,.F.);
#5906=ORIENTED_EDGE('',*,*,#4001,.F.);
#5907=ORIENTED_EDGE('',*,*,#4143,.T.);
#5908=ORIENTED_EDGE('',*,*,#4144,.T.);
#5909=ORIENTED_EDGE('',*,*,#4145,.T.);
#5910=ORIENTED_EDGE('',*,*,#3999,.F.);
#5911=ORIENTED_EDGE('',*,*,#4146,.F.);
#5912=ORIENTED_EDGE('',*,*,#4147,.T.);
#5913=ORIENTED_EDGE('',*,*,#4143,.F.);
#5914=ORIENTED_EDGE('',*,*,#3998,.F.);
#5915=ORIENTED_EDGE('',*,*,#4148,.T.);
#5916=ORIENTED_EDGE('',*,*,#4149,.T.);
#5917=ORIENTED_EDGE('',*,*,#4150,.T.);
#5918=ORIENTED_EDGE('',*,*,#3996,.F.);
#5919=ORIENTED_EDGE('',*,*,#4128,.F.);
#5920=ORIENTED_EDGE('',*,*,#4151,.T.);
#5921=ORIENTED_EDGE('',*,*,#4148,.F.);
#5922=ORIENTED_EDGE('',*,*,#3995,.F.);
#5923=ORIENTED_EDGE('',*,*,#4152,.T.);
#5924=ORIENTED_EDGE('',*,*,#3919,.T.);
#5925=ORIENTED_EDGE('',*,*,#4063,.F.);
#5926=ORIENTED_EDGE('',*,*,#4050,.F.);
#5927=ORIENTED_EDGE('',*,*,#3962,.F.);
#5928=ORIENTED_EDGE('',*,*,#4014,.F.);
#5929=ORIENTED_EDGE('',*,*,#4013,.F.);
#5930=ORIENTED_EDGE('',*,*,#4077,.T.);
#5931=ORIENTED_EDGE('',*,*,#3920,.T.);
#5932=ORIENTED_EDGE('',*,*,#4152,.F.);
#5933=ORIENTED_EDGE('',*,*,#4053,.T.);
#5934=ORIENTED_EDGE('',*,*,#3907,.T.);
#5935=ORIENTED_EDGE('',*,*,#4111,.F.);
#5936=ORIENTED_EDGE('',*,*,#3974,.F.);
#5937=ORIENTED_EDGE('',*,*,#4030,.F.);
#5938=ORIENTED_EDGE('',*,*,#4136,.F.);
#5939=ORIENTED_EDGE('',*,*,#4153,.T.);
#5940=ORIENTED_EDGE('',*,*,#4132,.F.);
#5941=ORIENTED_EDGE('',*,*,#4005,.F.);
#5942=ORIENTED_EDGE('',*,*,#4131,.F.);
#5943=ORIENTED_EDGE('',*,*,#4154,.T.);
#5944=ORIENTED_EDGE('',*,*,#4121,.F.);
#5945=ORIENTED_EDGE('',*,*,#4008,.F.);
#5946=ORIENTED_EDGE('',*,*,#4150,.F.);
#5947=ORIENTED_EDGE('',*,*,#4155,.F.);
#5948=ORIENTED_EDGE('',*,*,#4146,.T.);
#5949=ORIENTED_EDGE('',*,*,#3997,.F.);
#5950=ORIENTED_EDGE('',*,*,#4145,.F.);
#5951=ORIENTED_EDGE('',*,*,#4156,.F.);
#5952=ORIENTED_EDGE('',*,*,#4141,.T.);
#5953=ORIENTED_EDGE('',*,*,#4000,.F.);
#5954=ORIENTED_EDGE('',*,*,#4120,.F.);
#5955=ORIENTED_EDGE('',*,*,#4122,.F.);
#5956=ORIENTED_EDGE('',*,*,#4154,.F.);
#5957=ORIENTED_EDGE('',*,*,#4130,.F.);
#5958=ORIENTED_EDGE('',*,*,#4133,.F.);
#5959=ORIENTED_EDGE('',*,*,#4153,.F.);
#5960=ORIENTED_EDGE('',*,*,#4135,.F.);
#5961=ORIENTED_EDGE('',*,*,#4138,.T.);
#5962=ORIENTED_EDGE('',*,*,#4140,.F.);
#5963=ORIENTED_EDGE('',*,*,#4142,.F.);
#5964=ORIENTED_EDGE('',*,*,#4156,.T.);
#5965=ORIENTED_EDGE('',*,*,#4144,.F.);
#5966=ORIENTED_EDGE('',*,*,#4147,.F.);
#5967=ORIENTED_EDGE('',*,*,#4155,.T.);
#5968=ORIENTED_EDGE('',*,*,#4149,.F.);
#5969=ORIENTED_EDGE('',*,*,#4151,.F.);
#5970=ORIENTED_EDGE('',*,*,#4127,.F.);
#5971=ORIENTED_EDGE('',*,*,#4125,.T.);
#5972=ORIENTED_EDGE('',*,*,#4123,.F.);
#5973=ORIENTED_EDGE('',*,*,#4068,.F.);
#5974=ORIENTED_EDGE('',*,*,#4071,.T.);
#5975=ORIENTED_EDGE('',*,*,#4073,.F.);
#5976=ORIENTED_EDGE('',*,*,#4075,.F.);
#5977=ORIENTED_EDGE('',*,*,#4079,.F.);
#5978=ORIENTED_EDGE('',*,*,#4082,.F.);
#5979=ORIENTED_EDGE('',*,*,#4085,.F.);
#5980=ORIENTED_EDGE('',*,*,#4088,.F.);
#5981=ORIENTED_EDGE('',*,*,#4091,.F.);
#5982=ORIENTED_EDGE('',*,*,#4094,.F.);
#5983=ORIENTED_EDGE('',*,*,#4096,.T.);
#5984=ORIENTED_EDGE('',*,*,#4098,.F.);
#5985=ORIENTED_EDGE('',*,*,#4101,.F.);
#5986=ORIENTED_EDGE('',*,*,#4104,.T.);
#5987=ORIENTED_EDGE('',*,*,#4107,.F.);
#5988=ORIENTED_EDGE('',*,*,#4110,.F.);
#5989=ORIENTED_EDGE('',*,*,#4113,.F.);
#5990=ORIENTED_EDGE('',*,*,#4116,.T.);
#5991=ORIENTED_EDGE('',*,*,#4157,.T.);
#5992=ORIENTED_EDGE('',*,*,#4158,.F.);
#5993=ORIENTED_EDGE('',*,*,#4159,.F.);
#5994=ORIENTED_EDGE('',*,*,#4160,.F.);
#5995=ORIENTED_EDGE('',*,*,#4161,.T.);
#5996=ORIENTED_EDGE('',*,*,#4160,.T.);
#5997=ORIENTED_EDGE('',*,*,#4162,.F.);
#5998=ORIENTED_EDGE('',*,*,#4163,.F.);
#5999=ORIENTED_EDGE('',*,*,#4164,.T.);
#6000=ORIENTED_EDGE('',*,*,#4163,.T.);
#6001=ORIENTED_EDGE('',*,*,#4165,.F.);
#6002=ORIENTED_EDGE('',*,*,#4166,.F.);
#6003=ORIENTED_EDGE('',*,*,#4166,.T.);
#6004=ORIENTED_EDGE('',*,*,#4167,.F.);
#6005=ORIENTED_EDGE('',*,*,#4168,.F.);
#6006=ORIENTED_EDGE('',*,*,#4169,.F.);
#6007=ORIENTED_EDGE('',*,*,#4158,.T.);
#6008=ORIENTED_EDGE('',*,*,#4170,.F.);
#6009=ORIENTED_EDGE('',*,*,#4171,.T.);
#6010=ORIENTED_EDGE('',*,*,#4172,.F.);
#6011=ORIENTED_EDGE('',*,*,#4173,.F.);
#6012=ORIENTED_EDGE('',*,*,#4174,.T.);
#6013=ORIENTED_EDGE('',*,*,#4175,.F.);
#6014=ORIENTED_EDGE('',*,*,#4176,.F.);
#6015=ORIENTED_EDGE('',*,*,#4177,.F.);
#6016=ORIENTED_EDGE('',*,*,#4168,.T.);
#6017=ORIENTED_EDGE('',*,*,#4178,.F.);
#6018=ORIENTED_EDGE('',*,*,#4174,.F.);
#6019=ORIENTED_EDGE('',*,*,#4179,.F.);
#6020=ORIENTED_EDGE('',*,*,#4180,.F.);
#6021=ORIENTED_EDGE('',*,*,#4176,.T.);
#6022=ORIENTED_EDGE('',*,*,#4181,.F.);
#6023=ORIENTED_EDGE('',*,*,#4182,.F.);
#6024=ORIENTED_EDGE('',*,*,#4183,.F.);
#6025=ORIENTED_EDGE('',*,*,#4184,.F.);
#6026=ORIENTED_EDGE('',*,*,#4183,.T.);
#6027=ORIENTED_EDGE('',*,*,#4185,.F.);
#6028=ORIENTED_EDGE('',*,*,#4186,.F.);
#6029=ORIENTED_EDGE('',*,*,#4187,.F.);
#6030=ORIENTED_EDGE('',*,*,#4186,.T.);
#6031=ORIENTED_EDGE('',*,*,#4188,.F.);
#6032=ORIENTED_EDGE('',*,*,#4171,.F.);
#6033=ORIENTED_EDGE('',*,*,#4188,.T.);
#6034=ORIENTED_EDGE('',*,*,#4185,.T.);
#6035=ORIENTED_EDGE('',*,*,#4182,.T.);
#6036=ORIENTED_EDGE('',*,*,#4181,.T.);
#6037=ORIENTED_EDGE('',*,*,#4175,.T.);
#6038=ORIENTED_EDGE('',*,*,#4178,.T.);
#6039=ORIENTED_EDGE('',*,*,#4167,.T.);
#6040=ORIENTED_EDGE('',*,*,#4165,.T.);
#6041=ORIENTED_EDGE('',*,*,#4162,.T.);
#6042=ORIENTED_EDGE('',*,*,#4159,.T.);
#6043=ORIENTED_EDGE('',*,*,#4172,.T.);
#6044=ORIENTED_EDGE('',*,*,#4187,.T.);
#6045=ORIENTED_EDGE('',*,*,#4170,.T.);
#6046=ORIENTED_EDGE('',*,*,#4157,.F.);
#6047=ORIENTED_EDGE('',*,*,#4161,.F.);
#6048=ORIENTED_EDGE('',*,*,#4164,.F.);
#6049=ORIENTED_EDGE('',*,*,#4169,.T.);
#6050=ORIENTED_EDGE('',*,*,#4177,.T.);
#6051=ORIENTED_EDGE('',*,*,#4173,.T.);
#6052=ORIENTED_EDGE('',*,*,#4180,.T.);
#6053=ORIENTED_EDGE('',*,*,#4179,.T.);
#6054=ORIENTED_EDGE('',*,*,#4184,.T.);
#6055=ORIENTED_EDGE('',*,*,#4189,.F.);
#6056=ORIENTED_EDGE('',*,*,#4190,.T.);
#6057=ORIENTED_EDGE('',*,*,#4191,.F.);
#6058=ORIENTED_EDGE('',*,*,#4192,.F.);
#6059=ORIENTED_EDGE('',*,*,#4193,.F.);
#6060=ORIENTED_EDGE('',*,*,#4192,.T.);
#6061=ORIENTED_EDGE('',*,*,#4194,.F.);
#6062=ORIENTED_EDGE('',*,*,#4195,.F.);
#6063=ORIENTED_EDGE('',*,*,#4196,.F.);
#6064=ORIENTED_EDGE('',*,*,#4195,.T.);
#6065=ORIENTED_EDGE('',*,*,#4197,.F.);
#6066=ORIENTED_EDGE('',*,*,#4198,.F.);
#6067=ORIENTED_EDGE('',*,*,#4199,.F.);
#6068=ORIENTED_EDGE('',*,*,#4198,.T.);
#6069=ORIENTED_EDGE('',*,*,#4200,.F.);
#6070=ORIENTED_EDGE('',*,*,#4190,.F.);
#6071=ORIENTED_EDGE('',*,*,#4200,.T.);
#6072=ORIENTED_EDGE('',*,*,#4197,.T.);
#6073=ORIENTED_EDGE('',*,*,#4194,.T.);
#6074=ORIENTED_EDGE('',*,*,#4191,.T.);
#6075=ORIENTED_EDGE('',*,*,#4199,.T.);
#6076=ORIENTED_EDGE('',*,*,#4189,.T.);
#6077=ORIENTED_EDGE('',*,*,#4193,.T.);
#6078=ORIENTED_EDGE('',*,*,#4196,.T.);
#6079=ORIENTED_EDGE('',*,*,#4201,.F.);
#6080=ORIENTED_EDGE('',*,*,#4202,.T.);
#6081=ORIENTED_EDGE('',*,*,#4203,.T.);
#6082=ORIENTED_EDGE('',*,*,#4202,.F.);
#6083=ORIENTED_EDGE('',*,*,#4201,.T.);
#6084=ORIENTED_EDGE('',*,*,#4203,.F.);
#6085=ORIENTED_EDGE('',*,*,#4204,.F.);
#6086=ORIENTED_EDGE('',*,*,#4205,.T.);
#6087=ORIENTED_EDGE('',*,*,#4206,.T.);
#6088=ORIENTED_EDGE('',*,*,#4205,.F.);
#6089=ORIENTED_EDGE('',*,*,#4204,.T.);
#6090=ORIENTED_EDGE('',*,*,#4206,.F.);
#6091=ORIENTED_EDGE('',*,*,#4207,.F.);
#6092=ORIENTED_EDGE('',*,*,#4208,.T.);
#6093=ORIENTED_EDGE('',*,*,#4209,.T.);
#6094=ORIENTED_EDGE('',*,*,#4208,.F.);
#6095=ORIENTED_EDGE('',*,*,#4207,.T.);
#6096=ORIENTED_EDGE('',*,*,#4209,.F.);
#6097=ORIENTED_EDGE('',*,*,#4210,.F.);
#6098=ORIENTED_EDGE('',*,*,#4211,.T.);
#6099=ORIENTED_EDGE('',*,*,#4212,.T.);
#6100=ORIENTED_EDGE('',*,*,#4211,.F.);
#6101=ORIENTED_EDGE('',*,*,#4210,.T.);
#6102=ORIENTED_EDGE('',*,*,#4212,.F.);
#6103=PLANE('',#6836);
#6104=PLANE('',#6837);
#6105=PLANE('',#6838);
#6106=PLANE('',#6839);
#6107=PLANE('',#6840);
#6108=PLANE('',#6841);
#6109=PLANE('',#6842);
#6110=PLANE('',#6843);
#6111=PLANE('',#6844);
#6112=PLANE('',#6845);
#6113=PLANE('',#6846);
#6114=PLANE('',#6859);
#6115=PLANE('',#6860);
#6116=PLANE('',#6861);
#6117=PLANE('',#6862);
#6118=PLANE('',#6863);
#6119=PLANE('',#6864);
#6120=PLANE('',#6865);
#6121=PLANE('',#6866);
#6122=PLANE('',#6867);
#6123=PLANE('',#6868);
#6124=PLANE('',#6869);
#6125=PLANE('',#6870);
#6126=PLANE('',#6871);
#6127=PLANE('',#6872);
#6128=PLANE('',#6873);
#6129=PLANE('',#6874);
#6130=PLANE('',#6875);
#6131=PLANE('',#6876);
#6132=PLANE('',#6877);
#6133=PLANE('',#6878);
#6134=PLANE('',#6879);
#6135=PLANE('',#6880);
#6136=PLANE('',#6881);
#6137=PLANE('',#6882);
#6138=PLANE('',#6883);
#6139=PLANE('',#6884);
#6140=PLANE('',#6885);
#6141=PLANE('',#6886);
#6142=PLANE('',#6887);
#6143=PLANE('',#6888);
#6144=PLANE('',#6889);
#6145=PLANE('',#6890);
#6146=PLANE('',#6893);
#6147=PLANE('',#6894);
#6148=PLANE('',#6895);
#6149=PLANE('',#6896);
#6150=PLANE('',#6897);
#6151=PLANE('',#6898);
#6152=PLANE('',#6901);
#6153=PLANE('',#6902);
#6154=PLANE('',#6903);
#6155=PLANE('',#6904);
#6156=PLANE('',#6905);
#6157=PLANE('',#6908);
#6158=PLANE('',#6909);
#6159=PLANE('',#6912);
#6160=PLANE('',#6913);
#6161=PLANE('',#6914);
#6162=PLANE('',#6915);
#6163=PLANE('',#6916);
#6164=PLANE('',#6919);
#6165=PLANE('',#6920);
#6166=PLANE('',#6921);
#6167=PLANE('',#6922);
#6168=PLANE('',#6923);
#6169=PLANE('',#6926);
#6170=PLANE('',#6931);
#6171=PLANE('',#6934);
#6172=PLANE('',#6937);
#6173=PLANE('',#6940);
#6174=PLANE('',#6943);
#6175=PLANE('',#6944);
#6176=PLANE('',#6945);
#6177=PLANE('',#6946);
#6178=PLANE('',#6947);
#6179=PLANE('',#6948);
#6180=PLANE('',#6949);
#6181=PLANE('',#6950);
#6182=PLANE('',#6951);
#6183=PLANE('',#6952);
#6184=PLANE('',#6953);
#6185=PLANE('',#6954);
#6186=PLANE('',#6955);
#6187=PLANE('',#6956);
#6188=PLANE('',#6957);
#6189=PLANE('',#6958);
#6190=PLANE('',#6959);
#6191=PLANE('',#6960);
#6192=PLANE('',#6961);
#6193=PLANE('',#6962);
#6194=PLANE('',#6963);
#6195=PLANE('',#6964);
#6196=PLANE('',#6965);
#6197=PLANE('',#6966);
#6198=PLANE('',#6967);
#6199=PLANE('',#6968);
#6200=PLANE('',#6969);
#6201=PLANE('',#6973);
#6202=PLANE('',#6974);
#6203=PLANE('',#6978);
#6204=PLANE('',#6979);
#6205=PLANE('',#6983);
#6206=PLANE('',#6984);
#6207=PLANE('',#6988);
#6208=PLANE('',#6989);
#6209=PLANE('',#6993);
#6210=PLANE('',#6994);
#6211=PLANE('',#6998);
#6212=PLANE('',#6999);
#6213=PLANE('',#7000);
#6214=PLANE('',#7001);
#6215=PLANE('',#7002);
#6216=PLANE('',#7003);
#6217=PLANE('',#7004);
#6218=PLANE('',#7005);
#6219=PLANE('',#7006);
#6220=PLANE('',#7007);
#6221=PLANE('',#7008);
#6222=PLANE('',#7009);
#6223=PLANE('',#7010);
#6224=PLANE('',#7023);
#6225=PLANE('',#7024);
#6226=PLANE('',#7025);
#6227=PLANE('',#7026);
#6228=PLANE('',#7027);
#6229=PLANE('',#7028);
#6230=PLANE('',#7029);
#6231=PLANE('',#7030);
#6232=PLANE('',#7031);
#6233=PLANE('',#7032);
#6234=PLANE('',#7033);
#6235=PLANE('',#7034);
#6236=PLANE('',#7035);
#6237=PLANE('',#7036);
#6238=PLANE('',#7037);
#6239=PLANE('',#7038);
#6240=PLANE('',#7039);
#6241=PLANE('',#7040);
#6242=PLANE('',#7041);
#6243=PLANE('',#7042);
#6244=PLANE('',#7043);
#6245=PLANE('',#7044);
#6246=PLANE('',#7045);
#6247=PLANE('',#7046);
#6248=PLANE('',#7047);
#6249=PLANE('',#7048);
#6250=PLANE('',#7049);
#6251=PLANE('',#7050);
#6252=PLANE('',#7051);
#6253=PLANE('',#7052);
#6254=PLANE('',#7053);
#6255=PLANE('',#7054);
#6256=PLANE('',#7057);
#6257=PLANE('',#7058);
#6258=PLANE('',#7059);
#6259=PLANE('',#7060);
#6260=PLANE('',#7061);
#6261=PLANE('',#7062);
#6262=PLANE('',#7065);
#6263=PLANE('',#7066);
#6264=PLANE('',#7067);
#6265=PLANE('',#7068);
#6266=PLANE('',#7069);
#6267=PLANE('',#7072);
#6268=PLANE('',#7073);
#6269=PLANE('',#7076);
#6270=PLANE('',#7077);
#6271=PLANE('',#7078);
#6272=PLANE('',#7079);
#6273=PLANE('',#7080);
#6274=PLANE('',#7083);
#6275=PLANE('',#7084);
#6276=PLANE('',#7085);
#6277=PLANE('',#7086);
#6278=PLANE('',#7087);
#6279=PLANE('',#7090);
#6280=PLANE('',#7095);
#6281=PLANE('',#7098);
#6282=PLANE('',#7101);
#6283=PLANE('',#7104);
#6284=PLANE('',#7107);
#6285=PLANE('',#7108);
#6286=PLANE('',#7109);
#6287=PLANE('',#7110);
#6288=PLANE('',#7111);
#6289=PLANE('',#7112);
#6290=PLANE('',#7113);
#6291=PLANE('',#7114);
#6292=PLANE('',#7115);
#6293=PLANE('',#7116);
#6294=PLANE('',#7117);
#6295=PLANE('',#7118);
#6296=PLANE('',#7119);
#6297=PLANE('',#7120);
#6298=PLANE('',#7121);
#6299=PLANE('',#7122);
#6300=PLANE('',#7123);
#6301=PLANE('',#7124);
#6302=PLANE('',#7125);
#6303=PLANE('',#7126);
#6304=PLANE('',#7127);
#6305=PLANE('',#7128);
#6306=PLANE('',#7129);
#6307=PLANE('',#7130);
#6308=PLANE('',#7131);
#6309=PLANE('',#7132);
#6310=PLANE('',#7133);
#6311=PLANE('',#7137);
#6312=PLANE('',#7138);
#6313=PLANE('',#7142);
#6314=PLANE('',#7143);
#6315=PLANE('',#7147);
#6316=PLANE('',#7148);
#6317=PLANE('',#7152);
#6318=PLANE('',#7153);
#6319=PLANE('',#7157);
#6320=PLANE('',#7158);
#6321=PLANE('',#7159);
#6322=PLANE('',#7160);
#6323=PLANE('',#7161);
#6324=PLANE('',#7162);
#6325=PLANE('',#7163);
#6326=PLANE('',#7164);
#6327=PLANE('',#7165);
#6328=PLANE('',#7166);
#6329=PLANE('',#7167);
#6330=PLANE('',#7168);
#6331=PLANE('',#7169);
#6332=PLANE('',#7182);
#6333=PLANE('',#7183);
#6334=PLANE('',#7184);
#6335=PLANE('',#7185);
#6336=PLANE('',#7186);
#6337=PLANE('',#7187);
#6338=PLANE('',#7188);
#6339=PLANE('',#7189);
#6340=PLANE('',#7190);
#6341=PLANE('',#7191);
#6342=PLANE('',#7192);
#6343=PLANE('',#7193);
#6344=PLANE('',#7194);
#6345=PLANE('',#7195);
#6346=PLANE('',#7196);
#6347=PLANE('',#7197);
#6348=PLANE('',#7198);
#6349=PLANE('',#7199);
#6350=PLANE('',#7200);
#6351=PLANE('',#7201);
#6352=PLANE('',#7202);
#6353=PLANE('',#7203);
#6354=PLANE('',#7204);
#6355=PLANE('',#7205);
#6356=PLANE('',#7206);
#6357=PLANE('',#7207);
#6358=PLANE('',#7208);
#6359=PLANE('',#7209);
#6360=PLANE('',#7210);
#6361=PLANE('',#7211);
#6362=PLANE('',#7212);
#6363=PLANE('',#7213);
#6364=PLANE('',#7216);
#6365=PLANE('',#7217);
#6366=PLANE('',#7218);
#6367=PLANE('',#7219);
#6368=PLANE('',#7220);
#6369=PLANE('',#7221);
#6370=PLANE('',#7224);
#6371=PLANE('',#7225);
#6372=PLANE('',#7226);
#6373=PLANE('',#7227);
#6374=PLANE('',#7228);
#6375=PLANE('',#7231);
#6376=PLANE('',#7232);
#6377=PLANE('',#7235);
#6378=PLANE('',#7236);
#6379=PLANE('',#7237);
#6380=PLANE('',#7238);
#6381=PLANE('',#7239);
#6382=PLANE('',#7242);
#6383=PLANE('',#7243);
#6384=PLANE('',#7244);
#6385=PLANE('',#7245);
#6386=PLANE('',#7246);
#6387=PLANE('',#7249);
#6388=PLANE('',#7254);
#6389=PLANE('',#7257);
#6390=PLANE('',#7260);
#6391=PLANE('',#7263);
#6392=PLANE('',#7266);
#6393=PLANE('',#7267);
#6394=PLANE('',#7268);
#6395=PLANE('',#7269);
#6396=PLANE('',#7270);
#6397=PLANE('',#7271);
#6398=PLANE('',#7272);
#6399=PLANE('',#7273);
#6400=PLANE('',#7274);
#6401=PLANE('',#7275);
#6402=PLANE('',#7276);
#6403=PLANE('',#7277);
#6404=PLANE('',#7278);
#6405=PLANE('',#7279);
#6406=PLANE('',#7280);
#6407=PLANE('',#7281);
#6408=PLANE('',#7282);
#6409=PLANE('',#7283);
#6410=PLANE('',#7284);
#6411=PLANE('',#7285);
#6412=PLANE('',#7286);
#6413=PLANE('',#7287);
#6414=PLANE('',#7288);
#6415=PLANE('',#7289);
#6416=PLANE('',#7290);
#6417=PLANE('',#7291);
#6418=PLANE('',#7292);
#6419=PLANE('',#7296);
#6420=PLANE('',#7297);
#6421=PLANE('',#7301);
#6422=PLANE('',#7302);
#6423=PLANE('',#7306);
#6424=PLANE('',#7307);
#6425=PLANE('',#7311);
#6426=PLANE('',#7312);
#6427=ADVANCED_FACE('',(#238),#6103,.F.);
#6428=ADVANCED_FACE('',(#239),#6104,.F.);
#6429=ADVANCED_FACE('',(#240),#6105,.T.);
#6430=ADVANCED_FACE('',(#241),#6106,.T.);
#6431=ADVANCED_FACE('',(#242),#6107,.T.);
#6432=ADVANCED_FACE('',(#243),#6108,.T.);
#6433=ADVANCED_FACE('',(#244),#6109,.T.);
#6434=ADVANCED_FACE('',(#245),#6110,.T.);
#6435=ADVANCED_FACE('',(#246),#6111,.T.);
#6436=ADVANCED_FACE('',(#247),#6112,.T.);
#6437=ADVANCED_FACE('',(#248),#6113,.T.);
#6438=ADVANCED_FACE('',(#249),#6114,.T.);
#6439=ADVANCED_FACE('',(#250),#6115,.T.);
#6440=ADVANCED_FACE('',(#251),#6116,.T.);
#6441=ADVANCED_FACE('',(#252),#6117,.T.);
#6442=ADVANCED_FACE('',(#253),#6118,.T.);
#6443=ADVANCED_FACE('',(#254),#6119,.T.);
#6444=ADVANCED_FACE('',(#255),#6120,.T.);
#6445=ADVANCED_FACE('',(#256),#6121,.T.);
#6446=ADVANCED_FACE('',(#257),#6122,.T.);
#6447=ADVANCED_FACE('',(#258),#6123,.T.);
#6448=ADVANCED_FACE('',(#259),#6124,.T.);
#6449=ADVANCED_FACE('',(#260),#6125,.T.);
#6450=ADVANCED_FACE('',(#261),#6126,.T.);
#6451=ADVANCED_FACE('',(#262),#6127,.T.);
#6452=ADVANCED_FACE('',(#263),#6128,.T.);
#6453=ADVANCED_FACE('',(#264),#6129,.T.);
#6454=ADVANCED_FACE('',(#265),#6130,.T.);
#6455=ADVANCED_FACE('',(#266),#6131,.T.);
#6456=ADVANCED_FACE('',(#267),#6132,.T.);
#6457=ADVANCED_FACE('',(#268),#6133,.F.);
#6458=ADVANCED_FACE('',(#269),#6134,.F.);
#6459=ADVANCED_FACE('',(#270),#6135,.F.);
#6460=ADVANCED_FACE('',(#271),#6136,.F.);
#6461=ADVANCED_FACE('',(#272),#6137,.F.);
#6462=ADVANCED_FACE('',(#273),#6138,.F.);
#6463=ADVANCED_FACE('',(#274),#6139,.F.);
#6464=ADVANCED_FACE('',(#275),#6140,.F.);
#6465=ADVANCED_FACE('',(#276),#6141,.F.);
#6466=ADVANCED_FACE('',(#277),#6142,.F.);
#6467=ADVANCED_FACE('',(#278),#6143,.F.);
#6468=ADVANCED_FACE('',(#279),#112,.T.);
#6469=ADVANCED_FACE('',(#280),#6144,.T.);
#6470=ADVANCED_FACE('',(#281),#6145,.T.);
#6471=ADVANCED_FACE('',(#282),#61,.T.);
#6472=ADVANCED_FACE('',(#283),#6146,.T.);
#6473=ADVANCED_FACE('',(#284),#6147,.F.);
#6474=ADVANCED_FACE('',(#285),#6148,.T.);
#6475=ADVANCED_FACE('',(#286),#6149,.F.);
#6476=ADVANCED_FACE('',(#287),#6150,.T.);
#6477=ADVANCED_FACE('',(#288),#6151,.F.);
#6478=ADVANCED_FACE('',(#289),#62,.T.);
#6479=ADVANCED_FACE('',(#290),#6152,.F.);
#6480=ADVANCED_FACE('',(#291),#6153,.T.);
#6481=ADVANCED_FACE('',(#292),#6154,.F.);
#6482=ADVANCED_FACE('',(#293),#6155,.T.);
#6483=ADVANCED_FACE('',(#294),#6156,.F.);
#6484=ADVANCED_FACE('',(#295),#63,.T.);
#6485=ADVANCED_FACE('',(#296),#6157,.F.);
#6486=ADVANCED_FACE('',(#297),#6158,.T.);
#6487=ADVANCED_FACE('',(#298),#64,.T.);
#6488=ADVANCED_FACE('',(#299),#6159,.F.);
#6489=ADVANCED_FACE('',(#300),#6160,.T.);
#6490=ADVANCED_FACE('',(#301),#6161,.F.);
#6491=ADVANCED_FACE('',(#302),#6162,.T.);
#6492=ADVANCED_FACE('',(#303),#6163,.F.);
#6493=ADVANCED_FACE('',(#304),#65,.T.);
#6494=ADVANCED_FACE('',(#305),#6164,.F.);
#6495=ADVANCED_FACE('',(#306),#6165,.T.);
#6496=ADVANCED_FACE('',(#307),#6166,.T.);
#6497=ADVANCED_FACE('',(#308),#6167,.T.);
#6498=ADVANCED_FACE('',(#309),#113,.T.);
#6499=ADVANCED_FACE('',(#310),#114,.T.);
#6500=ADVANCED_FACE('',(#311),#6168,.T.);
#6501=ADVANCED_FACE('',(#312),#66,.T.);
#6502=ADVANCED_FACE('',(#313),#6169,.T.);
#6503=ADVANCED_FACE('',(#314),#67,.T.);
#6504=ADVANCED_FACE('',(#315),#68,.T.);
#6505=ADVANCED_FACE('',(#316),#6170,.T.);
#6506=ADVANCED_FACE('',(#317),#69,.T.);
#6507=ADVANCED_FACE('',(#318),#6171,.T.);
#6508=ADVANCED_FACE('',(#319),#70,.T.);
#6509=ADVANCED_FACE('',(#320),#6172,.T.);
#6510=ADVANCED_FACE('',(#321),#71,.T.);
#6511=ADVANCED_FACE('',(#322),#6173,.T.);
#6512=ADVANCED_FACE('',(#323),#72,.T.);
#6513=ADVANCED_FACE('',(#324),#6174,.T.);
#6514=ADVANCED_FACE('',(#325),#6175,.F.);
#6515=ADVANCED_FACE('',(#326),#6176,.F.);
#6516=ADVANCED_FACE('',(#327),#6177,.F.);
#6517=ADVANCED_FACE('',(#328),#6178,.T.);
#6518=ADVANCED_FACE('',(#329),#6179,.T.);
#6519=ADVANCED_FACE('',(#330),#6180,.T.);
#6520=ADVANCED_FACE('',(#331),#6181,.T.);
#6521=ADVANCED_FACE('',(#332),#6182,.T.);
#6522=ADVANCED_FACE('',(#333),#6183,.T.);
#6523=ADVANCED_FACE('',(#334),#6184,.T.);
#6524=ADVANCED_FACE('',(#335),#6185,.T.);
#6525=ADVANCED_FACE('',(#336),#6186,.T.);
#6526=ADVANCED_FACE('',(#337),#6187,.T.);
#6527=ADVANCED_FACE('',(#338),#6188,.T.);
#6528=ADVANCED_FACE('',(#339),#6189,.T.);
#6529=ADVANCED_FACE('',(#340),#6190,.T.);
#6530=ADVANCED_FACE('',(#341),#6191,.T.);
#6531=ADVANCED_FACE('',(#342),#6192,.T.);
#6532=ADVANCED_FACE('',(#343),#6193,.T.);
#6533=ADVANCED_FACE('',(#344),#6194,.F.);
#6534=ADVANCED_FACE('',(#345),#6195,.T.);
#6535=ADVANCED_FACE('',(#346),#6196,.T.);
#6536=ADVANCED_FACE('',(#347),#6197,.T.);
#6537=ADVANCED_FACE('',(#348),#6198,.T.);
#6538=ADVANCED_FACE('',(#349),#6199,.T.);
#6539=ADVANCED_FACE('',(#350),#6200,.F.);
#6540=ADVANCED_FACE('',(#351),#73,.T.);
#6541=ADVANCED_FACE('',(#352),#6201,.T.);
#6542=ADVANCED_FACE('',(#353),#6202,.F.);
#6543=ADVANCED_FACE('',(#354),#74,.T.);
#6544=ADVANCED_FACE('',(#355),#6203,.T.);
#6545=ADVANCED_FACE('',(#356),#6204,.F.);
#6546=ADVANCED_FACE('',(#357),#75,.T.);
#6547=ADVANCED_FACE('',(#358),#6205,.T.);
#6548=ADVANCED_FACE('',(#359),#6206,.F.);
#6549=ADVANCED_FACE('',(#360),#76,.T.);
#6550=ADVANCED_FACE('',(#361),#6207,.T.);
#6551=ADVANCED_FACE('',(#362),#6208,.F.);
#6552=ADVANCED_FACE('',(#363),#77,.T.);
#6553=ADVANCED_FACE('',(#364),#6209,.T.);
#6554=ADVANCED_FACE('',(#365),#6210,.F.);
#6555=ADVANCED_FACE('',(#366),#78,.T.);
#6556=ADVANCED_FACE('',(#367),#6211,.T.);
#6557=ADVANCED_FACE('',(#368),#6212,.F.);
#6558=ADVANCED_FACE('',(#369),#6213,.F.);
#6559=ADVANCED_FACE('',(#370),#6214,.F.);
#6560=ADVANCED_FACE('',(#371),#6215,.T.);
#6561=ADVANCED_FACE('',(#372),#6216,.T.);
#6562=ADVANCED_FACE('',(#373),#6217,.T.);
#6563=ADVANCED_FACE('',(#374),#6218,.T.);
#6564=ADVANCED_FACE('',(#375),#6219,.T.);
#6565=ADVANCED_FACE('',(#376),#6220,.T.);
#6566=ADVANCED_FACE('',(#377),#6221,.T.);
#6567=ADVANCED_FACE('',(#378),#6222,.T.);
#6568=ADVANCED_FACE('',(#379),#6223,.T.);
#6569=ADVANCED_FACE('',(#380),#6224,.T.);
#6570=ADVANCED_FACE('',(#381),#6225,.T.);
#6571=ADVANCED_FACE('',(#382),#6226,.T.);
#6572=ADVANCED_FACE('',(#383),#6227,.T.);
#6573=ADVANCED_FACE('',(#384),#6228,.T.);
#6574=ADVANCED_FACE('',(#385),#6229,.T.);
#6575=ADVANCED_FACE('',(#386),#6230,.T.);
#6576=ADVANCED_FACE('',(#387),#6231,.T.);
#6577=ADVANCED_FACE('',(#388),#6232,.T.);
#6578=ADVANCED_FACE('',(#389),#6233,.T.);
#6579=ADVANCED_FACE('',(#390),#6234,.T.);
#6580=ADVANCED_FACE('',(#391),#6235,.T.);
#6581=ADVANCED_FACE('',(#392),#6236,.T.);
#6582=ADVANCED_FACE('',(#393),#6237,.T.);
#6583=ADVANCED_FACE('',(#394),#6238,.T.);
#6584=ADVANCED_FACE('',(#395),#6239,.T.);
#6585=ADVANCED_FACE('',(#396),#6240,.T.);
#6586=ADVANCED_FACE('',(#397),#6241,.T.);
#6587=ADVANCED_FACE('',(#398),#6242,.T.);
#6588=ADVANCED_FACE('',(#399),#6243,.F.);
#6589=ADVANCED_FACE('',(#400),#6244,.F.);
#6590=ADVANCED_FACE('',(#401),#6245,.F.);
#6591=ADVANCED_FACE('',(#402),#6246,.F.);
#6592=ADVANCED_FACE('',(#403),#6247,.F.);
#6593=ADVANCED_FACE('',(#404),#6248,.F.);
#6594=ADVANCED_FACE('',(#405),#6249,.F.);
#6595=ADVANCED_FACE('',(#406),#6250,.F.);
#6596=ADVANCED_FACE('',(#407),#6251,.F.);
#6597=ADVANCED_FACE('',(#408),#6252,.F.);
#6598=ADVANCED_FACE('',(#409),#6253,.F.);
#6599=ADVANCED_FACE('',(#410),#115,.T.);
#6600=ADVANCED_FACE('',(#411),#6254,.T.);
#6601=ADVANCED_FACE('',(#412),#6255,.T.);
#6602=ADVANCED_FACE('',(#413),#79,.T.);
#6603=ADVANCED_FACE('',(#414),#6256,.T.);
#6604=ADVANCED_FACE('',(#415),#6257,.F.);
#6605=ADVANCED_FACE('',(#416),#6258,.T.);
#6606=ADVANCED_FACE('',(#417),#6259,.F.);
#6607=ADVANCED_FACE('',(#418),#6260,.T.);
#6608=ADVANCED_FACE('',(#419),#6261,.F.);
#6609=ADVANCED_FACE('',(#420),#80,.T.);
#6610=ADVANCED_FACE('',(#421),#6262,.F.);
#6611=ADVANCED_FACE('',(#422),#6263,.T.);
#6612=ADVANCED_FACE('',(#423),#6264,.F.);
#6613=ADVANCED_FACE('',(#424),#6265,.T.);
#6614=ADVANCED_FACE('',(#425),#6266,.F.);
#6615=ADVANCED_FACE('',(#426),#81,.T.);
#6616=ADVANCED_FACE('',(#427),#6267,.F.);
#6617=ADVANCED_FACE('',(#428),#6268,.T.);
#6618=ADVANCED_FACE('',(#429),#82,.T.);
#6619=ADVANCED_FACE('',(#430),#6269,.F.);
#6620=ADVANCED_FACE('',(#431),#6270,.T.);
#6621=ADVANCED_FACE('',(#432),#6271,.F.);
#6622=ADVANCED_FACE('',(#433),#6272,.T.);
#6623=ADVANCED_FACE('',(#434),#6273,.F.);
#6624=ADVANCED_FACE('',(#435),#83,.T.);
#6625=ADVANCED_FACE('',(#436),#6274,.F.);
#6626=ADVANCED_FACE('',(#437),#6275,.T.);
#6627=ADVANCED_FACE('',(#438),#6276,.T.);
#6628=ADVANCED_FACE('',(#439),#6277,.T.);
#6629=ADVANCED_FACE('',(#440),#116,.T.);
#6630=ADVANCED_FACE('',(#441),#117,.T.);
#6631=ADVANCED_FACE('',(#442),#6278,.T.);
#6632=ADVANCED_FACE('',(#443),#84,.T.);
#6633=ADVANCED_FACE('',(#444),#6279,.T.);
#6634=ADVANCED_FACE('',(#445),#85,.T.);
#6635=ADVANCED_FACE('',(#446),#86,.T.);
#6636=ADVANCED_FACE('',(#447),#6280,.T.);
#6637=ADVANCED_FACE('',(#448),#87,.T.);
#6638=ADVANCED_FACE('',(#449),#6281,.T.);
#6639=ADVANCED_FACE('',(#450),#88,.T.);
#6640=ADVANCED_FACE('',(#451),#6282,.T.);
#6641=ADVANCED_FACE('',(#452),#89,.T.);
#6642=ADVANCED_FACE('',(#453),#6283,.T.);
#6643=ADVANCED_FACE('',(#454),#90,.T.);
#6644=ADVANCED_FACE('',(#455),#6284,.T.);
#6645=ADVANCED_FACE('',(#456),#6285,.F.);
#6646=ADVANCED_FACE('',(#457),#6286,.F.);
#6647=ADVANCED_FACE('',(#458),#6287,.F.);
#6648=ADVANCED_FACE('',(#459),#6288,.T.);
#6649=ADVANCED_FACE('',(#460),#6289,.T.);
#6650=ADVANCED_FACE('',(#461),#6290,.T.);
#6651=ADVANCED_FACE('',(#462),#6291,.T.);
#6652=ADVANCED_FACE('',(#463),#6292,.T.);
#6653=ADVANCED_FACE('',(#464),#6293,.T.);
#6654=ADVANCED_FACE('',(#465),#6294,.T.);
#6655=ADVANCED_FACE('',(#466),#6295,.T.);
#6656=ADVANCED_FACE('',(#467),#6296,.T.);
#6657=ADVANCED_FACE('',(#468),#6297,.T.);
#6658=ADVANCED_FACE('',(#469),#6298,.T.);
#6659=ADVANCED_FACE('',(#470),#6299,.T.);
#6660=ADVANCED_FACE('',(#471),#6300,.T.);
#6661=ADVANCED_FACE('',(#472),#6301,.T.);
#6662=ADVANCED_FACE('',(#473),#6302,.T.);
#6663=ADVANCED_FACE('',(#474),#6303,.T.);
#6664=ADVANCED_FACE('',(#475),#6304,.F.);
#6665=ADVANCED_FACE('',(#476),#6305,.T.);
#6666=ADVANCED_FACE('',(#477),#6306,.T.);
#6667=ADVANCED_FACE('',(#478),#6307,.T.);
#6668=ADVANCED_FACE('',(#479),#6308,.T.);
#6669=ADVANCED_FACE('',(#480),#6309,.T.);
#6670=ADVANCED_FACE('',(#481),#6310,.F.);
#6671=ADVANCED_FACE('',(#482),#91,.T.);
#6672=ADVANCED_FACE('',(#483),#6311,.T.);
#6673=ADVANCED_FACE('',(#484),#6312,.F.);
#6674=ADVANCED_FACE('',(#485),#92,.T.);
#6675=ADVANCED_FACE('',(#486),#6313,.T.);
#6676=ADVANCED_FACE('',(#487),#6314,.F.);
#6677=ADVANCED_FACE('',(#488),#93,.T.);
#6678=ADVANCED_FACE('',(#489),#6315,.T.);
#6679=ADVANCED_FACE('',(#490),#6316,.F.);
#6680=ADVANCED_FACE('',(#491),#94,.T.);
#6681=ADVANCED_FACE('',(#492),#6317,.T.);
#6682=ADVANCED_FACE('',(#493),#6318,.F.);
#6683=ADVANCED_FACE('',(#494),#95,.T.);
#6684=ADVANCED_FACE('',(#495),#6319,.T.);
#6685=ADVANCED_FACE('',(#496),#6320,.F.);
#6686=ADVANCED_FACE('',(#497),#6321,.F.);
#6687=ADVANCED_FACE('',(#498),#6322,.F.);
#6688=ADVANCED_FACE('',(#499),#6323,.T.);
#6689=ADVANCED_FACE('',(#500),#6324,.T.);
#6690=ADVANCED_FACE('',(#501),#6325,.T.);
#6691=ADVANCED_FACE('',(#502),#6326,.T.);
#6692=ADVANCED_FACE('',(#503),#6327,.T.);
#6693=ADVANCED_FACE('',(#504),#6328,.T.);
#6694=ADVANCED_FACE('',(#505),#6329,.T.);
#6695=ADVANCED_FACE('',(#506),#6330,.T.);
#6696=ADVANCED_FACE('',(#507),#6331,.T.);
#6697=ADVANCED_FACE('',(#508),#6332,.T.);
#6698=ADVANCED_FACE('',(#509),#6333,.T.);
#6699=ADVANCED_FACE('',(#510),#6334,.T.);
#6700=ADVANCED_FACE('',(#511),#6335,.T.);
#6701=ADVANCED_FACE('',(#512),#6336,.T.);
#6702=ADVANCED_FACE('',(#513),#6337,.T.);
#6703=ADVANCED_FACE('',(#514),#6338,.T.);
#6704=ADVANCED_FACE('',(#515),#6339,.T.);
#6705=ADVANCED_FACE('',(#516),#6340,.T.);
#6706=ADVANCED_FACE('',(#517),#6341,.T.);
#6707=ADVANCED_FACE('',(#518),#6342,.T.);
#6708=ADVANCED_FACE('',(#519),#6343,.T.);
#6709=ADVANCED_FACE('',(#520),#6344,.T.);
#6710=ADVANCED_FACE('',(#521),#6345,.T.);
#6711=ADVANCED_FACE('',(#522),#6346,.T.);
#6712=ADVANCED_FACE('',(#523),#6347,.T.);
#6713=ADVANCED_FACE('',(#524),#6348,.T.);
#6714=ADVANCED_FACE('',(#525),#6349,.T.);
#6715=ADVANCED_FACE('',(#526),#6350,.T.);
#6716=ADVANCED_FACE('',(#527),#6351,.F.);
#6717=ADVANCED_FACE('',(#528),#6352,.F.);
#6718=ADVANCED_FACE('',(#529),#6353,.F.);
#6719=ADVANCED_FACE('',(#530),#6354,.F.);
#6720=ADVANCED_FACE('',(#531),#6355,.F.);
#6721=ADVANCED_FACE('',(#532),#6356,.F.);
#6722=ADVANCED_FACE('',(#533),#6357,.F.);
#6723=ADVANCED_FACE('',(#534),#6358,.F.);
#6724=ADVANCED_FACE('',(#535),#6359,.F.);
#6725=ADVANCED_FACE('',(#536),#6360,.F.);
#6726=ADVANCED_FACE('',(#537),#6361,.F.);
#6727=ADVANCED_FACE('',(#538),#118,.T.);
#6728=ADVANCED_FACE('',(#539),#6362,.T.);
#6729=ADVANCED_FACE('',(#540),#6363,.T.);
#6730=ADVANCED_FACE('',(#541),#96,.T.);
#6731=ADVANCED_FACE('',(#542),#6364,.T.);
#6732=ADVANCED_FACE('',(#543),#6365,.F.);
#6733=ADVANCED_FACE('',(#544),#6366,.T.);
#6734=ADVANCED_FACE('',(#545),#6367,.F.);
#6735=ADVANCED_FACE('',(#546),#6368,.T.);
#6736=ADVANCED_FACE('',(#547),#6369,.F.);
#6737=ADVANCED_FACE('',(#548),#97,.T.);
#6738=ADVANCED_FACE('',(#549),#6370,.F.);
#6739=ADVANCED_FACE('',(#550),#6371,.T.);
#6740=ADVANCED_FACE('',(#551),#6372,.F.);
#6741=ADVANCED_FACE('',(#552),#6373,.T.);
#6742=ADVANCED_FACE('',(#553),#6374,.F.);
#6743=ADVANCED_FACE('',(#554),#98,.T.);
#6744=ADVANCED_FACE('',(#555),#6375,.F.);
#6745=ADVANCED_FACE('',(#556),#6376,.T.);
#6746=ADVANCED_FACE('',(#557),#99,.T.);
#6747=ADVANCED_FACE('',(#558),#6377,.F.);
#6748=ADVANCED_FACE('',(#559),#6378,.T.);
#6749=ADVANCED_FACE('',(#560),#6379,.F.);
#6750=ADVANCED_FACE('',(#561),#6380,.T.);
#6751=ADVANCED_FACE('',(#562),#6381,.F.);
#6752=ADVANCED_FACE('',(#563),#100,.T.);
#6753=ADVANCED_FACE('',(#564),#6382,.F.);
#6754=ADVANCED_FACE('',(#565),#6383,.T.);
#6755=ADVANCED_FACE('',(#566),#6384,.T.);
#6756=ADVANCED_FACE('',(#567),#6385,.T.);
#6757=ADVANCED_FACE('',(#568),#119,.T.);
#6758=ADVANCED_FACE('',(#569),#120,.T.);
#6759=ADVANCED_FACE('',(#570),#6386,.T.);
#6760=ADVANCED_FACE('',(#571),#101,.T.);
#6761=ADVANCED_FACE('',(#572),#6387,.T.);
#6762=ADVANCED_FACE('',(#573),#102,.T.);
#6763=ADVANCED_FACE('',(#574),#103,.T.);
#6764=ADVANCED_FACE('',(#575),#6388,.T.);
#6765=ADVANCED_FACE('',(#576),#104,.T.);
#6766=ADVANCED_FACE('',(#577),#6389,.T.);
#6767=ADVANCED_FACE('',(#578),#105,.T.);
#6768=ADVANCED_FACE('',(#579),#6390,.T.);
#6769=ADVANCED_FACE('',(#580),#106,.T.);
#6770=ADVANCED_FACE('',(#581),#6391,.T.);
#6771=ADVANCED_FACE('',(#582),#107,.T.);
#6772=ADVANCED_FACE('',(#583),#6392,.T.);
#6773=ADVANCED_FACE('',(#584),#6393,.F.);
#6774=ADVANCED_FACE('',(#585),#6394,.F.);
#6775=ADVANCED_FACE('',(#586),#6395,.F.);
#6776=ADVANCED_FACE('',(#587),#6396,.T.);
#6777=ADVANCED_FACE('',(#588),#6397,.T.);
#6778=ADVANCED_FACE('',(#589),#6398,.T.);
#6779=ADVANCED_FACE('',(#590),#6399,.T.);
#6780=ADVANCED_FACE('',(#591),#6400,.T.);
#6781=ADVANCED_FACE('',(#592),#6401,.T.);
#6782=ADVANCED_FACE('',(#593),#6402,.T.);
#6783=ADVANCED_FACE('',(#594),#6403,.T.);
#6784=ADVANCED_FACE('',(#595),#6404,.T.);
#6785=ADVANCED_FACE('',(#596),#6405,.T.);
#6786=ADVANCED_FACE('',(#597),#6406,.T.);
#6787=ADVANCED_FACE('',(#598),#6407,.T.);
#6788=ADVANCED_FACE('',(#599),#6408,.T.);
#6789=ADVANCED_FACE('',(#600),#6409,.T.);
#6790=ADVANCED_FACE('',(#601),#6410,.T.);
#6791=ADVANCED_FACE('',(#602),#6411,.T.);
#6792=ADVANCED_FACE('',(#603),#6412,.F.);
#6793=ADVANCED_FACE('',(#604),#6413,.T.);
#6794=ADVANCED_FACE('',(#605),#6414,.T.);
#6795=ADVANCED_FACE('',(#606),#6415,.T.);
#6796=ADVANCED_FACE('',(#607),#6416,.T.);
#6797=ADVANCED_FACE('',(#608),#6417,.T.);
#6798=ADVANCED_FACE('',(#609),#6418,.F.);
#6799=ADVANCED_FACE('',(#610),#108,.T.);
#6800=ADVANCED_FACE('',(#611),#6419,.T.);
#6801=ADVANCED_FACE('',(#612),#6420,.F.);
#6802=ADVANCED_FACE('',(#613),#109,.T.);
#6803=ADVANCED_FACE('',(#614),#6421,.T.);
#6804=ADVANCED_FACE('',(#615),#6422,.F.);
#6805=ADVANCED_FACE('',(#616),#110,.T.);
#6806=ADVANCED_FACE('',(#617),#6423,.T.);
#6807=ADVANCED_FACE('',(#618),#6424,.F.);
#6808=ADVANCED_FACE('',(#619),#111,.T.);
#6809=ADVANCED_FACE('',(#620),#6425,.T.);
#6810=ADVANCED_FACE('',(#621),#6426,.F.);
#6811=CLOSED_SHELL('',(#6427,#6428,#6429,#6430,#6431,#6432,#6433,#6434,
#6435,#6436,#6437,#6438,#6439,#6440,#6441,#6442,#6443,#6444,#6445,#6446,
#6447,#6448,#6449,#6450,#6451,#6452,#6453,#6454,#6455,#6456,#6457,#6458,
#6459,#6460,#6461,#6462,#6463,#6464,#6465,#6466,#6467,#6468,#6469,#6470,
#6471,#6472,#6473,#6474,#6475,#6476,#6477,#6478,#6479,#6480,#6481,#6482,
#6483,#6484,#6485,#6486,#6487,#6488,#6489,#6490,#6491,#6492,#6493,#6494,
#6495,#6496,#6497,#6498,#6499,#6500,#6501,#6502,#6503,#6504,#6505,#6506,
#6507,#6508,#6509,#6510,#6511,#6512,#6513,#6514,#6515,#6516,#6517,#6518,
#6519,#6520,#6521));
#6812=CLOSED_SHELL('',(#6522,#6523,#6524,#6525,#6526,#6527,#6528,#6529,
#6530,#6531,#6532,#6533));
#6813=CLOSED_SHELL('',(#6534,#6535,#6536,#6537,#6538,#6539));
#6814=CLOSED_SHELL('',(#6540,#6541,#6542));
#6815=CLOSED_SHELL('',(#6543,#6544,#6545));
#6816=CLOSED_SHELL('',(#6546,#6547,#6548));
#6817=CLOSED_SHELL('',(#6549,#6550,#6551));
#6818=CLOSED_SHELL('',(#6552,#6553,#6554));
#6819=CLOSED_SHELL('',(#6555,#6556,#6557));
#6820=CLOSED_SHELL('',(#6558,#6559,#6560,#6561,#6562,#6563,#6564,#6565,
#6566,#6567,#6568,#6569,#6570,#6571,#6572,#6573,#6574,#6575,#6576,#6577,
#6578,#6579,#6580,#6581,#6582,#6583,#6584,#6585,#6586,#6587,#6588,#6589,
#6590,#6591,#6592,#6593,#6594,#6595,#6596,#6597,#6598,#6599,#6600,#6601,
#6602,#6603,#6604,#6605,#6606,#6607,#6608,#6609,#6610,#6611,#6612,#6613,
#6614,#6615,#6616,#6617,#6618,#6619,#6620,#6621,#6622,#6623,#6624,#6625,
#6626,#6627,#6628,#6629,#6630,#6631,#6632,#6633,#6634,#6635,#6636,#6637,
#6638,#6639,#6640,#6641,#6642,#6643,#6644,#6645,#6646,#6647,#6648,#6649,
#6650,#6651,#6652));
#6821=CLOSED_SHELL('',(#6653,#6654,#6655,#6656,#6657,#6658,#6659,#6660,
#6661,#6662,#6663,#6664));
#6822=CLOSED_SHELL('',(#6665,#6666,#6667,#6668,#6669,#6670));
#6823=CLOSED_SHELL('',(#6671,#6672,#6673));
#6824=CLOSED_SHELL('',(#6674,#6675,#6676));
#6825=CLOSED_SHELL('',(#6677,#6678,#6679));
#6826=CLOSED_SHELL('',(#6680,#6681,#6682));
#6827=CLOSED_SHELL('',(#6683,#6684,#6685));
#6828=CLOSED_SHELL('',(#6686,#6687,#6688,#6689,#6690,#6691,#6692,#6693,
#6694,#6695,#6696,#6697,#6698,#6699,#6700,#6701,#6702,#6703,#6704,#6705,
#6706,#6707,#6708,#6709,#6710,#6711,#6712,#6713,#6714,#6715,#6716,#6717,
#6718,#6719,#6720,#6721,#6722,#6723,#6724,#6725,#6726,#6727,#6728,#6729,
#6730,#6731,#6732,#6733,#6734,#6735,#6736,#6737,#6738,#6739,#6740,#6741,
#6742,#6743,#6744,#6745,#6746,#6747,#6748,#6749,#6750,#6751,#6752,#6753,
#6754,#6755,#6756,#6757,#6758,#6759,#6760,#6761,#6762,#6763,#6764,#6765,
#6766,#6767,#6768,#6769,#6770,#6771,#6772,#6773,#6774,#6775,#6776,#6777,
#6778,#6779,#6780));
#6829=CLOSED_SHELL('',(#6781,#6782,#6783,#6784,#6785,#6786,#6787,#6788,
#6789,#6790,#6791,#6792));
#6830=CLOSED_SHELL('',(#6793,#6794,#6795,#6796,#6797,#6798));
#6831=CLOSED_SHELL('',(#6799,#6800,#6801));
#6832=CLOSED_SHELL('',(#6802,#6803,#6804));
#6833=CLOSED_SHELL('',(#6805,#6806,#6807));
#6834=CLOSED_SHELL('',(#6808,#6809,#6810));
#6835=AXIS2_PLACEMENT_3D('',#9097,#7313,#7314);
#6836=AXIS2_PLACEMENT_3D('',#9098,#7315,#7316);
#6837=AXIS2_PLACEMENT_3D('',#9159,#7347,#7348);
#6838=AXIS2_PLACEMENT_3D('',#9170,#7355,#7356);
#6839=AXIS2_PLACEMENT_3D('',#9174,#7359,#7360);
#6840=AXIS2_PLACEMENT_3D('',#9178,#7363,#7364);
#6841=AXIS2_PLACEMENT_3D('',#9180,#7366,#7367);
#6842=AXIS2_PLACEMENT_3D('',#9181,#7368,#7369);
#6843=AXIS2_PLACEMENT_3D('',#9187,#7373,#7374);
#6844=AXIS2_PLACEMENT_3D('',#9193,#7378,#7379);
#6845=AXIS2_PLACEMENT_3D('',#9199,#7383,#7384);
#6846=AXIS2_PLACEMENT_3D('',#9205,#7388,#7389);
#6847=AXIS2_PLACEMENT_3D('',#9253,#7413,#7414);
#6848=AXIS2_PLACEMENT_3D('',#9259,#7417,#7418);
#6849=AXIS2_PLACEMENT_3D('',#9263,#7420,#7421);
#6850=AXIS2_PLACEMENT_3D('',#9269,#7424,#7425);
#6851=AXIS2_PLACEMENT_3D('',#9277,#7429,#7430);
#6852=AXIS2_PLACEMENT_3D('',#9283,#7433,#7434);
#6853=AXIS2_PLACEMENT_3D('',#9287,#7436,#7437);
#6854=AXIS2_PLACEMENT_3D('',#9291,#7439,#7440);
#6855=AXIS2_PLACEMENT_3D('',#9297,#7443,#7444);
#6856=AXIS2_PLACEMENT_3D('',#9303,#7447,#7448);
#6857=AXIS2_PLACEMENT_3D('',#9307,#7450,#7451);
#6858=AXIS2_PLACEMENT_3D('',#9313,#7454,#7455);
#6859=AXIS2_PLACEMENT_3D('',#9337,#7460,#7461);
#6860=AXIS2_PLACEMENT_3D('',#9343,#7465,#7466);
#6861=AXIS2_PLACEMENT_3D('',#9347,#7469,#7470);
#6862=AXIS2_PLACEMENT_3D('',#9351,#7473,#7474);
#6863=AXIS2_PLACEMENT_3D('',#9355,#7477,#7478);
#6864=AXIS2_PLACEMENT_3D('',#9359,#7481,#7482);
#6865=AXIS2_PLACEMENT_3D('',#9363,#7485,#7486);
#6866=AXIS2_PLACEMENT_3D('',#9367,#7489,#7490);
#6867=AXIS2_PLACEMENT_3D('',#9369,#7492,#7493);
#6868=AXIS2_PLACEMENT_3D('',#9375,#7497,#7498);
#6869=AXIS2_PLACEMENT_3D('',#9379,#7501,#7502);
#6870=AXIS2_PLACEMENT_3D('',#9383,#7505,#7506);
#6871=AXIS2_PLACEMENT_3D('',#9387,#7509,#7510);
#6872=AXIS2_PLACEMENT_3D('',#9391,#7513,#7514);
#6873=AXIS2_PLACEMENT_3D('',#9395,#7517,#7518);
#6874=AXIS2_PLACEMENT_3D('',#9399,#7521,#7522);
#6875=AXIS2_PLACEMENT_3D('',#9403,#7525,#7526);
#6876=AXIS2_PLACEMENT_3D('',#9407,#7529,#7530);
#6877=AXIS2_PLACEMENT_3D('',#9411,#7533,#7534);
#6878=AXIS2_PLACEMENT_3D('',#9415,#7537,#7538);
#6879=AXIS2_PLACEMENT_3D('',#9418,#7541,#7542);
#6880=AXIS2_PLACEMENT_3D('',#9420,#7544,#7545);
#6881=AXIS2_PLACEMENT_3D('',#9422,#7547,#7548);
#6882=AXIS2_PLACEMENT_3D('',#9424,#7550,#7551);
#6883=AXIS2_PLACEMENT_3D('',#9426,#7553,#7554);
#6884=AXIS2_PLACEMENT_3D('',#9428,#7556,#7557);
#6885=AXIS2_PLACEMENT_3D('',#9430,#7559,#7560);
#6886=AXIS2_PLACEMENT_3D('',#9432,#7562,#7563);
#6887=AXIS2_PLACEMENT_3D('',#9434,#7565,#7566);
#6888=AXIS2_PLACEMENT_3D('',#9436,#7568,#7569);
#6889=AXIS2_PLACEMENT_3D('',#9482,#7573,#7574);
#6890=AXIS2_PLACEMENT_3D('',#9488,#7578,#7579);
#6891=AXIS2_PLACEMENT_3D('',#9492,#7582,#7583);
#6892=AXIS2_PLACEMENT_3D('',#9495,#7585,#7586);
#6893=AXIS2_PLACEMENT_3D('',#9496,#7587,#7588);
#6894=AXIS2_PLACEMENT_3D('',#9500,#7591,#7592);
#6895=AXIS2_PLACEMENT_3D('',#9503,#7595,#7596);
#6896=AXIS2_PLACEMENT_3D('',#9507,#7599,#7600);
#6897=AXIS2_PLACEMENT_3D('',#9509,#7602,#7603);
#6898=AXIS2_PLACEMENT_3D('',#9513,#7606,#7607);
#6899=AXIS2_PLACEMENT_3D('',#9515,#7609,#7610);
#6900=AXIS2_PLACEMENT_3D('',#9518,#7612,#7613);
#6901=AXIS2_PLACEMENT_3D('',#9519,#7614,#7615);
#6902=AXIS2_PLACEMENT_3D('',#9521,#7617,#7618);
#6903=AXIS2_PLACEMENT_3D('',#9525,#7621,#7622);
#6904=AXIS2_PLACEMENT_3D('',#9527,#7624,#7625);
#6905=AXIS2_PLACEMENT_3D('',#9531,#7628,#7629);
#6906=AXIS2_PLACEMENT_3D('',#9533,#7631,#7632);
#6907=AXIS2_PLACEMENT_3D('',#9536,#7634,#7635);
#6908=AXIS2_PLACEMENT_3D('',#9537,#7636,#7637);
#6909=AXIS2_PLACEMENT_3D('',#9538,#7638,#7639);
#6910=AXIS2_PLACEMENT_3D('',#9542,#7642,#7643);
#6911=AXIS2_PLACEMENT_3D('',#9545,#7645,#7646);
#6912=AXIS2_PLACEMENT_3D('',#9546,#7647,#7648);
#6913=AXIS2_PLACEMENT_3D('',#9548,#7650,#7651);
#6914=AXIS2_PLACEMENT_3D('',#9552,#7654,#7655);
#6915=AXIS2_PLACEMENT_3D('',#9554,#7657,#7658);
#6916=AXIS2_PLACEMENT_3D('',#9558,#7661,#7662);
#6917=AXIS2_PLACEMENT_3D('',#9560,#7664,#7665);
#6918=AXIS2_PLACEMENT_3D('',#9563,#7667,#7668);
#6919=AXIS2_PLACEMENT_3D('',#9564,#7669,#7670);
#6920=AXIS2_PLACEMENT_3D('',#9566,#7672,#7673);
#6921=AXIS2_PLACEMENT_3D('',#9570,#7676,#7677);
#6922=AXIS2_PLACEMENT_3D('',#9575,#7681,#7682);
#6923=AXIS2_PLACEMENT_3D('',#9669,#7687,#7688);
#6924=AXIS2_PLACEMENT_3D('',#9673,#7691,#7692);
#6925=AXIS2_PLACEMENT_3D('',#9675,#7693,#7694);
#6926=AXIS2_PLACEMENT_3D('',#9677,#7696,#7697);
#6927=AXIS2_PLACEMENT_3D('',#9681,#7700,#7701);
#6928=AXIS2_PLACEMENT_3D('',#9683,#7702,#7703);
#6929=AXIS2_PLACEMENT_3D('',#9685,#7705,#7706);
#6930=AXIS2_PLACEMENT_3D('',#9689,#7708,#7709);
#6931=AXIS2_PLACEMENT_3D('',#9691,#7711,#7712);
#6932=AXIS2_PLACEMENT_3D('',#9695,#7715,#7716);
#6933=AXIS2_PLACEMENT_3D('',#9699,#7718,#7719);
#6934=AXIS2_PLACEMENT_3D('',#9701,#7721,#7722);
#6935=AXIS2_PLACEMENT_3D('',#9705,#7725,#7726);
#6936=AXIS2_PLACEMENT_3D('',#9708,#7728,#7729);
#6937=AXIS2_PLACEMENT_3D('',#9709,#7730,#7731);
#6938=AXIS2_PLACEMENT_3D('',#9713,#7734,#7735);
#6939=AXIS2_PLACEMENT_3D('',#9717,#7737,#7738);
#6940=AXIS2_PLACEMENT_3D('',#9719,#7740,#7741);
#6941=AXIS2_PLACEMENT_3D('',#9723,#7744,#7745);
#6942=AXIS2_PLACEMENT_3D('',#9727,#7747,#7748);
#6943=AXIS2_PLACEMENT_3D('',#9729,#7750,#7751);
#6944=AXIS2_PLACEMENT_3D('',#9731,#7753,#7754);
#6945=AXIS2_PLACEMENT_3D('',#9733,#7756,#7757);
#6946=AXIS2_PLACEMENT_3D('',#9734,#7758,#7759);
#6947=AXIS2_PLACEMENT_3D('',#9735,#7760,#7761);
#6948=AXIS2_PLACEMENT_3D('',#9737,#7763,#7764);
#6949=AXIS2_PLACEMENT_3D('',#9739,#7766,#7767);
#6950=AXIS2_PLACEMENT_3D('',#9741,#7769,#7770);
#6951=AXIS2_PLACEMENT_3D('',#9743,#7772,#7773);
#6952=AXIS2_PLACEMENT_3D('',#9744,#7774,#7775);
#6953=AXIS2_PLACEMENT_3D('',#9753,#7780,#7781);
#6954=AXIS2_PLACEMENT_3D('',#9759,#7785,#7786);
#6955=AXIS2_PLACEMENT_3D('',#9765,#7790,#7791);
#6956=AXIS2_PLACEMENT_3D('',#9771,#7795,#7796);
#6957=AXIS2_PLACEMENT_3D('',#9777,#7800,#7801);
#6958=AXIS2_PLACEMENT_3D('',#9786,#7806,#7807);
#6959=AXIS2_PLACEMENT_3D('',#9789,#7810,#7811);
#6960=AXIS2_PLACEMENT_3D('',#9799,#7817,#7818);
#6961=AXIS2_PLACEMENT_3D('',#9805,#7822,#7823);
#6962=AXIS2_PLACEMENT_3D('',#9808,#7826,#7827);
#6963=AXIS2_PLACEMENT_3D('',#9809,#7828,#7829);
#6964=AXIS2_PLACEMENT_3D('',#9810,#7830,#7831);
#6965=AXIS2_PLACEMENT_3D('',#9819,#7836,#7837);
#6966=AXIS2_PLACEMENT_3D('',#9825,#7841,#7842);
#6967=AXIS2_PLACEMENT_3D('',#9831,#7846,#7847);
#6968=AXIS2_PLACEMENT_3D('',#9834,#7850,#7851);
#6969=AXIS2_PLACEMENT_3D('',#9835,#7852,#7853);
#6970=AXIS2_PLACEMENT_3D('',#9836,#7854,#7855);
#6971=AXIS2_PLACEMENT_3D('',#9838,#7856,#7857);
#6972=AXIS2_PLACEMENT_3D('',#9841,#7859,#7860);
#6973=AXIS2_PLACEMENT_3D('',#9842,#7861,#7862);
#6974=AXIS2_PLACEMENT_3D('',#9843,#7863,#7864);
#6975=AXIS2_PLACEMENT_3D('',#9844,#7865,#7866);
#6976=AXIS2_PLACEMENT_3D('',#9846,#7867,#7868);
#6977=AXIS2_PLACEMENT_3D('',#9849,#7870,#7871);
#6978=AXIS2_PLACEMENT_3D('',#9850,#7872,#7873);
#6979=AXIS2_PLACEMENT_3D('',#9851,#7874,#7875);
#6980=AXIS2_PLACEMENT_3D('',#9852,#7876,#7877);
#6981=AXIS2_PLACEMENT_3D('',#9854,#7878,#7879);
#6982=AXIS2_PLACEMENT_3D('',#9857,#7881,#7882);
#6983=AXIS2_PLACEMENT_3D('',#9858,#7883,#7884);
#6984=AXIS2_PLACEMENT_3D('',#9859,#7885,#7886);
#6985=AXIS2_PLACEMENT_3D('',#9860,#7887,#7888);
#6986=AXIS2_PLACEMENT_3D('',#9862,#7889,#7890);
#6987=AXIS2_PLACEMENT_3D('',#9865,#7892,#7893);
#6988=AXIS2_PLACEMENT_3D('',#9866,#7894,#7895);
#6989=AXIS2_PLACEMENT_3D('',#9867,#7896,#7897);
#6990=AXIS2_PLACEMENT_3D('',#9868,#7898,#7899);
#6991=AXIS2_PLACEMENT_3D('',#9870,#7900,#7901);
#6992=AXIS2_PLACEMENT_3D('',#9873,#7903,#7904);
#6993=AXIS2_PLACEMENT_3D('',#9874,#7905,#7906);
#6994=AXIS2_PLACEMENT_3D('',#9875,#7907,#7908);
#6995=AXIS2_PLACEMENT_3D('',#9876,#7909,#7910);
#6996=AXIS2_PLACEMENT_3D('',#9878,#7911,#7912);
#6997=AXIS2_PLACEMENT_3D('',#9881,#7914,#7915);
#6998=AXIS2_PLACEMENT_3D('',#9882,#7916,#7917);
#6999=AXIS2_PLACEMENT_3D('',#9883,#7918,#7919);
#7000=AXIS2_PLACEMENT_3D('',#9884,#7920,#7921);
#7001=AXIS2_PLACEMENT_3D('',#9945,#7952,#7953);
#7002=AXIS2_PLACEMENT_3D('',#9956,#7960,#7961);
#7003=AXIS2_PLACEMENT_3D('',#9960,#7964,#7965);
#7004=AXIS2_PLACEMENT_3D('',#9964,#7968,#7969);
#7005=AXIS2_PLACEMENT_3D('',#9966,#7971,#7972);
#7006=AXIS2_PLACEMENT_3D('',#9967,#7973,#7974);
#7007=AXIS2_PLACEMENT_3D('',#9973,#7978,#7979);
#7008=AXIS2_PLACEMENT_3D('',#9979,#7983,#7984);
#7009=AXIS2_PLACEMENT_3D('',#9985,#7988,#7989);
#7010=AXIS2_PLACEMENT_3D('',#9991,#7993,#7994);
#7011=AXIS2_PLACEMENT_3D('',#10039,#8018,#8019);
#7012=AXIS2_PLACEMENT_3D('',#10045,#8022,#8023);
#7013=AXIS2_PLACEMENT_3D('',#10049,#8025,#8026);
#7014=AXIS2_PLACEMENT_3D('',#10055,#8029,#8030);
#7015=AXIS2_PLACEMENT_3D('',#10063,#8034,#8035);
#7016=AXIS2_PLACEMENT_3D('',#10069,#8038,#8039);
#7017=AXIS2_PLACEMENT_3D('',#10073,#8041,#8042);
#7018=AXIS2_PLACEMENT_3D('',#10077,#8044,#8045);
#7019=AXIS2_PLACEMENT_3D('',#10083,#8048,#8049);
#7020=AXIS2_PLACEMENT_3D('',#10089,#8052,#8053);
#7021=AXIS2_PLACEMENT_3D('',#10093,#8055,#8056);
#7022=AXIS2_PLACEMENT_3D('',#10099,#8059,#8060);
#7023=AXIS2_PLACEMENT_3D('',#10123,#8065,#8066);
#7024=AXIS2_PLACEMENT_3D('',#10129,#8070,#8071);
#7025=AXIS2_PLACEMENT_3D('',#10133,#8074,#8075);
#7026=AXIS2_PLACEMENT_3D('',#10137,#8078,#8079);
#7027=AXIS2_PLACEMENT_3D('',#10141,#8082,#8083);
#7028=AXIS2_PLACEMENT_3D('',#10145,#8086,#8087);
#7029=AXIS2_PLACEMENT_3D('',#10149,#8090,#8091);
#7030=AXIS2_PLACEMENT_3D('',#10153,#8094,#8095);
#7031=AXIS2_PLACEMENT_3D('',#10155,#8097,#8098);
#7032=AXIS2_PLACEMENT_3D('',#10161,#8102,#8103);
#7033=AXIS2_PLACEMENT_3D('',#10165,#8106,#8107);
#7034=AXIS2_PLACEMENT_3D('',#10169,#8110,#8111);
#7035=AXIS2_PLACEMENT_3D('',#10173,#8114,#8115);
#7036=AXIS2_PLACEMENT_3D('',#10177,#8118,#8119);
#7037=AXIS2_PLACEMENT_3D('',#10181,#8122,#8123);
#7038=AXIS2_PLACEMENT_3D('',#10185,#8126,#8127);
#7039=AXIS2_PLACEMENT_3D('',#10189,#8130,#8131);
#7040=AXIS2_PLACEMENT_3D('',#10193,#8134,#8135);
#7041=AXIS2_PLACEMENT_3D('',#10197,#8138,#8139);
#7042=AXIS2_PLACEMENT_3D('',#10201,#8142,#8143);
#7043=AXIS2_PLACEMENT_3D('',#10204,#8146,#8147);
#7044=AXIS2_PLACEMENT_3D('',#10206,#8149,#8150);
#7045=AXIS2_PLACEMENT_3D('',#10208,#8152,#8153);
#7046=AXIS2_PLACEMENT_3D('',#10210,#8155,#8156);
#7047=AXIS2_PLACEMENT_3D('',#10212,#8158,#8159);
#7048=AXIS2_PLACEMENT_3D('',#10214,#8161,#8162);
#7049=AXIS2_PLACEMENT_3D('',#10216,#8164,#8165);
#7050=AXIS2_PLACEMENT_3D('',#10218,#8167,#8168);
#7051=AXIS2_PLACEMENT_3D('',#10220,#8170,#8171);
#7052=AXIS2_PLACEMENT_3D('',#10222,#8173,#8174);
#7053=AXIS2_PLACEMENT_3D('',#10268,#8178,#8179);
#7054=AXIS2_PLACEMENT_3D('',#10274,#8183,#8184);
#7055=AXIS2_PLACEMENT_3D('',#10278,#8187,#8188);
#7056=AXIS2_PLACEMENT_3D('',#10281,#8190,#8191);
#7057=AXIS2_PLACEMENT_3D('',#10282,#8192,#8193);
#7058=AXIS2_PLACEMENT_3D('',#10286,#8196,#8197);
#7059=AXIS2_PLACEMENT_3D('',#10289,#8200,#8201);
#7060=AXIS2_PLACEMENT_3D('',#10293,#8204,#8205);
#7061=AXIS2_PLACEMENT_3D('',#10295,#8207,#8208);
#7062=AXIS2_PLACEMENT_3D('',#10299,#8211,#8212);
#7063=AXIS2_PLACEMENT_3D('',#10301,#8214,#8215);
#7064=AXIS2_PLACEMENT_3D('',#10304,#8217,#8218);
#7065=AXIS2_PLACEMENT_3D('',#10305,#8219,#8220);
#7066=AXIS2_PLACEMENT_3D('',#10307,#8222,#8223);
#7067=AXIS2_PLACEMENT_3D('',#10311,#8226,#8227);
#7068=AXIS2_PLACEMENT_3D('',#10313,#8229,#8230);
#7069=AXIS2_PLACEMENT_3D('',#10317,#8233,#8234);
#7070=AXIS2_PLACEMENT_3D('',#10319,#8236,#8237);
#7071=AXIS2_PLACEMENT_3D('',#10322,#8239,#8240);
#7072=AXIS2_PLACEMENT_3D('',#10323,#8241,#8242);
#7073=AXIS2_PLACEMENT_3D('',#10324,#8243,#8244);
#7074=AXIS2_PLACEMENT_3D('',#10328,#8247,#8248);
#7075=AXIS2_PLACEMENT_3D('',#10331,#8250,#8251);
#7076=AXIS2_PLACEMENT_3D('',#10332,#8252,#8253);
#7077=AXIS2_PLACEMENT_3D('',#10334,#8255,#8256);
#7078=AXIS2_PLACEMENT_3D('',#10338,#8259,#8260);
#7079=AXIS2_PLACEMENT_3D('',#10340,#8262,#8263);
#7080=AXIS2_PLACEMENT_3D('',#10344,#8266,#8267);
#7081=AXIS2_PLACEMENT_3D('',#10346,#8269,#8270);
#7082=AXIS2_PLACEMENT_3D('',#10349,#8272,#8273);
#7083=AXIS2_PLACEMENT_3D('',#10350,#8274,#8275);
#7084=AXIS2_PLACEMENT_3D('',#10352,#8277,#8278);
#7085=AXIS2_PLACEMENT_3D('',#10356,#8281,#8282);
#7086=AXIS2_PLACEMENT_3D('',#10361,#8286,#8287);
#7087=AXIS2_PLACEMENT_3D('',#10455,#8292,#8293);
#7088=AXIS2_PLACEMENT_3D('',#10459,#8296,#8297);
#7089=AXIS2_PLACEMENT_3D('',#10461,#8298,#8299);
#7090=AXIS2_PLACEMENT_3D('',#10463,#8301,#8302);
#7091=AXIS2_PLACEMENT_3D('',#10467,#8305,#8306);
#7092=AXIS2_PLACEMENT_3D('',#10469,#8307,#8308);
#7093=AXIS2_PLACEMENT_3D('',#10471,#8310,#8311);
#7094=AXIS2_PLACEMENT_3D('',#10475,#8313,#8314);
#7095=AXIS2_PLACEMENT_3D('',#10477,#8316,#8317);
#7096=AXIS2_PLACEMENT_3D('',#10481,#8320,#8321);
#7097=AXIS2_PLACEMENT_3D('',#10485,#8323,#8324);
#7098=AXIS2_PLACEMENT_3D('',#10487,#8326,#8327);
#7099=AXIS2_PLACEMENT_3D('',#10491,#8330,#8331);
#7100=AXIS2_PLACEMENT_3D('',#10494,#8333,#8334);
#7101=AXIS2_PLACEMENT_3D('',#10495,#8335,#8336);
#7102=AXIS2_PLACEMENT_3D('',#10499,#8339,#8340);
#7103=AXIS2_PLACEMENT_3D('',#10503,#8342,#8343);
#7104=AXIS2_PLACEMENT_3D('',#10505,#8345,#8346);
#7105=AXIS2_PLACEMENT_3D('',#10509,#8349,#8350);
#7106=AXIS2_PLACEMENT_3D('',#10513,#8352,#8353);
#7107=AXIS2_PLACEMENT_3D('',#10515,#8355,#8356);
#7108=AXIS2_PLACEMENT_3D('',#10517,#8358,#8359);
#7109=AXIS2_PLACEMENT_3D('',#10519,#8361,#8362);
#7110=AXIS2_PLACEMENT_3D('',#10520,#8363,#8364);
#7111=AXIS2_PLACEMENT_3D('',#10521,#8365,#8366);
#7112=AXIS2_PLACEMENT_3D('',#10523,#8368,#8369);
#7113=AXIS2_PLACEMENT_3D('',#10525,#8371,#8372);
#7114=AXIS2_PLACEMENT_3D('',#10527,#8374,#8375);
#7115=AXIS2_PLACEMENT_3D('',#10529,#8377,#8378);
#7116=AXIS2_PLACEMENT_3D('',#10530,#8379,#8380);
#7117=AXIS2_PLACEMENT_3D('',#10539,#8385,#8386);
#7118=AXIS2_PLACEMENT_3D('',#10545,#8390,#8391);
#7119=AXIS2_PLACEMENT_3D('',#10551,#8395,#8396);
#7120=AXIS2_PLACEMENT_3D('',#10557,#8400,#8401);
#7121=AXIS2_PLACEMENT_3D('',#10563,#8405,#8406);
#7122=AXIS2_PLACEMENT_3D('',#10572,#8411,#8412);
#7123=AXIS2_PLACEMENT_3D('',#10575,#8415,#8416);
#7124=AXIS2_PLACEMENT_3D('',#10585,#8422,#8423);
#7125=AXIS2_PLACEMENT_3D('',#10591,#8427,#8428);
#7126=AXIS2_PLACEMENT_3D('',#10594,#8431,#8432);
#7127=AXIS2_PLACEMENT_3D('',#10595,#8433,#8434);
#7128=AXIS2_PLACEMENT_3D('',#10596,#8435,#8436);
#7129=AXIS2_PLACEMENT_3D('',#10605,#8441,#8442);
#7130=AXIS2_PLACEMENT_3D('',#10611,#8446,#8447);
#7131=AXIS2_PLACEMENT_3D('',#10617,#8451,#8452);
#7132=AXIS2_PLACEMENT_3D('',#10620,#8455,#8456);
#7133=AXIS2_PLACEMENT_3D('',#10621,#8457,#8458);
#7134=AXIS2_PLACEMENT_3D('',#10622,#8459,#8460);
#7135=AXIS2_PLACEMENT_3D('',#10624,#8461,#8462);
#7136=AXIS2_PLACEMENT_3D('',#10627,#8464,#8465);
#7137=AXIS2_PLACEMENT_3D('',#10628,#8466,#8467);
#7138=AXIS2_PLACEMENT_3D('',#10629,#8468,#8469);
#7139=AXIS2_PLACEMENT_3D('',#10630,#8470,#8471);
#7140=AXIS2_PLACEMENT_3D('',#10632,#8472,#8473);
#7141=AXIS2_PLACEMENT_3D('',#10635,#8475,#8476);
#7142=AXIS2_PLACEMENT_3D('',#10636,#8477,#8478);
#7143=AXIS2_PLACEMENT_3D('',#10637,#8479,#8480);
#7144=AXIS2_PLACEMENT_3D('',#10638,#8481,#8482);
#7145=AXIS2_PLACEMENT_3D('',#10640,#8483,#8484);
#7146=AXIS2_PLACEMENT_3D('',#10643,#8486,#8487);
#7147=AXIS2_PLACEMENT_3D('',#10644,#8488,#8489);
#7148=AXIS2_PLACEMENT_3D('',#10645,#8490,#8491);
#7149=AXIS2_PLACEMENT_3D('',#10646,#8492,#8493);
#7150=AXIS2_PLACEMENT_3D('',#10648,#8494,#8495);
#7151=AXIS2_PLACEMENT_3D('',#10651,#8497,#8498);
#7152=AXIS2_PLACEMENT_3D('',#10652,#8499,#8500);
#7153=AXIS2_PLACEMENT_3D('',#10653,#8501,#8502);
#7154=AXIS2_PLACEMENT_3D('',#10654,#8503,#8504);
#7155=AXIS2_PLACEMENT_3D('',#10656,#8505,#8506);
#7156=AXIS2_PLACEMENT_3D('',#10659,#8508,#8509);
#7157=AXIS2_PLACEMENT_3D('',#10660,#8510,#8511);
#7158=AXIS2_PLACEMENT_3D('',#10661,#8512,#8513);
#7159=AXIS2_PLACEMENT_3D('',#10662,#8514,#8515);
#7160=AXIS2_PLACEMENT_3D('',#10723,#8546,#8547);
#7161=AXIS2_PLACEMENT_3D('',#10734,#8554,#8555);
#7162=AXIS2_PLACEMENT_3D('',#10738,#8558,#8559);
#7163=AXIS2_PLACEMENT_3D('',#10742,#8562,#8563);
#7164=AXIS2_PLACEMENT_3D('',#10744,#8565,#8566);
#7165=AXIS2_PLACEMENT_3D('',#10745,#8567,#8568);
#7166=AXIS2_PLACEMENT_3D('',#10751,#8572,#8573);
#7167=AXIS2_PLACEMENT_3D('',#10757,#8577,#8578);
#7168=AXIS2_PLACEMENT_3D('',#10763,#8582,#8583);
#7169=AXIS2_PLACEMENT_3D('',#10769,#8587,#8588);
#7170=AXIS2_PLACEMENT_3D('',#10817,#8612,#8613);
#7171=AXIS2_PLACEMENT_3D('',#10823,#8616,#8617);
#7172=AXIS2_PLACEMENT_3D('',#10827,#8619,#8620);
#7173=AXIS2_PLACEMENT_3D('',#10833,#8623,#8624);
#7174=AXIS2_PLACEMENT_3D('',#10841,#8628,#8629);
#7175=AXIS2_PLACEMENT_3D('',#10847,#8632,#8633);
#7176=AXIS2_PLACEMENT_3D('',#10851,#8635,#8636);
#7177=AXIS2_PLACEMENT_3D('',#10855,#8638,#8639);
#7178=AXIS2_PLACEMENT_3D('',#10861,#8642,#8643);
#7179=AXIS2_PLACEMENT_3D('',#10867,#8646,#8647);
#7180=AXIS2_PLACEMENT_3D('',#10871,#8649,#8650);
#7181=AXIS2_PLACEMENT_3D('',#10877,#8653,#8654);
#7182=AXIS2_PLACEMENT_3D('',#10901,#8659,#8660);
#7183=AXIS2_PLACEMENT_3D('',#10907,#8664,#8665);
#7184=AXIS2_PLACEMENT_3D('',#10911,#8668,#8669);
#7185=AXIS2_PLACEMENT_3D('',#10915,#8672,#8673);
#7186=AXIS2_PLACEMENT_3D('',#10919,#8676,#8677);
#7187=AXIS2_PLACEMENT_3D('',#10923,#8680,#8681);
#7188=AXIS2_PLACEMENT_3D('',#10927,#8684,#8685);
#7189=AXIS2_PLACEMENT_3D('',#10931,#8688,#8689);
#7190=AXIS2_PLACEMENT_3D('',#10933,#8691,#8692);
#7191=AXIS2_PLACEMENT_3D('',#10939,#8696,#8697);
#7192=AXIS2_PLACEMENT_3D('',#10943,#8700,#8701);
#7193=AXIS2_PLACEMENT_3D('',#10947,#8704,#8705);
#7194=AXIS2_PLACEMENT_3D('',#10951,#8708,#8709);
#7195=AXIS2_PLACEMENT_3D('',#10955,#8712,#8713);
#7196=AXIS2_PLACEMENT_3D('',#10959,#8716,#8717);
#7197=AXIS2_PLACEMENT_3D('',#10963,#8720,#8721);
#7198=AXIS2_PLACEMENT_3D('',#10967,#8724,#8725);
#7199=AXIS2_PLACEMENT_3D('',#10971,#8728,#8729);
#7200=AXIS2_PLACEMENT_3D('',#10975,#8732,#8733);
#7201=AXIS2_PLACEMENT_3D('',#10979,#8736,#8737);
#7202=AXIS2_PLACEMENT_3D('',#10982,#8740,#8741);
#7203=AXIS2_PLACEMENT_3D('',#10984,#8743,#8744);
#7204=AXIS2_PLACEMENT_3D('',#10986,#8746,#8747);
#7205=AXIS2_PLACEMENT_3D('',#10988,#8749,#8750);
#7206=AXIS2_PLACEMENT_3D('',#10990,#8752,#8753);
#7207=AXIS2_PLACEMENT_3D('',#10992,#8755,#8756);
#7208=AXIS2_PLACEMENT_3D('',#10994,#8758,#8759);
#7209=AXIS2_PLACEMENT_3D('',#10996,#8761,#8762);
#7210=AXIS2_PLACEMENT_3D('',#10998,#8764,#8765);
#7211=AXIS2_PLACEMENT_3D('',#11000,#8767,#8768);
#7212=AXIS2_PLACEMENT_3D('',#11046,#8772,#8773);
#7213=AXIS2_PLACEMENT_3D('',#11052,#8777,#8778);
#7214=AXIS2_PLACEMENT_3D('',#11056,#8781,#8782);
#7215=AXIS2_PLACEMENT_3D('',#11059,#8784,#8785);
#7216=AXIS2_PLACEMENT_3D('',#11060,#8786,#8787);
#7217=AXIS2_PLACEMENT_3D('',#11064,#8790,#8791);
#7218=AXIS2_PLACEMENT_3D('',#11067,#8794,#8795);
#7219=AXIS2_PLACEMENT_3D('',#11071,#8798,#8799);
#7220=AXIS2_PLACEMENT_3D('',#11073,#8801,#8802);
#7221=AXIS2_PLACEMENT_3D('',#11077,#8805,#8806);
#7222=AXIS2_PLACEMENT_3D('',#11079,#8808,#8809);
#7223=AXIS2_PLACEMENT_3D('',#11082,#8811,#8812);
#7224=AXIS2_PLACEMENT_3D('',#11083,#8813,#8814);
#7225=AXIS2_PLACEMENT_3D('',#11085,#8816,#8817);
#7226=AXIS2_PLACEMENT_3D('',#11089,#8820,#8821);
#7227=AXIS2_PLACEMENT_3D('',#11091,#8823,#8824);
#7228=AXIS2_PLACEMENT_3D('',#11095,#8827,#8828);
#7229=AXIS2_PLACEMENT_3D('',#11097,#8830,#8831);
#7230=AXIS2_PLACEMENT_3D('',#11100,#8833,#8834);
#7231=AXIS2_PLACEMENT_3D('',#11101,#8835,#8836);
#7232=AXIS2_PLACEMENT_3D('',#11102,#8837,#8838);
#7233=AXIS2_PLACEMENT_3D('',#11106,#8841,#8842);
#7234=AXIS2_PLACEMENT_3D('',#11109,#8844,#8845);
#7235=AXIS2_PLACEMENT_3D('',#11110,#8846,#8847);
#7236=AXIS2_PLACEMENT_3D('',#11112,#8849,#8850);
#7237=AXIS2_PLACEMENT_3D('',#11116,#8853,#8854);
#7238=AXIS2_PLACEMENT_3D('',#11118,#8856,#8857);
#7239=AXIS2_PLACEMENT_3D('',#11122,#8860,#8861);
#7240=AXIS2_PLACEMENT_3D('',#11124,#8863,#8864);
#7241=AXIS2_PLACEMENT_3D('',#11127,#8866,#8867);
#7242=AXIS2_PLACEMENT_3D('',#11128,#8868,#8869);
#7243=AXIS2_PLACEMENT_3D('',#11130,#8871,#8872);
#7244=AXIS2_PLACEMENT_3D('',#11134,#8875,#8876);
#7245=AXIS2_PLACEMENT_3D('',#11139,#8880,#8881);
#7246=AXIS2_PLACEMENT_3D('',#11233,#8886,#8887);
#7247=AXIS2_PLACEMENT_3D('',#11237,#8890,#8891);
#7248=AXIS2_PLACEMENT_3D('',#11239,#8892,#8893);
#7249=AXIS2_PLACEMENT_3D('',#11241,#8895,#8896);
#7250=AXIS2_PLACEMENT_3D('',#11245,#8899,#8900);
#7251=AXIS2_PLACEMENT_3D('',#11247,#8901,#8902);
#7252=AXIS2_PLACEMENT_3D('',#11249,#8904,#8905);
#7253=AXIS2_PLACEMENT_3D('',#11253,#8907,#8908);
#7254=AXIS2_PLACEMENT_3D('',#11255,#8910,#8911);
#7255=AXIS2_PLACEMENT_3D('',#11259,#8914,#8915);
#7256=AXIS2_PLACEMENT_3D('',#11263,#8917,#8918);
#7257=AXIS2_PLACEMENT_3D('',#11265,#8920,#8921);
#7258=AXIS2_PLACEMENT_3D('',#11269,#8924,#8925);
#7259=AXIS2_PLACEMENT_3D('',#11272,#8927,#8928);
#7260=AXIS2_PLACEMENT_3D('',#11273,#8929,#8930);
#7261=AXIS2_PLACEMENT_3D('',#11277,#8933,#8934);
#7262=AXIS2_PLACEMENT_3D('',#11281,#8936,#8937);
#7263=AXIS2_PLACEMENT_3D('',#11283,#8939,#8940);
#7264=AXIS2_PLACEMENT_3D('',#11287,#8943,#8944);
#7265=AXIS2_PLACEMENT_3D('',#11291,#8946,#8947);
#7266=AXIS2_PLACEMENT_3D('',#11293,#8949,#8950);
#7267=AXIS2_PLACEMENT_3D('',#11295,#8952,#8953);
#7268=AXIS2_PLACEMENT_3D('',#11297,#8955,#8956);
#7269=AXIS2_PLACEMENT_3D('',#11298,#8957,#8958);
#7270=AXIS2_PLACEMENT_3D('',#11299,#8959,#8960);
#7271=AXIS2_PLACEMENT_3D('',#11301,#8962,#8963);
#7272=AXIS2_PLACEMENT_3D('',#11303,#8965,#8966);
#7273=AXIS2_PLACEMENT_3D('',#11305,#8968,#8969);
#7274=AXIS2_PLACEMENT_3D('',#11307,#8971,#8972);
#7275=AXIS2_PLACEMENT_3D('',#11308,#8973,#8974);
#7276=AXIS2_PLACEMENT_3D('',#11317,#8979,#8980);
#7277=AXIS2_PLACEMENT_3D('',#11323,#8984,#8985);
#7278=AXIS2_PLACEMENT_3D('',#11329,#8989,#8990);
#7279=AXIS2_PLACEMENT_3D('',#11335,#8994,#8995);
#7280=AXIS2_PLACEMENT_3D('',#11341,#8999,#9000);
#7281=AXIS2_PLACEMENT_3D('',#11350,#9005,#9006);
#7282=AXIS2_PLACEMENT_3D('',#11353,#9009,#9010);
#7283=AXIS2_PLACEMENT_3D('',#11363,#9016,#9017);
#7284=AXIS2_PLACEMENT_3D('',#11369,#9021,#9022);
#7285=AXIS2_PLACEMENT_3D('',#11372,#9025,#9026);
#7286=AXIS2_PLACEMENT_3D('',#11373,#9027,#9028);
#7287=AXIS2_PLACEMENT_3D('',#11374,#9029,#9030);
#7288=AXIS2_PLACEMENT_3D('',#11383,#9035,#9036);
#7289=AXIS2_PLACEMENT_3D('',#11389,#9040,#9041);
#7290=AXIS2_PLACEMENT_3D('',#11395,#9045,#9046);
#7291=AXIS2_PLACEMENT_3D('',#11398,#9049,#9050);
#7292=AXIS2_PLACEMENT_3D('',#11399,#9051,#9052);
#7293=AXIS2_PLACEMENT_3D('',#11400,#9053,#9054);
#7294=AXIS2_PLACEMENT_3D('',#11402,#9055,#9056);
#7295=AXIS2_PLACEMENT_3D('',#11405,#9058,#9059);
#7296=AXIS2_PLACEMENT_3D('',#11406,#9060,#9061);
#7297=AXIS2_PLACEMENT_3D('',#11407,#9062,#9063);
#7298=AXIS2_PLACEMENT_3D('',#11408,#9064,#9065);
#7299=AXIS2_PLACEMENT_3D('',#11410,#9066,#9067);
#7300=AXIS2_PLACEMENT_3D('',#11413,#9069,#9070);
#7301=AXIS2_PLACEMENT_3D('',#11414,#9071,#9072);
#7302=AXIS2_PLACEMENT_3D('',#11415,#9073,#9074);
#7303=AXIS2_PLACEMENT_3D('',#11416,#9075,#9076);
#7304=AXIS2_PLACEMENT_3D('',#11418,#9077,#9078);
#7305=AXIS2_PLACEMENT_3D('',#11421,#9080,#9081);
#7306=AXIS2_PLACEMENT_3D('',#11422,#9082,#9083);
#7307=AXIS2_PLACEMENT_3D('',#11423,#9084,#9085);
#7308=AXIS2_PLACEMENT_3D('',#11424,#9086,#9087);
#7309=AXIS2_PLACEMENT_3D('',#11426,#9088,#9089);
#7310=AXIS2_PLACEMENT_3D('',#11429,#9091,#9092);
#7311=AXIS2_PLACEMENT_3D('',#11430,#9093,#9094);
#7312=AXIS2_PLACEMENT_3D('',#11431,#9095,#9096);
#7313=DIRECTION('axis',(0.,0.,1.));
#7314=DIRECTION('refdir',(1.,0.,0.));
#7315=DIRECTION('center_axis',(0.,-1.,0.));
#7316=DIRECTION('ref_axis',(0.,0.,-1.));
#7317=DIRECTION('',(0.,0.,-1.));
#7318=DIRECTION('',(0.999929145871898,0.,0.0119039168300259));
#7319=DIRECTION('',(0.0119039168300243,0.,-0.999929145871898));
#7320=DIRECTION('',(-0.999929145871898,2.98995724496069E-16,-0.0119039168300259));
#7321=DIRECTION('',(0.0119039168300243,0.,-0.999929145871898));
#7322=DIRECTION('',(0.999929145871898,0.,0.0119039168300259));
#7323=DIRECTION('',(0.,0.,-1.));
#7324=DIRECTION('',(-1.,0.,0.));
#7325=DIRECTION('',(0.,0.,-1.));
#7326=DIRECTION('',(-1.,0.,0.));
#7327=DIRECTION('',(0.,0.,1.));
#7328=DIRECTION('',(-1.,0.,0.));
#7329=DIRECTION('',(0.,0.,1.));
#7330=DIRECTION('',(-1.,0.,0.));
#7331=DIRECTION('',(0.,0.,-1.));
#7332=DIRECTION('',(-1.,0.,0.));
#7333=DIRECTION('',(0.,0.,-1.));
#7334=DIRECTION('',(-1.,0.,0.));
#7335=DIRECTION('',(0.,0.,1.));
#7336=DIRECTION('',(1.,0.,0.));
#7337=DIRECTION('',(0.,0.,1.));
#7338=DIRECTION('',(1.,0.,0.));
#7339=DIRECTION('',(0.,0.,1.));
#7340=DIRECTION('',(1.,0.,0.));
#7341=DIRECTION('',(0.,0.,-1.));
#7342=DIRECTION('',(1.,0.,0.));
#7343=DIRECTION('',(0.,0.,-1.));
#7344=DIRECTION('',(0.999929145871898,0.,0.0119039168300259));
#7345=DIRECTION('',(0.,0.,1.));
#7346=DIRECTION('',(-1.,0.,0.));
#7347=DIRECTION('center_axis',(0.0119039168300259,0.,-0.999929145871898));
#7348=DIRECTION('ref_axis',(0.999929145871898,0.,0.0119039168300259));
#7349=DIRECTION('',(0.,1.,0.));
#7350=DIRECTION('',(0.999929145871898,0.,0.0119039168300259));
#7351=DIRECTION('',(0.,-1.,0.));
#7352=DIRECTION('',(0.,-1.,0.));
#7353=DIRECTION('',(0.999929145871898,0.,0.0119039168300259));
#7354=DIRECTION('',(0.,-1.,0.));
#7355=DIRECTION('center_axis',(-1.,0.,0.));
#7356=DIRECTION('ref_axis',(0.,0.,1.));
#7357=DIRECTION('',(0.,1.,0.));
#7358=DIRECTION('',(0.,0.,-1.));
#7359=DIRECTION('center_axis',(1.,0.,0.));
#7360=DIRECTION('ref_axis',(0.,0.,-1.));
#7361=DIRECTION('',(0.,0.,-1.));
#7362=DIRECTION('',(0.,1.,0.));
#7363=DIRECTION('center_axis',(0.,0.,1.));
#7364=DIRECTION('ref_axis',(1.,0.,0.));
#7365=DIRECTION('',(1.,0.,0.));
#7366=DIRECTION('center_axis',(0.,1.,0.));
#7367=DIRECTION('ref_axis',(0.,0.,1.));
#7368=DIRECTION('center_axis',(-0.00841734031319199,0.707106781186546,0.707056679752094));
#7369=DIRECTION('ref_axis',(0.999929145871898,0.,0.0119039168300259));
#7370=DIRECTION('',(-0.57504563308518,0.575045633085182,-0.581932160770761));
#7371=DIRECTION('',(-0.999929145871898,0.,-0.0119039168300259));
#7372=DIRECTION('',(-0.584182091125916,-0.577350269189629,0.570436631953467));
#7373=DIRECTION('center_axis',(-0.707056679752095,0.707106781186544,-0.00841734031319088));
#7374=DIRECTION('ref_axis',(-0.0119039168300243,0.,0.999929145871898));
#7375=DIRECTION('',(0.0119039168300243,0.,-0.999929145871898));
#7376=DIRECTION('',(-0.584182091125917,-0.577350269189628,0.570436631953467));
#7377=DIRECTION('',(-0.0119039168300243,0.,0.999929145871898));
#7378=DIRECTION('center_axis',(-0.00841734031319086,0.707106781186546,0.707056679752094));
#7379=DIRECTION('ref_axis',(0.999929145871898,0.,0.0119039168300243));
#7380=DIRECTION('',(-0.999929145871898,0.,-0.0119039168300243));
#7381=DIRECTION('',(0.57043663195347,-0.577350269189628,0.584182091125914));
#7382=DIRECTION('',(0.999929145871898,0.,0.0119039168300243));
#7383=DIRECTION('center_axis',(0.707056679752092,0.707106781186547,0.00841734031319084));
#7384=DIRECTION('ref_axis',(0.0119039168300243,0.,-0.999929145871898));
#7385=DIRECTION('',(-0.0119039168300243,0.,0.999929145871898));
#7386=DIRECTION('',(0.707056679752091,-0.707106781186548,0.00841734031319196));
#7387=DIRECTION('',(0.0119039168300243,0.,-0.999929145871898));
#7388=DIRECTION('center_axis',(0.,1.,0.));
#7389=DIRECTION('ref_axis',(0.,0.,1.));
#7390=DIRECTION('',(0.,0.,1.));
#7391=DIRECTION('',(-1.,0.,0.));
#7392=DIRECTION('',(0.,0.,1.));
#7393=DIRECTION('',(-1.,0.,0.));
#7394=DIRECTION('',(0.,0.,-1.));
#7395=DIRECTION('',(-1.,0.,0.));
#7396=DIRECTION('',(0.,0.,-1.));
#7397=DIRECTION('',(-1.,0.,0.));
#7398=DIRECTION('',(0.,0.,1.));
#7399=DIRECTION('',(1.,0.,0.));
#7400=DIRECTION('',(0.,0.,1.));
#7401=DIRECTION('',(1.,0.,0.));
#7402=DIRECTION('',(0.,0.,1.));
#7403=DIRECTION('',(1.,0.,0.));
#7404=DIRECTION('',(0.,0.,-1.));
#7405=DIRECTION('',(1.,0.,0.));
#7406=DIRECTION('',(0.,0.,-1.));
#7407=DIRECTION('',(1.,0.,0.));
#7408=DIRECTION('',(0.,0.,1.));
#7409=DIRECTION('',(1.,0.,0.));
#7410=DIRECTION('',(0.,0.,-1.));
#7411=DIRECTION('',(-1.,0.,0.));
#7412=DIRECTION('',(0.,0.,1.));
#7413=DIRECTION('center_axis',(0.,1.,0.));
#7414=DIRECTION('ref_axis',(-0.707106781186548,0.,0.707106781186548));
#7415=DIRECTION('',(1.,0.,0.));
#7416=DIRECTION('',(0.,0.,1.));
#7417=DIRECTION('center_axis',(0.,1.,0.));
#7418=DIRECTION('ref_axis',(-0.707106781186554,0.,0.707106781186541));
#7419=DIRECTION('',(1.,0.,0.));
#7420=DIRECTION('center_axis',(0.,1.,0.));
#7421=DIRECTION('ref_axis',(0.707106781186554,0.,0.707106781186541));
#7422=DIRECTION('',(0.,0.,-1.));
#7423=DIRECTION('',(1.,0.,0.));
#7424=DIRECTION('center_axis',(0.,1.,0.));
#7425=DIRECTION('ref_axis',(0.707106781186554,0.,0.707106781186541));
#7426=DIRECTION('',(0.,0.,-1.));
#7427=DIRECTION('',(1.,0.,0.));
#7428=DIRECTION('',(0.,0.,1.));
#7429=DIRECTION('center_axis',(0.,1.,0.));
#7430=DIRECTION('ref_axis',(-0.707106781186554,0.,0.707106781186541));
#7431=DIRECTION('',(1.,0.,0.));
#7432=DIRECTION('',(0.,0.,1.));
#7433=DIRECTION('center_axis',(0.,1.,0.));
#7434=DIRECTION('ref_axis',(-0.707106781186554,0.,0.707106781186541));
#7435=DIRECTION('',(1.,0.,0.));
#7436=DIRECTION('center_axis',(0.,1.,0.));
#7437=DIRECTION('ref_axis',(0.707106781186554,0.,0.707106781186541));
#7438=DIRECTION('',(0.,0.,-1.));
#7439=DIRECTION('center_axis',(0.,1.,0.));
#7440=DIRECTION('ref_axis',(0.707106781186552,0.,-0.707106781186543));
#7441=DIRECTION('',(-1.,0.,0.));
#7442=DIRECTION('',(0.,0.,-1.));
#7443=DIRECTION('center_axis',(0.,1.,0.));
#7444=DIRECTION('ref_axis',(0.707106781186552,0.,-0.707106781186543));
#7445=DIRECTION('',(-1.,0.,0.));
#7446=DIRECTION('',(0.,0.,-1.));
#7447=DIRECTION('center_axis',(0.,1.,0.));
#7448=DIRECTION('ref_axis',(0.707106781186552,0.,-0.707106781186543));
#7449=DIRECTION('',(-1.,0.,0.));
#7450=DIRECTION('center_axis',(0.,1.,0.));
#7451=DIRECTION('ref_axis',(-0.707106781186552,0.,-0.707106781186543));
#7452=DIRECTION('',(0.,0.,1.));
#7453=DIRECTION('',(-1.,0.,0.));
#7454=DIRECTION('center_axis',(0.,1.,0.));
#7455=DIRECTION('ref_axis',(-0.707106781186552,0.,-0.707106781186543));
#7456=DIRECTION('',(0.,0.,1.));
#7457=DIRECTION('',(-0.999929145871898,0.,-0.0119039168300272));
#7458=DIRECTION('',(0.999929145871898,0.,0.0119039168300273));
#7459=DIRECTION('',(0.999929145871898,0.,0.0119039168300259));
#7460=DIRECTION('center_axis',(0.,0.707106781186546,0.707106781186549));
#7461=DIRECTION('ref_axis',(1.,0.,0.));
#7462=DIRECTION('',(1.,0.,0.));
#7463=DIRECTION('',(0.,-0.707106781186549,0.707106781186546));
#7464=DIRECTION('',(-0.577350269189632,-0.577350269189624,0.577350269189622));
#7465=DIRECTION('center_axis',(-0.707106781186543,0.707106781186552,0.));
#7466=DIRECTION('ref_axis',(0.,0.,1.));
#7467=DIRECTION('',(-0.577350269189632,-0.577350269189624,0.577350269189622));
#7468=DIRECTION('',(0.,0.,1.));
#7469=DIRECTION('center_axis',(0.,0.707106781186546,0.707106781186549));
#7470=DIRECTION('ref_axis',(1.,0.,0.));
#7471=DIRECTION('',(-0.577350269189632,-0.577350269189624,0.577350269189622));
#7472=DIRECTION('',(1.,0.,0.));
#7473=DIRECTION('center_axis',(-0.707106781186543,0.707106781186552,0.));
#7474=DIRECTION('ref_axis',(0.,0.,1.));
#7475=DIRECTION('',(-0.577350269189632,-0.577350269189624,0.577350269189622));
#7476=DIRECTION('',(0.,0.,1.));
#7477=DIRECTION('center_axis',(0.,0.707106781186546,0.707106781186549));
#7478=DIRECTION('ref_axis',(1.,0.,0.));
#7479=DIRECTION('',(0.577350269189625,-0.577350269189628,0.577350269189625));
#7480=DIRECTION('',(1.,0.,0.));
#7481=DIRECTION('center_axis',(0.707106781186549,0.707106781186546,0.));
#7482=DIRECTION('ref_axis',(0.,0.,-1.));
#7483=DIRECTION('',(0.577350269189625,-0.577350269189628,0.577350269189625));
#7484=DIRECTION('',(0.,0.,-1.));
#7485=DIRECTION('center_axis',(0.,0.707106781186546,0.707106781186549));
#7486=DIRECTION('ref_axis',(1.,0.,0.));
#7487=DIRECTION('',(0.577350269189625,-0.577350269189628,0.577350269189625));
#7488=DIRECTION('',(1.,0.,0.));
#7489=DIRECTION('center_axis',(0.707106781186549,0.707106781186546,0.));
#7490=DIRECTION('ref_axis',(0.,0.,-1.));
#7491=DIRECTION('',(0.,0.,-1.));
#7492=DIRECTION('center_axis',(0.,0.707106781186552,-0.707106781186543));
#7493=DIRECTION('ref_axis',(-1.,0.,0.));
#7494=DIRECTION('',(-1.,0.,0.));
#7495=DIRECTION('',(0.,-0.707106781186543,-0.707106781186552));
#7496=DIRECTION('',(0.577350269189622,-0.577350269189624,-0.577350269189632));
#7497=DIRECTION('center_axis',(0.707106781186549,0.707106781186546,0.));
#7498=DIRECTION('ref_axis',(0.,0.,-1.));
#7499=DIRECTION('',(0.577350269189622,-0.577350269189624,-0.577350269189632));
#7500=DIRECTION('',(0.,0.,-1.));
#7501=DIRECTION('center_axis',(0.,0.707106781186552,-0.707106781186543));
#7502=DIRECTION('ref_axis',(-1.,0.,0.));
#7503=DIRECTION('',(-0.577350269189622,-0.577350269189624,-0.577350269189632));
#7504=DIRECTION('',(-1.,0.,0.));
#7505=DIRECTION('center_axis',(-0.707106781186549,0.707106781186546,0.));
#7506=DIRECTION('ref_axis',(0.,0.,1.));
#7507=DIRECTION('',(-0.577350269189622,-0.577350269189624,-0.577350269189632));
#7508=DIRECTION('',(0.,0.,1.));
#7509=DIRECTION('center_axis',(0.,0.707106781186552,-0.707106781186543));
#7510=DIRECTION('ref_axis',(-1.,0.,0.));
#7511=DIRECTION('',(-0.577350269189622,-0.577350269189624,-0.577350269189632));
#7512=DIRECTION('',(-1.,0.,0.));
#7513=DIRECTION('center_axis',(-0.707106781186549,0.707106781186546,0.));
#7514=DIRECTION('ref_axis',(0.,0.,1.));
#7515=DIRECTION('',(-0.577350269189622,-0.577350269189624,-0.577350269189632));
#7516=DIRECTION('',(0.,0.,1.));
#7517=DIRECTION('center_axis',(0.,0.707106781186552,-0.707106781186543));
#7518=DIRECTION('ref_axis',(-1.,0.,0.));
#7519=DIRECTION('',(0.577350269189628,-0.577350269189621,-0.577350269189628));
#7520=DIRECTION('',(-1.,0.,0.));
#7521=DIRECTION('center_axis',(0.707106781186543,0.707106781186552,0.));
#7522=DIRECTION('ref_axis',(0.,0.,-1.));
#7523=DIRECTION('',(0.577350269189628,-0.577350269189621,-0.577350269189628));
#7524=DIRECTION('',(0.,0.,-1.));
#7525=DIRECTION('center_axis',(0.,0.707106781186552,-0.707106781186543));
#7526=DIRECTION('ref_axis',(-1.,0.,0.));
#7527=DIRECTION('',(0.577350269189628,-0.577350269189621,-0.577350269189628));
#7528=DIRECTION('',(-1.,0.,0.));
#7529=DIRECTION('center_axis',(0.707106781186543,0.707106781186552,0.));
#7530=DIRECTION('ref_axis',(0.,0.,-1.));
#7531=DIRECTION('',(0.577350269189628,-0.577350269189621,-0.577350269189628));
#7532=DIRECTION('',(0.,0.,-1.));
#7533=DIRECTION('center_axis',(0.,0.707106781186552,-0.707106781186543));
#7534=DIRECTION('ref_axis',(-1.,0.,0.));
#7535=DIRECTION('',(0.,0.707106781186543,0.707106781186552));
#7536=DIRECTION('',(-1.,0.,0.));
#7537=DIRECTION('center_axis',(0.,0.,1.));
#7538=DIRECTION('ref_axis',(-1.,0.,0.));
#7539=DIRECTION('',(0.,1.,0.));
#7540=DIRECTION('',(0.,-1.,0.));
#7541=DIRECTION('center_axis',(-1.,0.,0.));
#7542=DIRECTION('ref_axis',(0.,0.,-1.));
#7543=DIRECTION('',(0.,-1.,0.));
#7544=DIRECTION('center_axis',(0.,0.,1.));
#7545=DIRECTION('ref_axis',(-1.,0.,0.));
#7546=DIRECTION('',(0.,-1.,0.));
#7547=DIRECTION('center_axis',(1.,0.,0.));
#7548=DIRECTION('ref_axis',(0.,0.,1.));
#7549=DIRECTION('',(0.,-1.,0.));
#7550=DIRECTION('center_axis',(0.,0.,1.));
#7551=DIRECTION('ref_axis',(-1.,0.,0.));
#7552=DIRECTION('',(0.,-1.,0.));
#7553=DIRECTION('center_axis',(1.,0.,0.));
#7554=DIRECTION('ref_axis',(0.,0.,1.));
#7555=DIRECTION('',(0.,-1.,0.));
#7556=DIRECTION('center_axis',(0.,0.,1.));
#7557=DIRECTION('ref_axis',(-1.,0.,0.));
#7558=DIRECTION('',(0.,-1.,0.));
#7559=DIRECTION('center_axis',(-1.,0.,0.));
#7560=DIRECTION('ref_axis',(0.,0.,-1.));
#7561=DIRECTION('',(0.,-1.,0.));
#7562=DIRECTION('center_axis',(0.,0.,1.));
#7563=DIRECTION('ref_axis',(-1.,0.,0.));
#7564=DIRECTION('',(0.,-1.,0.));
#7565=DIRECTION('center_axis',(-1.,0.,0.));
#7566=DIRECTION('ref_axis',(0.,0.,-1.));
#7567=DIRECTION('',(0.,-1.,0.));
#7568=DIRECTION('center_axis',(0.,0.,1.));
#7569=DIRECTION('ref_axis',(-1.,0.,0.));
#7570=DIRECTION('',(0.,-1.,0.));
#7571=DIRECTION('',(0.,1.,0.));
#7572=DIRECTION('',(0.,1.,0.));
#7573=DIRECTION('center_axis',(-1.,0.,0.));
#7574=DIRECTION('ref_axis',(0.,0.,1.));
#7575=DIRECTION('',(0.,1.,0.));
#7576=DIRECTION('',(0.,0.,1.));
#7577=DIRECTION('',(0.,-1.,0.));
#7578=DIRECTION('center_axis',(0.,0.,1.));
#7579=DIRECTION('ref_axis',(1.,0.,0.));
#7580=DIRECTION('',(0.,1.,0.));
#7581=DIRECTION('',(-1.,0.,0.));
#7582=DIRECTION('center_axis',(0.,1.,0.));
#7583=DIRECTION('ref_axis',(-0.707106781186554,0.,0.707106781186541));
#7584=DIRECTION('',(0.,-1.,0.));
#7585=DIRECTION('center_axis',(0.,1.,0.));
#7586=DIRECTION('ref_axis',(-0.707106781186554,0.,0.707106781186541));
#7587=DIRECTION('center_axis',(-1.,0.,0.));
#7588=DIRECTION('ref_axis',(0.,0.,1.));
#7589=DIRECTION('',(0.,1.,0.));
#7590=DIRECTION('',(0.,0.,1.));
#7591=DIRECTION('center_axis',(1.,0.,0.));
#7592=DIRECTION('ref_axis',(0.,0.,1.));
#7593=DIRECTION('',(0.,-1.,0.));
#7594=DIRECTION('',(0.,-1.,0.));
#7595=DIRECTION('center_axis',(0.,0.,1.));
#7596=DIRECTION('ref_axis',(1.,0.,0.));
#7597=DIRECTION('',(0.,-1.,0.));
#7598=DIRECTION('',(1.,0.,0.));
#7599=DIRECTION('center_axis',(0.,0.,-1.));
#7600=DIRECTION('ref_axis',(1.,0.,0.));
#7601=DIRECTION('',(0.,-1.,0.));
#7602=DIRECTION('center_axis',(1.,0.,0.));
#7603=DIRECTION('ref_axis',(0.,0.,-1.));
#7604=DIRECTION('',(0.,1.,0.));
#7605=DIRECTION('',(0.,0.,-1.));
#7606=DIRECTION('center_axis',(1.,0.,0.));
#7607=DIRECTION('ref_axis',(0.,0.,1.));
#7608=DIRECTION('',(0.,-1.,0.));
#7609=DIRECTION('center_axis',(0.,1.,0.));
#7610=DIRECTION('ref_axis',(0.707106781186554,0.,0.707106781186541));
#7611=DIRECTION('',(0.,-1.,0.));
#7612=DIRECTION('center_axis',(0.,1.,0.));
#7613=DIRECTION('ref_axis',(0.707106781186554,0.,0.707106781186541));
#7614=DIRECTION('center_axis',(0.,0.,-1.));
#7615=DIRECTION('ref_axis',(1.,0.,0.));
#7616=DIRECTION('',(0.,-1.,0.));
#7617=DIRECTION('center_axis',(0.,0.,1.));
#7618=DIRECTION('ref_axis',(1.,0.,0.));
#7619=DIRECTION('',(0.,-1.,0.));
#7620=DIRECTION('',(1.,0.,0.));
#7621=DIRECTION('center_axis',(-1.,0.,0.));
#7622=DIRECTION('ref_axis',(0.,0.,-1.));
#7623=DIRECTION('',(0.,-1.,0.));
#7624=DIRECTION('center_axis',(1.,0.,0.));
#7625=DIRECTION('ref_axis',(0.,0.,-1.));
#7626=DIRECTION('',(0.,1.,0.));
#7627=DIRECTION('',(0.,0.,-1.));
#7628=DIRECTION('center_axis',(0.,0.,-1.));
#7629=DIRECTION('ref_axis',(1.,0.,0.));
#7630=DIRECTION('',(0.,-1.,0.));
#7631=DIRECTION('center_axis',(0.,1.,0.));
#7632=DIRECTION('ref_axis',(0.707106781186554,0.,0.707106781186541));
#7633=DIRECTION('',(0.,-1.,0.));
#7634=DIRECTION('center_axis',(0.,1.,0.));
#7635=DIRECTION('ref_axis',(0.707106781186554,0.,0.707106781186541));
#7636=DIRECTION('center_axis',(-1.,0.,0.));
#7637=DIRECTION('ref_axis',(0.,0.,-1.));
#7638=DIRECTION('center_axis',(0.,0.,1.));
#7639=DIRECTION('ref_axis',(1.,0.,0.));
#7640=DIRECTION('',(0.,1.,0.));
#7641=DIRECTION('',(-1.,0.,0.));
#7642=DIRECTION('center_axis',(0.,1.,0.));
#7643=DIRECTION('ref_axis',(-0.707106781186554,0.,0.707106781186541));
#7644=DIRECTION('',(0.,-1.,0.));
#7645=DIRECTION('center_axis',(0.,1.,0.));
#7646=DIRECTION('ref_axis',(-0.707106781186554,0.,0.707106781186541));
#7647=DIRECTION('center_axis',(0.999929145871898,0.,0.0119039168300243));
#7648=DIRECTION('ref_axis',(0.,-1.,0.));
#7649=DIRECTION('',(0.,-1.,0.));
#7650=DIRECTION('center_axis',(-1.,0.,0.));
#7651=DIRECTION('ref_axis',(0.,0.,1.));
#7652=DIRECTION('',(0.,1.,0.));
#7653=DIRECTION('',(0.,0.,1.));
#7654=DIRECTION('center_axis',(0.0119039168300243,0.,-0.999929145871898));
#7655=DIRECTION('ref_axis',(-0.999929145871898,0.,-0.0119039168300243));
#7656=DIRECTION('',(0.,1.,0.));
#7657=DIRECTION('center_axis',(0.,0.,1.));
#7658=DIRECTION('ref_axis',(1.,0.,0.));
#7659=DIRECTION('',(0.,1.,0.));
#7660=DIRECTION('',(-1.,0.,0.));
#7661=DIRECTION('center_axis',(-0.999929145871898,-3.37037740267766E-31,
-0.0119039168300243));
#7662=DIRECTION('ref_axis',(-2.51733381865098E-18,1.,2.11456068712523E-16));
#7663=DIRECTION('',(0.,1.,0.));
#7664=DIRECTION('center_axis',(0.,1.,0.));
#7665=DIRECTION('ref_axis',(-0.707106781186548,0.,0.707106781186548));
#7666=DIRECTION('',(0.,-1.,0.));
#7667=DIRECTION('center_axis',(0.,1.,0.));
#7668=DIRECTION('ref_axis',(-0.707106781186548,0.,0.707106781186548));
#7669=DIRECTION('center_axis',(0.0119039168300259,0.,-0.999929145871898));
#7670=DIRECTION('ref_axis',(0.999929145871898,0.,0.0119039168300259));
#7671=DIRECTION('',(0.,-1.,0.));
#7672=DIRECTION('center_axis',(-1.,0.,0.));
#7673=DIRECTION('ref_axis',(0.,0.,1.));
#7674=DIRECTION('',(0.,1.,0.));
#7675=DIRECTION('',(0.,0.,1.));
#7676=DIRECTION('center_axis',(0.,0.,-1.));
#7677=DIRECTION('ref_axis',(0.,-1.,0.));
#7678=DIRECTION('',(0.,-1.,0.));
#7679=DIRECTION('',(0.,-1.,0.));
#7680=DIRECTION('',(-1.,0.,0.));
#7681=DIRECTION('center_axis',(-0.0119039168300273,0.,0.999929145871898));
#7682=DIRECTION('ref_axis',(0.,1.,0.));
#7683=DIRECTION('',(0.,1.,0.));
#7684=DIRECTION('',(0.,1.,0.));
#7685=DIRECTION('',(-0.999929145871898,0.,-0.0119039168300273));
#7686=DIRECTION('',(0.,1.,0.));
#7687=DIRECTION('center_axis',(0.0119039168300272,0.,-0.999929145871898));
#7688=DIRECTION('ref_axis',(-0.999929145871898,0.,-0.0119039168300272));
#7689=DIRECTION('',(0.,-1.,0.));
#7690=DIRECTION('',(-0.999929145871898,0.,-0.0119039168300259));
#7691=DIRECTION('center_axis',(0.,1.,0.));
#7692=DIRECTION('ref_axis',(-0.707106781186554,0.,0.707106781186541));
#7693=DIRECTION('center_axis',(0.,1.,0.));
#7694=DIRECTION('ref_axis',(-0.707106781186554,0.,0.707106781186541));
#7695=DIRECTION('',(0.,1.,0.));
#7696=DIRECTION('center_axis',(0.,0.,1.));
#7697=DIRECTION('ref_axis',(1.,0.,0.));
#7698=DIRECTION('',(-1.,0.,0.));
#7699=DIRECTION('',(0.,-1.,0.));
#7700=DIRECTION('center_axis',(0.,1.,0.));
#7701=DIRECTION('ref_axis',(0.707106781186554,0.,0.707106781186541));
#7702=DIRECTION('center_axis',(0.,1.,0.));
#7703=DIRECTION('ref_axis',(0.707106781186554,0.,0.707106781186541));
#7704=DIRECTION('',(0.,1.,0.));
#7705=DIRECTION('center_axis',(0.,1.,0.));
#7706=DIRECTION('ref_axis',(-0.707106781186552,0.,-0.707106781186543));
#7707=DIRECTION('',(0.,-1.,0.));
#7708=DIRECTION('center_axis',(0.,1.,0.));
#7709=DIRECTION('ref_axis',(-0.707106781186552,0.,-0.707106781186543));
#7710=DIRECTION('',(0.,1.,0.));
#7711=DIRECTION('center_axis',(0.,0.,-1.));
#7712=DIRECTION('ref_axis',(-1.,0.,0.));
#7713=DIRECTION('',(0.,-1.,0.));
#7714=DIRECTION('',(-1.,0.,0.));
#7715=DIRECTION('center_axis',(0.,1.,0.));
#7716=DIRECTION('ref_axis',(-0.707106781186552,0.,-0.707106781186543));
#7717=DIRECTION('',(0.,-1.,0.));
#7718=DIRECTION('center_axis',(0.,1.,0.));
#7719=DIRECTION('ref_axis',(-0.707106781186552,0.,-0.707106781186543));
#7720=DIRECTION('',(0.,1.,0.));
#7721=DIRECTION('center_axis',(0.,0.,-1.));
#7722=DIRECTION('ref_axis',(-1.,0.,0.));
#7723=DIRECTION('',(0.,1.,0.));
#7724=DIRECTION('',(1.,0.,0.));
#7725=DIRECTION('center_axis',(0.,1.,0.));
#7726=DIRECTION('ref_axis',(0.707106781186552,0.,-0.707106781186543));
#7727=DIRECTION('',(0.,-1.,0.));
#7728=DIRECTION('center_axis',(0.,1.,0.));
#7729=DIRECTION('ref_axis',(0.707106781186552,0.,-0.707106781186543));
#7730=DIRECTION('center_axis',(1.,0.,0.));
#7731=DIRECTION('ref_axis',(0.,0.,-1.));
#7732=DIRECTION('',(0.,1.,0.));
#7733=DIRECTION('',(0.,0.,-1.));
#7734=DIRECTION('center_axis',(0.,1.,0.));
#7735=DIRECTION('ref_axis',(0.707106781186552,0.,-0.707106781186543));
#7736=DIRECTION('',(0.,-1.,0.));
#7737=DIRECTION('center_axis',(0.,1.,0.));
#7738=DIRECTION('ref_axis',(0.707106781186552,0.,-0.707106781186543));
#7739=DIRECTION('',(0.,1.,0.));
#7740=DIRECTION('center_axis',(1.,0.,0.));
#7741=DIRECTION('ref_axis',(0.,0.,-1.));
#7742=DIRECTION('',(0.,1.,0.));
#7743=DIRECTION('',(0.,0.,-1.));
#7744=DIRECTION('center_axis',(0.,1.,0.));
#7745=DIRECTION('ref_axis',(0.707106781186552,0.,-0.707106781186543));
#7746=DIRECTION('',(0.,-1.,0.));
#7747=DIRECTION('center_axis',(0.,1.,0.));
#7748=DIRECTION('ref_axis',(0.707106781186552,0.,-0.707106781186543));
#7749=DIRECTION('',(0.,1.,0.));
#7750=DIRECTION('center_axis',(1.,0.,0.));
#7751=DIRECTION('ref_axis',(0.,0.,-1.));
#7752=DIRECTION('',(0.,0.,-1.));
#7753=DIRECTION('center_axis',(1.,0.,0.));
#7754=DIRECTION('ref_axis',(0.,0.,1.));
#7755=DIRECTION('',(0.,-1.,0.));
#7756=DIRECTION('center_axis',(0.,0.,-1.));
#7757=DIRECTION('ref_axis',(1.,0.,0.));
#7758=DIRECTION('center_axis',(-1.,0.,0.));
#7759=DIRECTION('ref_axis',(0.,0.,-1.));
#7760=DIRECTION('center_axis',(-1.,0.,0.));
#7761=DIRECTION('ref_axis',(0.,0.,1.));
#7762=DIRECTION('',(0.,0.,1.));
#7763=DIRECTION('center_axis',(-1.,0.,0.));
#7764=DIRECTION('ref_axis',(0.,0.,1.));
#7765=DIRECTION('',(0.,0.,1.));
#7766=DIRECTION('center_axis',(0.,0.,-1.));
#7767=DIRECTION('ref_axis',(-1.,0.,0.));
#7768=DIRECTION('',(1.,0.,0.));
#7769=DIRECTION('center_axis',(0.,0.,-1.));
#7770=DIRECTION('ref_axis',(-1.,0.,0.));
#7771=DIRECTION('',(1.,0.,0.));
#7772=DIRECTION('center_axis',(0.,-1.,0.));
#7773=DIRECTION('ref_axis',(0.,0.,-1.));
#7774=DIRECTION('center_axis',(0.,0.,1.));
#7775=DIRECTION('ref_axis',(1.,0.,0.));
#7776=DIRECTION('',(1.,0.,0.));
#7777=DIRECTION('',(0.,-1.,0.));
#7778=DIRECTION('',(1.,0.,0.));
#7779=DIRECTION('',(0.,1.,0.));
#7780=DIRECTION('center_axis',(-1.,0.,0.));
#7781=DIRECTION('ref_axis',(0.,0.,1.));
#7782=DIRECTION('',(0.,0.,1.));
#7783=DIRECTION('',(0.,0.,1.));
#7784=DIRECTION('',(0.,1.,0.));
#7785=DIRECTION('center_axis',(0.,0.,-1.));
#7786=DIRECTION('ref_axis',(-1.,0.,0.));
#7787=DIRECTION('',(-1.,0.,0.));
#7788=DIRECTION('',(-1.,0.,0.));
#7789=DIRECTION('',(0.,1.,0.));
#7790=DIRECTION('center_axis',(-1.,0.,0.));
#7791=DIRECTION('ref_axis',(0.,0.,1.));
#7792=DIRECTION('',(0.,0.,1.));
#7793=DIRECTION('',(0.,1.,0.));
#7794=DIRECTION('',(0.,0.,-1.));
#7795=DIRECTION('center_axis',(-1.,0.,0.));
#7796=DIRECTION('ref_axis',(0.,0.,1.));
#7797=DIRECTION('',(0.,0.,-1.));
#7798=DIRECTION('',(0.,1.,0.));
#7799=DIRECTION('',(0.,0.,1.));
#7800=DIRECTION('center_axis',(1.,0.,0.));
#7801=DIRECTION('ref_axis',(0.,0.,-1.));
#7802=DIRECTION('',(0.,0.,1.));
#7803=DIRECTION('',(0.,1.,0.));
#7804=DIRECTION('',(0.,0.,-1.));
#7805=DIRECTION('',(0.,1.,0.));
#7806=DIRECTION('center_axis',(0.,0.,-1.));
#7807=DIRECTION('ref_axis',(-1.,0.,0.));
#7808=DIRECTION('',(1.,0.,0.));
#7809=DIRECTION('',(-1.,0.,0.));
#7810=DIRECTION('center_axis',(0.,0.,1.));
#7811=DIRECTION('ref_axis',(1.,0.,0.));
#7812=DIRECTION('',(-1.,0.,0.));
#7813=DIRECTION('',(-1.,0.,0.));
#7814=DIRECTION('',(1.,0.,0.));
#7815=DIRECTION('',(1.,0.,0.));
#7816=DIRECTION('',(0.,1.,0.));
#7817=DIRECTION('center_axis',(-1.,0.,2.36849350773199E-15));
#7818=DIRECTION('ref_axis',(2.36849350773199E-15,0.,1.));
#7819=DIRECTION('',(-2.36849350773199E-15,0.,-1.));
#7820=DIRECTION('',(2.36849350773199E-15,0.,1.));
#7821=DIRECTION('',(0.,1.,0.));
#7822=DIRECTION('center_axis',(0.,0.,-1.));
#7823=DIRECTION('ref_axis',(-1.,0.,0.));
#7824=DIRECTION('',(1.,0.,0.));
#7825=DIRECTION('',(-1.,0.,0.));
#7826=DIRECTION('center_axis',(0.,1.,0.));
#7827=DIRECTION('ref_axis',(0.,0.,1.));
#7828=DIRECTION('center_axis',(0.,1.,0.));
#7829=DIRECTION('ref_axis',(-1.,0.,0.));
#7830=DIRECTION('center_axis',(-1.,0.,0.));
#7831=DIRECTION('ref_axis',(0.,0.,1.));
#7832=DIRECTION('',(0.,0.,-1.));
#7833=DIRECTION('',(0.,1.,0.));
#7834=DIRECTION('',(0.,0.,1.));
#7835=DIRECTION('',(0.,1.,0.));
#7836=DIRECTION('center_axis',(0.,0.,-1.));
#7837=DIRECTION('ref_axis',(-1.,0.,0.));
#7838=DIRECTION('',(1.,0.,0.));
#7839=DIRECTION('',(-1.,0.,0.));
#7840=DIRECTION('',(0.,1.,0.));
#7841=DIRECTION('center_axis',(1.,0.,0.));
#7842=DIRECTION('ref_axis',(0.,0.,-1.));
#7843=DIRECTION('',(0.,0.,1.));
#7844=DIRECTION('',(0.,0.,-1.));
#7845=DIRECTION('',(0.,1.,0.));
#7846=DIRECTION('center_axis',(0.,0.,1.));
#7847=DIRECTION('ref_axis',(1.,0.,0.));
#7848=DIRECTION('',(-1.,0.,0.));
#7849=DIRECTION('',(1.,0.,0.));
#7850=DIRECTION('center_axis',(0.,1.,0.));
#7851=DIRECTION('ref_axis',(0.,0.,1.));
#7852=DIRECTION('center_axis',(0.,1.,0.));
#7853=DIRECTION('ref_axis',(-1.,0.,0.));
#7854=DIRECTION('center_axis',(0.,1.,0.));
#7855=DIRECTION('ref_axis',(-1.,0.,0.));
#7856=DIRECTION('center_axis',(0.,1.,0.));
#7857=DIRECTION('ref_axis',(-1.,0.,0.));
#7858=DIRECTION('',(0.,-1.,0.));
#7859=DIRECTION('center_axis',(0.,1.,0.));
#7860=DIRECTION('ref_axis',(-1.,0.,0.));
#7861=DIRECTION('center_axis',(0.,1.,0.));
#7862=DIRECTION('ref_axis',(-1.,0.,0.));
#7863=DIRECTION('center_axis',(0.,1.,0.));
#7864=DIRECTION('ref_axis',(-1.,0.,0.));
#7865=DIRECTION('center_axis',(0.,1.,0.));
#7866=DIRECTION('ref_axis',(-1.,0.,0.));
#7867=DIRECTION('center_axis',(0.,1.,0.));
#7868=DIRECTION('ref_axis',(-1.,0.,0.));
#7869=DIRECTION('',(0.,-1.,0.));
#7870=DIRECTION('center_axis',(0.,1.,0.));
#7871=DIRECTION('ref_axis',(-1.,0.,0.));
#7872=DIRECTION('center_axis',(0.,1.,0.));
#7873=DIRECTION('ref_axis',(-1.,0.,0.));
#7874=DIRECTION('center_axis',(0.,1.,0.));
#7875=DIRECTION('ref_axis',(-1.,0.,0.));
#7876=DIRECTION('center_axis',(0.,1.,0.));
#7877=DIRECTION('ref_axis',(-1.,0.,0.));
#7878=DIRECTION('center_axis',(0.,1.,0.));
#7879=DIRECTION('ref_axis',(-1.,0.,0.));
#7880=DIRECTION('',(0.,-1.,0.));
#7881=DIRECTION('center_axis',(0.,1.,0.));
#7882=DIRECTION('ref_axis',(-1.,0.,0.));
#7883=DIRECTION('center_axis',(0.,1.,0.));
#7884=DIRECTION('ref_axis',(-1.,0.,0.));
#7885=DIRECTION('center_axis',(0.,1.,0.));
#7886=DIRECTION('ref_axis',(-1.,0.,0.));
#7887=DIRECTION('center_axis',(0.,1.,0.));
#7888=DIRECTION('ref_axis',(-1.,0.,0.));
#7889=DIRECTION('center_axis',(0.,1.,0.));
#7890=DIRECTION('ref_axis',(-1.,0.,0.));
#7891=DIRECTION('',(0.,-1.,0.));
#7892=DIRECTION('center_axis',(0.,1.,0.));
#7893=DIRECTION('ref_axis',(-1.,0.,0.));
#7894=DIRECTION('center_axis',(0.,1.,0.));
#7895=DIRECTION('ref_axis',(-1.,0.,0.));
#7896=DIRECTION('center_axis',(0.,1.,0.));
#7897=DIRECTION('ref_axis',(-1.,0.,0.));
#7898=DIRECTION('center_axis',(0.,1.,0.));
#7899=DIRECTION('ref_axis',(-1.,0.,0.));
#7900=DIRECTION('center_axis',(0.,1.,0.));
#7901=DIRECTION('ref_axis',(-1.,0.,0.));
#7902=DIRECTION('',(0.,-1.,0.));
#7903=DIRECTION('center_axis',(0.,1.,0.));
#7904=DIRECTION('ref_axis',(-1.,0.,0.));
#7905=DIRECTION('center_axis',(0.,1.,0.));
#7906=DIRECTION('ref_axis',(-1.,0.,0.));
#7907=DIRECTION('center_axis',(0.,1.,0.));
#7908=DIRECTION('ref_axis',(-1.,0.,0.));
#7909=DIRECTION('center_axis',(0.,1.,0.));
#7910=DIRECTION('ref_axis',(-1.,0.,0.));
#7911=DIRECTION('center_axis',(0.,1.,0.));
#7912=DIRECTION('ref_axis',(-1.,0.,0.));
#7913=DIRECTION('',(0.,-1.,0.));
#7914=DIRECTION('center_axis',(0.,1.,0.));
#7915=DIRECTION('ref_axis',(-1.,0.,0.));
#7916=DIRECTION('center_axis',(0.,1.,0.));
#7917=DIRECTION('ref_axis',(-1.,0.,0.));
#7918=DIRECTION('center_axis',(0.,1.,0.));
#7919=DIRECTION('ref_axis',(-1.,0.,0.));
#7920=DIRECTION('center_axis',(0.,-1.,0.));
#7921=DIRECTION('ref_axis',(0.,0.,-1.));
#7922=DIRECTION('',(0.,0.,-1.));
#7923=DIRECTION('',(0.999929145871898,0.,0.0119039168300259));
#7924=DIRECTION('',(0.0119039168300243,0.,-0.999929145871898));
#7925=DIRECTION('',(-0.999929145871898,2.98995724496069E-16,-0.0119039168300259));
#7926=DIRECTION('',(0.0119039168300243,0.,-0.999929145871898));
#7927=DIRECTION('',(0.999929145871898,0.,0.0119039168300259));
#7928=DIRECTION('',(0.,0.,-1.));
#7929=DIRECTION('',(-1.,0.,0.));
#7930=DIRECTION('',(0.,0.,-1.));
#7931=DIRECTION('',(-1.,0.,0.));
#7932=DIRECTION('',(0.,0.,1.));
#7933=DIRECTION('',(-1.,0.,0.));
#7934=DIRECTION('',(0.,0.,1.));
#7935=DIRECTION('',(-1.,0.,0.));
#7936=DIRECTION('',(0.,0.,-1.));
#7937=DIRECTION('',(-1.,0.,0.));
#7938=DIRECTION('',(0.,0.,-1.));
#7939=DIRECTION('',(-1.,0.,0.));
#7940=DIRECTION('',(0.,0.,1.));
#7941=DIRECTION('',(1.,0.,0.));
#7942=DIRECTION('',(0.,0.,1.));
#7943=DIRECTION('',(1.,0.,0.));
#7944=DIRECTION('',(0.,0.,1.));
#7945=DIRECTION('',(1.,0.,0.));
#7946=DIRECTION('',(0.,0.,-1.));
#7947=DIRECTION('',(1.,0.,0.));
#7948=DIRECTION('',(0.,0.,-1.));
#7949=DIRECTION('',(0.999929145871898,0.,0.0119039168300259));
#7950=DIRECTION('',(0.,0.,1.));
#7951=DIRECTION('',(-1.,0.,0.));
#7952=DIRECTION('center_axis',(0.0119039168300259,0.,-0.999929145871898));
#7953=DIRECTION('ref_axis',(0.999929145871898,0.,0.0119039168300259));
#7954=DIRECTION('',(0.,1.,0.));
#7955=DIRECTION('',(0.999929145871898,0.,0.0119039168300259));
#7956=DIRECTION('',(0.,-1.,0.));
#7957=DIRECTION('',(0.,-1.,0.));
#7958=DIRECTION('',(0.999929145871898,0.,0.0119039168300259));
#7959=DIRECTION('',(0.,-1.,0.));
#7960=DIRECTION('center_axis',(-1.,0.,0.));
#7961=DIRECTION('ref_axis',(0.,0.,1.));
#7962=DIRECTION('',(0.,1.,0.));
#7963=DIRECTION('',(0.,0.,-1.));
#7964=DIRECTION('center_axis',(1.,0.,0.));
#7965=DIRECTION('ref_axis',(0.,0.,-1.));
#7966=DIRECTION('',(0.,0.,-1.));
#7967=DIRECTION('',(0.,1.,0.));
#7968=DIRECTION('center_axis',(0.,0.,1.));
#7969=DIRECTION('ref_axis',(1.,0.,0.));
#7970=DIRECTION('',(1.,0.,0.));
#7971=DIRECTION('center_axis',(0.,1.,0.));
#7972=DIRECTION('ref_axis',(0.,0.,1.));
#7973=DIRECTION('center_axis',(-0.00841734031319199,0.707106781186546,0.707056679752094));
#7974=DIRECTION('ref_axis',(0.999929145871898,0.,0.0119039168300259));
#7975=DIRECTION('',(-0.57504563308518,0.575045633085182,-0.581932160770761));
#7976=DIRECTION('',(-0.999929145871898,0.,-0.0119039168300259));
#7977=DIRECTION('',(-0.584182091125916,-0.577350269189629,0.570436631953467));
#7978=DIRECTION('center_axis',(-0.707056679752095,0.707106781186544,-0.00841734031319088));
#7979=DIRECTION('ref_axis',(-0.0119039168300243,0.,0.999929145871898));
#7980=DIRECTION('',(0.0119039168300243,0.,-0.999929145871898));
#7981=DIRECTION('',(-0.584182091125917,-0.577350269189628,0.570436631953467));
#7982=DIRECTION('',(-0.0119039168300243,0.,0.999929145871898));
#7983=DIRECTION('center_axis',(-0.00841734031319086,0.707106781186546,0.707056679752094));
#7984=DIRECTION('ref_axis',(0.999929145871898,0.,0.0119039168300243));
#7985=DIRECTION('',(-0.999929145871898,0.,-0.0119039168300243));
#7986=DIRECTION('',(0.57043663195347,-0.577350269189628,0.584182091125914));
#7987=DIRECTION('',(0.999929145871898,0.,0.0119039168300243));
#7988=DIRECTION('center_axis',(0.707056679752092,0.707106781186547,0.00841734031319084));
#7989=DIRECTION('ref_axis',(0.0119039168300243,0.,-0.999929145871898));
#7990=DIRECTION('',(-0.0119039168300243,0.,0.999929145871898));
#7991=DIRECTION('',(0.707056679752091,-0.707106781186548,0.00841734031319196));
#7992=DIRECTION('',(0.0119039168300243,0.,-0.999929145871898));
#7993=DIRECTION('center_axis',(0.,1.,0.));
#7994=DIRECTION('ref_axis',(0.,0.,1.));
#7995=DIRECTION('',(0.,0.,1.));
#7996=DIRECTION('',(-1.,0.,0.));
#7997=DIRECTION('',(0.,0.,1.));
#7998=DIRECTION('',(-1.,0.,0.));
#7999=DIRECTION('',(0.,0.,-1.));
#8000=DIRECTION('',(-1.,0.,0.));
#8001=DIRECTION('',(0.,0.,-1.));
#8002=DIRECTION('',(-1.,0.,0.));
#8003=DIRECTION('',(0.,0.,1.));
#8004=DIRECTION('',(1.,0.,0.));
#8005=DIRECTION('',(0.,0.,1.));
#8006=DIRECTION('',(1.,0.,0.));
#8007=DIRECTION('',(0.,0.,1.));
#8008=DIRECTION('',(1.,0.,0.));
#8009=DIRECTION('',(0.,0.,-1.));
#8010=DIRECTION('',(1.,0.,0.));
#8011=DIRECTION('',(0.,0.,-1.));
#8012=DIRECTION('',(1.,0.,0.));
#8013=DIRECTION('',(0.,0.,1.));
#8014=DIRECTION('',(1.,0.,0.));
#8015=DIRECTION('',(0.,0.,-1.));
#8016=DIRECTION('',(-1.,0.,0.));
#8017=DIRECTION('',(0.,0.,1.));
#8018=DIRECTION('center_axis',(0.,1.,0.));
#8019=DIRECTION('ref_axis',(-0.707106781186548,0.,0.707106781186548));
#8020=DIRECTION('',(1.,0.,0.));
#8021=DIRECTION('',(0.,0.,1.));
#8022=DIRECTION('center_axis',(0.,1.,0.));
#8023=DIRECTION('ref_axis',(-0.707106781186554,0.,0.707106781186541));
#8024=DIRECTION('',(1.,0.,0.));
#8025=DIRECTION('center_axis',(0.,1.,0.));
#8026=DIRECTION('ref_axis',(0.707106781186554,0.,0.707106781186541));
#8027=DIRECTION('',(0.,0.,-1.));
#8028=DIRECTION('',(1.,0.,0.));
#8029=DIRECTION('center_axis',(0.,1.,0.));
#8030=DIRECTION('ref_axis',(0.707106781186554,0.,0.707106781186541));
#8031=DIRECTION('',(0.,0.,-1.));
#8032=DIRECTION('',(1.,0.,0.));
#8033=DIRECTION('',(0.,0.,1.));
#8034=DIRECTION('center_axis',(0.,1.,0.));
#8035=DIRECTION('ref_axis',(-0.707106781186554,0.,0.707106781186541));
#8036=DIRECTION('',(1.,0.,0.));
#8037=DIRECTION('',(0.,0.,1.));
#8038=DIRECTION('center_axis',(0.,1.,0.));
#8039=DIRECTION('ref_axis',(-0.707106781186554,0.,0.707106781186541));
#8040=DIRECTION('',(1.,0.,0.));
#8041=DIRECTION('center_axis',(0.,1.,0.));
#8042=DIRECTION('ref_axis',(0.707106781186554,0.,0.707106781186541));
#8043=DIRECTION('',(0.,0.,-1.));
#8044=DIRECTION('center_axis',(0.,1.,0.));
#8045=DIRECTION('ref_axis',(0.707106781186552,0.,-0.707106781186543));
#8046=DIRECTION('',(-1.,0.,0.));
#8047=DIRECTION('',(0.,0.,-1.));
#8048=DIRECTION('center_axis',(0.,1.,0.));
#8049=DIRECTION('ref_axis',(0.707106781186552,0.,-0.707106781186543));
#8050=DIRECTION('',(-1.,0.,0.));
#8051=DIRECTION('',(0.,0.,-1.));
#8052=DIRECTION('center_axis',(0.,1.,0.));
#8053=DIRECTION('ref_axis',(0.707106781186552,0.,-0.707106781186543));
#8054=DIRECTION('',(-1.,0.,0.));
#8055=DIRECTION('center_axis',(0.,1.,0.));
#8056=DIRECTION('ref_axis',(-0.707106781186552,0.,-0.707106781186543));
#8057=DIRECTION('',(0.,0.,1.));
#8058=DIRECTION('',(-1.,0.,0.));
#8059=DIRECTION('center_axis',(0.,1.,0.));
#8060=DIRECTION('ref_axis',(-0.707106781186552,0.,-0.707106781186543));
#8061=DIRECTION('',(0.,0.,1.));
#8062=DIRECTION('',(-0.999929145871898,0.,-0.0119039168300272));
#8063=DIRECTION('',(0.999929145871898,0.,0.0119039168300273));
#8064=DIRECTION('',(0.999929145871898,0.,0.0119039168300259));
#8065=DIRECTION('center_axis',(0.,0.707106781186546,0.707106781186549));
#8066=DIRECTION('ref_axis',(1.,0.,0.));
#8067=DIRECTION('',(1.,0.,0.));
#8068=DIRECTION('',(0.,-0.707106781186549,0.707106781186546));
#8069=DIRECTION('',(-0.577350269189632,-0.577350269189624,0.577350269189622));
#8070=DIRECTION('center_axis',(-0.707106781186543,0.707106781186552,0.));
#8071=DIRECTION('ref_axis',(0.,0.,1.));
#8072=DIRECTION('',(-0.577350269189632,-0.577350269189624,0.577350269189622));
#8073=DIRECTION('',(0.,0.,1.));
#8074=DIRECTION('center_axis',(0.,0.707106781186546,0.707106781186549));
#8075=DIRECTION('ref_axis',(1.,0.,0.));
#8076=DIRECTION('',(-0.577350269189632,-0.577350269189624,0.577350269189622));
#8077=DIRECTION('',(1.,0.,0.));
#8078=DIRECTION('center_axis',(-0.707106781186543,0.707106781186552,0.));
#8079=DIRECTION('ref_axis',(0.,0.,1.));
#8080=DIRECTION('',(-0.577350269189632,-0.577350269189624,0.577350269189622));
#8081=DIRECTION('',(0.,0.,1.));
#8082=DIRECTION('center_axis',(0.,0.707106781186546,0.707106781186549));
#8083=DIRECTION('ref_axis',(1.,0.,0.));
#8084=DIRECTION('',(0.577350269189625,-0.577350269189628,0.577350269189625));
#8085=DIRECTION('',(1.,0.,0.));
#8086=DIRECTION('center_axis',(0.707106781186549,0.707106781186546,0.));
#8087=DIRECTION('ref_axis',(0.,0.,-1.));
#8088=DIRECTION('',(0.577350269189625,-0.577350269189628,0.577350269189625));
#8089=DIRECTION('',(0.,0.,-1.));
#8090=DIRECTION('center_axis',(0.,0.707106781186546,0.707106781186549));
#8091=DIRECTION('ref_axis',(1.,0.,0.));
#8092=DIRECTION('',(0.577350269189625,-0.577350269189628,0.577350269189625));
#8093=DIRECTION('',(1.,0.,0.));
#8094=DIRECTION('center_axis',(0.707106781186549,0.707106781186546,0.));
#8095=DIRECTION('ref_axis',(0.,0.,-1.));
#8096=DIRECTION('',(0.,0.,-1.));
#8097=DIRECTION('center_axis',(0.,0.707106781186552,-0.707106781186543));
#8098=DIRECTION('ref_axis',(-1.,0.,0.));
#8099=DIRECTION('',(-1.,0.,0.));
#8100=DIRECTION('',(0.,-0.707106781186543,-0.707106781186552));
#8101=DIRECTION('',(0.577350269189622,-0.577350269189624,-0.577350269189632));
#8102=DIRECTION('center_axis',(0.707106781186549,0.707106781186546,0.));
#8103=DIRECTION('ref_axis',(0.,0.,-1.));
#8104=DIRECTION('',(0.577350269189622,-0.577350269189624,-0.577350269189632));
#8105=DIRECTION('',(0.,0.,-1.));
#8106=DIRECTION('center_axis',(0.,0.707106781186552,-0.707106781186543));
#8107=DIRECTION('ref_axis',(-1.,0.,0.));
#8108=DIRECTION('',(-0.577350269189622,-0.577350269189624,-0.577350269189632));
#8109=DIRECTION('',(-1.,0.,0.));
#8110=DIRECTION('center_axis',(-0.707106781186549,0.707106781186546,0.));
#8111=DIRECTION('ref_axis',(0.,0.,1.));
#8112=DIRECTION('',(-0.577350269189622,-0.577350269189624,-0.577350269189632));
#8113=DIRECTION('',(0.,0.,1.));
#8114=DIRECTION('center_axis',(0.,0.707106781186552,-0.707106781186543));
#8115=DIRECTION('ref_axis',(-1.,0.,0.));
#8116=DIRECTION('',(-0.577350269189622,-0.577350269189624,-0.577350269189632));
#8117=DIRECTION('',(-1.,0.,0.));
#8118=DIRECTION('center_axis',(-0.707106781186549,0.707106781186546,0.));
#8119=DIRECTION('ref_axis',(0.,0.,1.));
#8120=DIRECTION('',(-0.577350269189622,-0.577350269189624,-0.577350269189632));
#8121=DIRECTION('',(0.,0.,1.));
#8122=DIRECTION('center_axis',(0.,0.707106781186552,-0.707106781186543));
#8123=DIRECTION('ref_axis',(-1.,0.,0.));
#8124=DIRECTION('',(0.577350269189628,-0.577350269189621,-0.577350269189628));
#8125=DIRECTION('',(-1.,0.,0.));
#8126=DIRECTION('center_axis',(0.707106781186543,0.707106781186552,0.));
#8127=DIRECTION('ref_axis',(0.,0.,-1.));
#8128=DIRECTION('',(0.577350269189628,-0.577350269189621,-0.577350269189628));
#8129=DIRECTION('',(0.,0.,-1.));
#8130=DIRECTION('center_axis',(0.,0.707106781186552,-0.707106781186543));
#8131=DIRECTION('ref_axis',(-1.,0.,0.));
#8132=DIRECTION('',(0.577350269189628,-0.577350269189621,-0.577350269189628));
#8133=DIRECTION('',(-1.,0.,0.));
#8134=DIRECTION('center_axis',(0.707106781186543,0.707106781186552,0.));
#8135=DIRECTION('ref_axis',(0.,0.,-1.));
#8136=DIRECTION('',(0.577350269189628,-0.577350269189621,-0.577350269189628));
#8137=DIRECTION('',(0.,0.,-1.));
#8138=DIRECTION('center_axis',(0.,0.707106781186552,-0.707106781186543));
#8139=DIRECTION('ref_axis',(-1.,0.,0.));
#8140=DIRECTION('',(0.,0.707106781186543,0.707106781186552));
#8141=DIRECTION('',(-1.,0.,0.));
#8142=DIRECTION('center_axis',(0.,0.,1.));
#8143=DIRECTION('ref_axis',(-1.,0.,0.));
#8144=DIRECTION('',(0.,1.,0.));
#8145=DIRECTION('',(0.,-1.,0.));
#8146=DIRECTION('center_axis',(-1.,0.,0.));
#8147=DIRECTION('ref_axis',(0.,0.,-1.));
#8148=DIRECTION('',(0.,-1.,0.));
#8149=DIRECTION('center_axis',(0.,0.,1.));
#8150=DIRECTION('ref_axis',(-1.,0.,0.));
#8151=DIRECTION('',(0.,-1.,0.));
#8152=DIRECTION('center_axis',(1.,0.,0.));
#8153=DIRECTION('ref_axis',(0.,0.,1.));
#8154=DIRECTION('',(0.,-1.,0.));
#8155=DIRECTION('center_axis',(0.,0.,1.));
#8156=DIRECTION('ref_axis',(-1.,0.,0.));
#8157=DIRECTION('',(0.,-1.,0.));
#8158=DIRECTION('center_axis',(1.,0.,0.));
#8159=DIRECTION('ref_axis',(0.,0.,1.));
#8160=DIRECTION('',(0.,-1.,0.));
#8161=DIRECTION('center_axis',(0.,0.,1.));
#8162=DIRECTION('ref_axis',(-1.,0.,0.));
#8163=DIRECTION('',(0.,-1.,0.));
#8164=DIRECTION('center_axis',(-1.,0.,0.));
#8165=DIRECTION('ref_axis',(0.,0.,-1.));
#8166=DIRECTION('',(0.,-1.,0.));
#8167=DIRECTION('center_axis',(0.,0.,1.));
#8168=DIRECTION('ref_axis',(-1.,0.,0.));
#8169=DIRECTION('',(0.,-1.,0.));
#8170=DIRECTION('center_axis',(-1.,0.,0.));
#8171=DIRECTION('ref_axis',(0.,0.,-1.));
#8172=DIRECTION('',(0.,-1.,0.));
#8173=DIRECTION('center_axis',(0.,0.,1.));
#8174=DIRECTION('ref_axis',(-1.,0.,0.));
#8175=DIRECTION('',(0.,-1.,0.));
#8176=DIRECTION('',(0.,1.,0.));
#8177=DIRECTION('',(0.,1.,0.));
#8178=DIRECTION('center_axis',(-1.,0.,0.));
#8179=DIRECTION('ref_axis',(0.,0.,1.));
#8180=DIRECTION('',(0.,1.,0.));
#8181=DIRECTION('',(0.,0.,1.));
#8182=DIRECTION('',(0.,-1.,0.));
#8183=DIRECTION('center_axis',(0.,0.,1.));
#8184=DIRECTION('ref_axis',(1.,0.,0.));
#8185=DIRECTION('',(0.,1.,0.));
#8186=DIRECTION('',(-1.,0.,0.));
#8187=DIRECTION('center_axis',(0.,1.,0.));
#8188=DIRECTION('ref_axis',(-0.707106781186554,0.,0.707106781186541));
#8189=DIRECTION('',(0.,-1.,0.));
#8190=DIRECTION('center_axis',(0.,1.,0.));
#8191=DIRECTION('ref_axis',(-0.707106781186554,0.,0.707106781186541));
#8192=DIRECTION('center_axis',(-1.,0.,0.));
#8193=DIRECTION('ref_axis',(0.,0.,1.));
#8194=DIRECTION('',(0.,1.,0.));
#8195=DIRECTION('',(0.,0.,1.));
#8196=DIRECTION('center_axis',(1.,0.,0.));
#8197=DIRECTION('ref_axis',(0.,0.,1.));
#8198=DIRECTION('',(0.,-1.,0.));
#8199=DIRECTION('',(0.,-1.,0.));
#8200=DIRECTION('center_axis',(0.,0.,1.));
#8201=DIRECTION('ref_axis',(1.,0.,0.));
#8202=DIRECTION('',(0.,-1.,0.));
#8203=DIRECTION('',(1.,0.,0.));
#8204=DIRECTION('center_axis',(0.,0.,-1.));
#8205=DIRECTION('ref_axis',(1.,0.,0.));
#8206=DIRECTION('',(0.,-1.,0.));
#8207=DIRECTION('center_axis',(1.,0.,0.));
#8208=DIRECTION('ref_axis',(0.,0.,-1.));
#8209=DIRECTION('',(0.,1.,0.));
#8210=DIRECTION('',(0.,0.,-1.));
#8211=DIRECTION('center_axis',(1.,0.,0.));
#8212=DIRECTION('ref_axis',(0.,0.,1.));
#8213=DIRECTION('',(0.,-1.,0.));
#8214=DIRECTION('center_axis',(0.,1.,0.));
#8215=DIRECTION('ref_axis',(0.707106781186554,0.,0.707106781186541));
#8216=DIRECTION('',(0.,-1.,0.));
#8217=DIRECTION('center_axis',(0.,1.,0.));
#8218=DIRECTION('ref_axis',(0.707106781186554,0.,0.707106781186541));
#8219=DIRECTION('center_axis',(0.,0.,-1.));
#8220=DIRECTION('ref_axis',(1.,0.,0.));
#8221=DIRECTION('',(0.,-1.,0.));
#8222=DIRECTION('center_axis',(0.,0.,1.));
#8223=DIRECTION('ref_axis',(1.,0.,0.));
#8224=DIRECTION('',(0.,-1.,0.));
#8225=DIRECTION('',(1.,0.,0.));
#8226=DIRECTION('center_axis',(-1.,0.,0.));
#8227=DIRECTION('ref_axis',(0.,0.,-1.));
#8228=DIRECTION('',(0.,-1.,0.));
#8229=DIRECTION('center_axis',(1.,0.,0.));
#8230=DIRECTION('ref_axis',(0.,0.,-1.));
#8231=DIRECTION('',(0.,1.,0.));
#8232=DIRECTION('',(0.,0.,-1.));
#8233=DIRECTION('center_axis',(0.,0.,-1.));
#8234=DIRECTION('ref_axis',(1.,0.,0.));
#8235=DIRECTION('',(0.,-1.,0.));
#8236=DIRECTION('center_axis',(0.,1.,0.));
#8237=DIRECTION('ref_axis',(0.707106781186554,0.,0.707106781186541));
#8238=DIRECTION('',(0.,-1.,0.));
#8239=DIRECTION('center_axis',(0.,1.,0.));
#8240=DIRECTION('ref_axis',(0.707106781186554,0.,0.707106781186541));
#8241=DIRECTION('center_axis',(-1.,0.,0.));
#8242=DIRECTION('ref_axis',(0.,0.,-1.));
#8243=DIRECTION('center_axis',(0.,0.,1.));
#8244=DIRECTION('ref_axis',(1.,0.,0.));
#8245=DIRECTION('',(0.,1.,0.));
#8246=DIRECTION('',(-1.,0.,0.));
#8247=DIRECTION('center_axis',(0.,1.,0.));
#8248=DIRECTION('ref_axis',(-0.707106781186554,0.,0.707106781186541));
#8249=DIRECTION('',(0.,-1.,0.));
#8250=DIRECTION('center_axis',(0.,1.,0.));
#8251=DIRECTION('ref_axis',(-0.707106781186554,0.,0.707106781186541));
#8252=DIRECTION('center_axis',(0.999929145871898,0.,0.0119039168300243));
#8253=DIRECTION('ref_axis',(0.,-1.,0.));
#8254=DIRECTION('',(0.,-1.,0.));
#8255=DIRECTION('center_axis',(-1.,0.,0.));
#8256=DIRECTION('ref_axis',(0.,0.,1.));
#8257=DIRECTION('',(0.,1.,0.));
#8258=DIRECTION('',(0.,0.,1.));
#8259=DIRECTION('center_axis',(0.0119039168300243,0.,-0.999929145871898));
#8260=DIRECTION('ref_axis',(-0.999929145871898,0.,-0.0119039168300243));
#8261=DIRECTION('',(0.,1.,0.));
#8262=DIRECTION('center_axis',(0.,0.,1.));
#8263=DIRECTION('ref_axis',(1.,0.,0.));
#8264=DIRECTION('',(0.,1.,0.));
#8265=DIRECTION('',(-1.,0.,0.));
#8266=DIRECTION('center_axis',(-0.999929145871898,-3.37037740267766E-31,
-0.0119039168300243));
#8267=DIRECTION('ref_axis',(-2.51733381865098E-18,1.,2.11456068712523E-16));
#8268=DIRECTION('',(0.,1.,0.));
#8269=DIRECTION('center_axis',(0.,1.,0.));
#8270=DIRECTION('ref_axis',(-0.707106781186548,0.,0.707106781186548));
#8271=DIRECTION('',(0.,-1.,0.));
#8272=DIRECTION('center_axis',(0.,1.,0.));
#8273=DIRECTION('ref_axis',(-0.707106781186548,0.,0.707106781186548));
#8274=DIRECTION('center_axis',(0.0119039168300259,0.,-0.999929145871898));
#8275=DIRECTION('ref_axis',(0.999929145871898,0.,0.0119039168300259));
#8276=DIRECTION('',(0.,-1.,0.));
#8277=DIRECTION('center_axis',(-1.,0.,0.));
#8278=DIRECTION('ref_axis',(0.,0.,1.));
#8279=DIRECTION('',(0.,1.,0.));
#8280=DIRECTION('',(0.,0.,1.));
#8281=DIRECTION('center_axis',(0.,0.,-1.));
#8282=DIRECTION('ref_axis',(0.,-1.,0.));
#8283=DIRECTION('',(0.,-1.,0.));
#8284=DIRECTION('',(0.,-1.,0.));
#8285=DIRECTION('',(-1.,0.,0.));
#8286=DIRECTION('center_axis',(-0.0119039168300273,0.,0.999929145871898));
#8287=DIRECTION('ref_axis',(0.,1.,0.));
#8288=DIRECTION('',(0.,1.,0.));
#8289=DIRECTION('',(0.,1.,0.));
#8290=DIRECTION('',(-0.999929145871898,0.,-0.0119039168300273));
#8291=DIRECTION('',(0.,1.,0.));
#8292=DIRECTION('center_axis',(0.0119039168300272,0.,-0.999929145871898));
#8293=DIRECTION('ref_axis',(-0.999929145871898,0.,-0.0119039168300272));
#8294=DIRECTION('',(0.,-1.,0.));
#8295=DIRECTION('',(-0.999929145871898,0.,-0.0119039168300259));
#8296=DIRECTION('center_axis',(0.,1.,0.));
#8297=DIRECTION('ref_axis',(-0.707106781186554,0.,0.707106781186541));
#8298=DIRECTION('center_axis',(0.,1.,0.));
#8299=DIRECTION('ref_axis',(-0.707106781186554,0.,0.707106781186541));
#8300=DIRECTION('',(0.,1.,0.));
#8301=DIRECTION('center_axis',(0.,0.,1.));
#8302=DIRECTION('ref_axis',(1.,0.,0.));
#8303=DIRECTION('',(-1.,0.,0.));
#8304=DIRECTION('',(0.,-1.,0.));
#8305=DIRECTION('center_axis',(0.,1.,0.));
#8306=DIRECTION('ref_axis',(0.707106781186554,0.,0.707106781186541));
#8307=DIRECTION('center_axis',(0.,1.,0.));
#8308=DIRECTION('ref_axis',(0.707106781186554,0.,0.707106781186541));
#8309=DIRECTION('',(0.,1.,0.));
#8310=DIRECTION('center_axis',(0.,1.,0.));
#8311=DIRECTION('ref_axis',(-0.707106781186552,0.,-0.707106781186543));
#8312=DIRECTION('',(0.,-1.,0.));
#8313=DIRECTION('center_axis',(0.,1.,0.));
#8314=DIRECTION('ref_axis',(-0.707106781186552,0.,-0.707106781186543));
#8315=DIRECTION('',(0.,1.,0.));
#8316=DIRECTION('center_axis',(0.,0.,-1.));
#8317=DIRECTION('ref_axis',(-1.,0.,0.));
#8318=DIRECTION('',(0.,-1.,0.));
#8319=DIRECTION('',(-1.,0.,0.));
#8320=DIRECTION('center_axis',(0.,1.,0.));
#8321=DIRECTION('ref_axis',(-0.707106781186552,0.,-0.707106781186543));
#8322=DIRECTION('',(0.,-1.,0.));
#8323=DIRECTION('center_axis',(0.,1.,0.));
#8324=DIRECTION('ref_axis',(-0.707106781186552,0.,-0.707106781186543));
#8325=DIRECTION('',(0.,1.,0.));
#8326=DIRECTION('center_axis',(0.,0.,-1.));
#8327=DIRECTION('ref_axis',(-1.,0.,0.));
#8328=DIRECTION('',(0.,1.,0.));
#8329=DIRECTION('',(1.,0.,0.));
#8330=DIRECTION('center_axis',(0.,1.,0.));
#8331=DIRECTION('ref_axis',(0.707106781186552,0.,-0.707106781186543));
#8332=DIRECTION('',(0.,-1.,0.));
#8333=DIRECTION('center_axis',(0.,1.,0.));
#8334=DIRECTION('ref_axis',(0.707106781186552,0.,-0.707106781186543));
#8335=DIRECTION('center_axis',(1.,0.,0.));
#8336=DIRECTION('ref_axis',(0.,0.,-1.));
#8337=DIRECTION('',(0.,1.,0.));
#8338=DIRECTION('',(0.,0.,-1.));
#8339=DIRECTION('center_axis',(0.,1.,0.));
#8340=DIRECTION('ref_axis',(0.707106781186552,0.,-0.707106781186543));
#8341=DIRECTION('',(0.,-1.,0.));
#8342=DIRECTION('center_axis',(0.,1.,0.));
#8343=DIRECTION('ref_axis',(0.707106781186552,0.,-0.707106781186543));
#8344=DIRECTION('',(0.,1.,0.));
#8345=DIRECTION('center_axis',(1.,0.,0.));
#8346=DIRECTION('ref_axis',(0.,0.,-1.));
#8347=DIRECTION('',(0.,1.,0.));
#8348=DIRECTION('',(0.,0.,-1.));
#8349=DIRECTION('center_axis',(0.,1.,0.));
#8350=DIRECTION('ref_axis',(0.707106781186552,0.,-0.707106781186543));
#8351=DIRECTION('',(0.,-1.,0.));
#8352=DIRECTION('center_axis',(0.,1.,0.));
#8353=DIRECTION('ref_axis',(0.707106781186552,0.,-0.707106781186543));
#8354=DIRECTION('',(0.,1.,0.));
#8355=DIRECTION('center_axis',(1.,0.,0.));
#8356=DIRECTION('ref_axis',(0.,0.,-1.));
#8357=DIRECTION('',(0.,0.,-1.));
#8358=DIRECTION('center_axis',(1.,0.,0.));
#8359=DIRECTION('ref_axis',(0.,0.,1.));
#8360=DIRECTION('',(0.,-1.,0.));
#8361=DIRECTION('center_axis',(0.,0.,-1.));
#8362=DIRECTION('ref_axis',(1.,0.,0.));
#8363=DIRECTION('center_axis',(-1.,0.,0.));
#8364=DIRECTION('ref_axis',(0.,0.,-1.));
#8365=DIRECTION('center_axis',(-1.,0.,0.));
#8366=DIRECTION('ref_axis',(0.,0.,1.));
#8367=DIRECTION('',(0.,0.,1.));
#8368=DIRECTION('center_axis',(-1.,0.,0.));
#8369=DIRECTION('ref_axis',(0.,0.,1.));
#8370=DIRECTION('',(0.,0.,1.));
#8371=DIRECTION('center_axis',(0.,0.,-1.));
#8372=DIRECTION('ref_axis',(-1.,0.,0.));
#8373=DIRECTION('',(1.,0.,0.));
#8374=DIRECTION('center_axis',(0.,0.,-1.));
#8375=DIRECTION('ref_axis',(-1.,0.,0.));
#8376=DIRECTION('',(1.,0.,0.));
#8377=DIRECTION('center_axis',(0.,-1.,0.));
#8378=DIRECTION('ref_axis',(0.,0.,-1.));
#8379=DIRECTION('center_axis',(0.,0.,1.));
#8380=DIRECTION('ref_axis',(1.,0.,0.));
#8381=DIRECTION('',(1.,0.,0.));
#8382=DIRECTION('',(0.,-1.,0.));
#8383=DIRECTION('',(1.,0.,0.));
#8384=DIRECTION('',(0.,1.,0.));
#8385=DIRECTION('center_axis',(-1.,0.,0.));
#8386=DIRECTION('ref_axis',(0.,0.,1.));
#8387=DIRECTION('',(0.,0.,1.));
#8388=DIRECTION('',(0.,0.,1.));
#8389=DIRECTION('',(0.,1.,0.));
#8390=DIRECTION('center_axis',(0.,0.,-1.));
#8391=DIRECTION('ref_axis',(-1.,0.,0.));
#8392=DIRECTION('',(-1.,0.,0.));
#8393=DIRECTION('',(-1.,0.,0.));
#8394=DIRECTION('',(0.,1.,0.));
#8395=DIRECTION('center_axis',(-1.,0.,0.));
#8396=DIRECTION('ref_axis',(0.,0.,1.));
#8397=DIRECTION('',(0.,0.,1.));
#8398=DIRECTION('',(0.,1.,0.));
#8399=DIRECTION('',(0.,0.,-1.));
#8400=DIRECTION('center_axis',(-1.,0.,0.));
#8401=DIRECTION('ref_axis',(0.,0.,1.));
#8402=DIRECTION('',(0.,0.,-1.));
#8403=DIRECTION('',(0.,1.,0.));
#8404=DIRECTION('',(0.,0.,1.));
#8405=DIRECTION('center_axis',(1.,0.,0.));
#8406=DIRECTION('ref_axis',(0.,0.,-1.));
#8407=DIRECTION('',(0.,0.,1.));
#8408=DIRECTION('',(0.,1.,0.));
#8409=DIRECTION('',(0.,0.,-1.));
#8410=DIRECTION('',(0.,1.,0.));
#8411=DIRECTION('center_axis',(0.,0.,-1.));
#8412=DIRECTION('ref_axis',(-1.,0.,0.));
#8413=DIRECTION('',(1.,0.,0.));
#8414=DIRECTION('',(-1.,0.,0.));
#8415=DIRECTION('center_axis',(0.,0.,1.));
#8416=DIRECTION('ref_axis',(1.,0.,0.));
#8417=DIRECTION('',(-1.,0.,0.));
#8418=DIRECTION('',(-1.,0.,0.));
#8419=DIRECTION('',(1.,0.,0.));
#8420=DIRECTION('',(1.,0.,0.));
#8421=DIRECTION('',(0.,1.,0.));
#8422=DIRECTION('center_axis',(-1.,0.,2.36849350773199E-15));
#8423=DIRECTION('ref_axis',(2.36849350773199E-15,0.,1.));
#8424=DIRECTION('',(-2.36849350773199E-15,0.,-1.));
#8425=DIRECTION('',(2.36849350773199E-15,0.,1.));
#8426=DIRECTION('',(0.,1.,0.));
#8427=DIRECTION('center_axis',(0.,0.,-1.));
#8428=DIRECTION('ref_axis',(-1.,0.,0.));
#8429=DIRECTION('',(1.,0.,0.));
#8430=DIRECTION('',(-1.,0.,0.));
#8431=DIRECTION('center_axis',(0.,1.,0.));
#8432=DIRECTION('ref_axis',(0.,0.,1.));
#8433=DIRECTION('center_axis',(0.,1.,0.));
#8434=DIRECTION('ref_axis',(-1.,0.,0.));
#8435=DIRECTION('center_axis',(-1.,0.,0.));
#8436=DIRECTION('ref_axis',(0.,0.,1.));
#8437=DIRECTION('',(0.,0.,-1.));
#8438=DIRECTION('',(0.,1.,0.));
#8439=DIRECTION('',(0.,0.,1.));
#8440=DIRECTION('',(0.,1.,0.));
#8441=DIRECTION('center_axis',(0.,0.,-1.));
#8442=DIRECTION('ref_axis',(-1.,0.,0.));
#8443=DIRECTION('',(1.,0.,0.));
#8444=DIRECTION('',(-1.,0.,0.));
#8445=DIRECTION('',(0.,1.,0.));
#8446=DIRECTION('center_axis',(1.,0.,0.));
#8447=DIRECTION('ref_axis',(0.,0.,-1.));
#8448=DIRECTION('',(0.,0.,1.));
#8449=DIRECTION('',(0.,0.,-1.));
#8450=DIRECTION('',(0.,1.,0.));
#8451=DIRECTION('center_axis',(0.,0.,1.));
#8452=DIRECTION('ref_axis',(1.,0.,0.));
#8453=DIRECTION('',(-1.,0.,0.));
#8454=DIRECTION('',(1.,0.,0.));
#8455=DIRECTION('center_axis',(0.,1.,0.));
#8456=DIRECTION('ref_axis',(0.,0.,1.));
#8457=DIRECTION('center_axis',(0.,1.,0.));
#8458=DIRECTION('ref_axis',(-1.,0.,0.));
#8459=DIRECTION('center_axis',(0.,1.,0.));
#8460=DIRECTION('ref_axis',(-1.,0.,0.));
#8461=DIRECTION('center_axis',(0.,1.,0.));
#8462=DIRECTION('ref_axis',(-1.,0.,0.));
#8463=DIRECTION('',(0.,-1.,0.));
#8464=DIRECTION('center_axis',(0.,1.,0.));
#8465=DIRECTION('ref_axis',(-1.,0.,0.));
#8466=DIRECTION('center_axis',(0.,1.,0.));
#8467=DIRECTION('ref_axis',(-1.,0.,0.));
#8468=DIRECTION('center_axis',(0.,1.,0.));
#8469=DIRECTION('ref_axis',(-1.,0.,0.));
#8470=DIRECTION('center_axis',(0.,1.,0.));
#8471=DIRECTION('ref_axis',(-1.,0.,0.));
#8472=DIRECTION('center_axis',(0.,1.,0.));
#8473=DIRECTION('ref_axis',(-1.,0.,0.));
#8474=DIRECTION('',(0.,-1.,0.));
#8475=DIRECTION('center_axis',(0.,1.,0.));
#8476=DIRECTION('ref_axis',(-1.,0.,0.));
#8477=DIRECTION('center_axis',(0.,1.,0.));
#8478=DIRECTION('ref_axis',(-1.,0.,0.));
#8479=DIRECTION('center_axis',(0.,1.,0.));
#8480=DIRECTION('ref_axis',(-1.,0.,0.));
#8481=DIRECTION('center_axis',(0.,1.,0.));
#8482=DIRECTION('ref_axis',(-1.,0.,0.));
#8483=DIRECTION('center_axis',(0.,1.,0.));
#8484=DIRECTION('ref_axis',(-1.,0.,0.));
#8485=DIRECTION('',(0.,-1.,0.));
#8486=DIRECTION('center_axis',(0.,1.,0.));
#8487=DIRECTION('ref_axis',(-1.,0.,0.));
#8488=DIRECTION('center_axis',(0.,1.,0.));
#8489=DIRECTION('ref_axis',(-1.,0.,0.));
#8490=DIRECTION('center_axis',(0.,1.,0.));
#8491=DIRECTION('ref_axis',(-1.,0.,0.));
#8492=DIRECTION('center_axis',(0.,1.,0.));
#8493=DIRECTION('ref_axis',(-1.,0.,0.));
#8494=DIRECTION('center_axis',(0.,1.,0.));
#8495=DIRECTION('ref_axis',(-1.,0.,0.));
#8496=DIRECTION('',(0.,-1.,0.));
#8497=DIRECTION('center_axis',(0.,1.,0.));
#8498=DIRECTION('ref_axis',(-1.,0.,0.));
#8499=DIRECTION('center_axis',(0.,1.,0.));
#8500=DIRECTION('ref_axis',(-1.,0.,0.));
#8501=DIRECTION('center_axis',(0.,1.,0.));
#8502=DIRECTION('ref_axis',(-1.,0.,0.));
#8503=DIRECTION('center_axis',(1.22464679914735E-16,-1.,0.));
#8504=DIRECTION('ref_axis',(1.,1.22464679914735E-16,0.));
#8505=DIRECTION('center_axis',(1.22464679914735E-16,-1.,0.));
#8506=DIRECTION('ref_axis',(1.,1.22464679914735E-16,0.));
#8507=DIRECTION('',(-1.22464679914735E-16,1.,0.));
#8508=DIRECTION('center_axis',(1.22464679914735E-16,-1.,0.));
#8509=DIRECTION('ref_axis',(1.,1.22464679914735E-16,0.));
#8510=DIRECTION('center_axis',(1.22464679914735E-16,-1.,0.));
#8511=DIRECTION('ref_axis',(1.,1.22464679914735E-16,0.));
#8512=DIRECTION('center_axis',(1.22464679914735E-16,-1.,0.));
#8513=DIRECTION('ref_axis',(1.,1.22464679914735E-16,0.));
#8514=DIRECTION('center_axis',(-1.22464679914735E-16,1.,0.));
#8515=DIRECTION('ref_axis',(0.,0.,-1.));
#8516=DIRECTION('',(0.,0.,-1.));
#8517=DIRECTION('',(-0.999929145871898,-1.22456002786617E-16,0.0119039168300259));
#8518=DIRECTION('',(-0.0119039168300243,-1.45780936432055E-18,-0.999929145871898));
#8519=DIRECTION('',(0.999929145871898,-1.76539721709452E-16,-0.0119039168300259));
#8520=DIRECTION('',(-0.0119039168300243,-1.45780936432055E-18,-0.999929145871898));
#8521=DIRECTION('',(-0.999929145871898,-1.22456002786617E-16,0.0119039168300259));
#8522=DIRECTION('',(0.,0.,-1.));
#8523=DIRECTION('',(1.,1.22464679914735E-16,0.));
#8524=DIRECTION('',(0.,0.,-1.));
#8525=DIRECTION('',(1.,1.22464679914735E-16,0.));
#8526=DIRECTION('',(0.,0.,1.));
#8527=DIRECTION('',(1.,1.22464679914735E-16,0.));
#8528=DIRECTION('',(0.,0.,1.));
#8529=DIRECTION('',(1.,1.22464679914735E-16,0.));
#8530=DIRECTION('',(0.,0.,-1.));
#8531=DIRECTION('',(1.,1.22464679914735E-16,0.));
#8532=DIRECTION('',(0.,0.,-1.));
#8533=DIRECTION('',(1.,1.22464679914735E-16,0.));
#8534=DIRECTION('',(0.,0.,1.));
#8535=DIRECTION('',(-1.,-1.22464679914735E-16,0.));
#8536=DIRECTION('',(0.,0.,1.));
#8537=DIRECTION('',(-1.,-1.22464679914735E-16,0.));
#8538=DIRECTION('',(0.,0.,1.));
#8539=DIRECTION('',(-1.,-1.22464679914735E-16,0.));
#8540=DIRECTION('',(0.,0.,-1.));
#8541=DIRECTION('',(-1.,-1.22464679914735E-16,0.));
#8542=DIRECTION('',(0.,0.,-1.));
#8543=DIRECTION('',(-0.999929145871898,-1.22456002786617E-16,0.0119039168300259));
#8544=DIRECTION('',(0.,0.,1.));
#8545=DIRECTION('',(1.,1.22464679914735E-16,0.));
#8546=DIRECTION('center_axis',(-0.0119039168300259,-1.45780936432075E-18,
-0.999929145871898));
#8547=DIRECTION('ref_axis',(-0.999929145871898,-1.22456002786617E-16,0.0119039168300259));
#8548=DIRECTION('',(1.22464679914735E-16,-1.,0.));
#8549=DIRECTION('',(-0.999929145871898,-1.22456002786617E-16,0.0119039168300259));
#8550=DIRECTION('',(-1.22464679914735E-16,1.,0.));
#8551=DIRECTION('',(-1.22464679914735E-16,1.,0.));
#8552=DIRECTION('',(-0.999929145871898,-1.22456002786617E-16,0.0119039168300259));
#8553=DIRECTION('',(-1.22464679914735E-16,1.,0.));
#8554=DIRECTION('center_axis',(1.,1.22464679914735E-16,0.));
#8555=DIRECTION('ref_axis',(0.,0.,1.));
#8556=DIRECTION('',(1.22464679914735E-16,-1.,0.));
#8557=DIRECTION('',(0.,0.,-1.));
#8558=DIRECTION('center_axis',(-1.,-1.22464679914735E-16,0.));
#8559=DIRECTION('ref_axis',(0.,0.,-1.));
#8560=DIRECTION('',(0.,0.,-1.));
#8561=DIRECTION('',(1.22464679914735E-16,-1.,0.));
#8562=DIRECTION('center_axis',(0.,0.,1.));
#8563=DIRECTION('ref_axis',(-1.,-1.22464679914735E-16,0.));
#8564=DIRECTION('',(-1.,-1.22464679914735E-16,0.));
#8565=DIRECTION('center_axis',(1.22464679914735E-16,-1.,0.));
#8566=DIRECTION('ref_axis',(0.,0.,1.));
#8567=DIRECTION('center_axis',(0.00841734031319208,-0.707106781186546,0.707056679752094));
#8568=DIRECTION('ref_axis',(-0.999929145871898,-1.22456002786617E-16,0.0119039168300259));
#8569=DIRECTION('',(0.57504563308518,-0.575045633085182,-0.581932160770761));
#8570=DIRECTION('',(0.999929145871898,1.22456002786617E-16,-0.0119039168300259));
#8571=DIRECTION('',(0.584182091125916,0.577350269189629,0.570436631953467));
#8572=DIRECTION('center_axis',(0.707056679752095,-0.707106781186544,-0.00841734031319088));
#8573=DIRECTION('ref_axis',(0.0119039168300243,1.45780936432055E-18,0.999929145871898));
#8574=DIRECTION('',(-0.0119039168300243,-1.45780936432055E-18,-0.999929145871898));
#8575=DIRECTION('',(0.584182091125916,0.577350269189628,0.570436631953467));
#8576=DIRECTION('',(0.0119039168300243,1.45780936432055E-18,0.999929145871898));
#8577=DIRECTION('center_axis',(0.00841734031319095,-0.707106781186546,0.707056679752094));
#8578=DIRECTION('ref_axis',(-0.999929145871898,-1.22456002786617E-16,0.0119039168300243));
#8579=DIRECTION('',(0.999929145871898,1.22456002786617E-16,-0.0119039168300243));
#8580=DIRECTION('',(-0.57043663195347,0.577350269189628,0.584182091125914));
#8581=DIRECTION('',(-0.999929145871898,-1.22456002786617E-16,0.0119039168300243));
#8582=DIRECTION('center_axis',(-0.707056679752092,-0.707106781186547,0.00841734031319084));
#8583=DIRECTION('ref_axis',(-0.0119039168300243,-1.45780936432055E-18,-0.999929145871898));
#8584=DIRECTION('',(0.0119039168300243,1.45780936432055E-18,0.999929145871898));
#8585=DIRECTION('',(-0.707056679752092,0.707106781186548,0.00841734031319196));
#8586=DIRECTION('',(-0.0119039168300243,-1.45780936432055E-18,-0.999929145871898));
#8587=DIRECTION('center_axis',(1.22464679914735E-16,-1.,0.));
#8588=DIRECTION('ref_axis',(0.,0.,1.));
#8589=DIRECTION('',(0.,0.,1.));
#8590=DIRECTION('',(1.,1.22464679914735E-16,0.));
#8591=DIRECTION('',(0.,0.,1.));
#8592=DIRECTION('',(1.,1.22464679914735E-16,0.));
#8593=DIRECTION('',(0.,0.,-1.));
#8594=DIRECTION('',(1.,1.22464679914735E-16,0.));
#8595=DIRECTION('',(0.,0.,-1.));
#8596=DIRECTION('',(1.,1.22464679914735E-16,0.));
#8597=DIRECTION('',(0.,0.,1.));
#8598=DIRECTION('',(-1.,-1.22464679914735E-16,0.));
#8599=DIRECTION('',(0.,0.,1.));
#8600=DIRECTION('',(-1.,-1.22464679914735E-16,0.));
#8601=DIRECTION('',(0.,0.,1.));
#8602=DIRECTION('',(-1.,-1.22464679914735E-16,0.));
#8603=DIRECTION('',(0.,0.,-1.));
#8604=DIRECTION('',(-1.,-1.22464679914735E-16,0.));
#8605=DIRECTION('',(0.,0.,-1.));
#8606=DIRECTION('',(-1.,-1.22464679914735E-16,0.));
#8607=DIRECTION('',(0.,0.,1.));
#8608=DIRECTION('',(-1.,-1.22464679914735E-16,0.));
#8609=DIRECTION('',(0.,0.,-1.));
#8610=DIRECTION('',(1.,1.22464679914735E-16,0.));
#8611=DIRECTION('',(0.,0.,1.));
#8612=DIRECTION('center_axis',(1.22464679914735E-16,-1.,0.));
#8613=DIRECTION('ref_axis',(0.707106781186548,8.65956056235493E-17,0.707106781186548));
#8614=DIRECTION('',(-1.,-1.22464679914735E-16,0.));
#8615=DIRECTION('',(0.,0.,1.));
#8616=DIRECTION('center_axis',(1.22464679914735E-16,-1.,0.));
#8617=DIRECTION('ref_axis',(0.707106781186554,8.65956056235501E-17,0.707106781186541));
#8618=DIRECTION('',(-1.,-1.22464679914735E-16,0.));
#8619=DIRECTION('center_axis',(1.22464679914735E-16,-1.,0.));
#8620=DIRECTION('ref_axis',(-0.707106781186554,-8.65956056235501E-17,0.707106781186541));
#8621=DIRECTION('',(0.,0.,-1.));
#8622=DIRECTION('',(-1.,-1.22464679914735E-16,0.));
#8623=DIRECTION('center_axis',(1.22464679914735E-16,-1.,0.));
#8624=DIRECTION('ref_axis',(-0.707106781186554,-8.65956056235501E-17,0.707106781186541));
#8625=DIRECTION('',(0.,0.,-1.));
#8626=DIRECTION('',(-1.,-1.22464679914735E-16,0.));
#8627=DIRECTION('',(0.,0.,1.));
#8628=DIRECTION('center_axis',(1.22464679914735E-16,-1.,0.));
#8629=DIRECTION('ref_axis',(0.707106781186554,8.65956056235501E-17,0.707106781186541));
#8630=DIRECTION('',(-1.,-1.22464679914735E-16,0.));
#8631=DIRECTION('',(0.,0.,1.));
#8632=DIRECTION('center_axis',(1.22464679914735E-16,-1.,0.));
#8633=DIRECTION('ref_axis',(0.707106781186554,8.65956056235501E-17,0.707106781186541));
#8634=DIRECTION('',(-1.,-1.22464679914735E-16,0.));
#8635=DIRECTION('center_axis',(1.22464679914735E-16,-1.,0.));
#8636=DIRECTION('ref_axis',(-0.707106781186554,-8.65956056235501E-17,0.707106781186541));
#8637=DIRECTION('',(0.,0.,-1.));
#8638=DIRECTION('center_axis',(1.22464679914735E-16,-1.,0.));
#8639=DIRECTION('ref_axis',(-0.707106781186552,-8.65956056235499E-17,-0.707106781186543));
#8640=DIRECTION('',(1.,1.22464679914735E-16,0.));
#8641=DIRECTION('',(0.,0.,-1.));
#8642=DIRECTION('center_axis',(1.22464679914735E-16,-1.,0.));
#8643=DIRECTION('ref_axis',(-0.707106781186552,-8.65956056235499E-17,-0.707106781186543));
#8644=DIRECTION('',(1.,1.22464679914735E-16,0.));
#8645=DIRECTION('',(0.,0.,-1.));
#8646=DIRECTION('center_axis',(1.22464679914735E-16,-1.,0.));
#8647=DIRECTION('ref_axis',(-0.707106781186552,-8.65956056235499E-17,-0.707106781186543));
#8648=DIRECTION('',(1.,1.22464679914735E-16,0.));
#8649=DIRECTION('center_axis',(1.22464679914735E-16,-1.,0.));
#8650=DIRECTION('ref_axis',(0.707106781186552,8.65956056235499E-17,-0.707106781186543));
#8651=DIRECTION('',(0.,0.,1.));
#8652=DIRECTION('',(1.,1.22464679914735E-16,0.));
#8653=DIRECTION('center_axis',(1.22464679914735E-16,-1.,0.));
#8654=DIRECTION('ref_axis',(0.707106781186552,8.65956056235499E-17,-0.707106781186543));
#8655=DIRECTION('',(0.,0.,1.));
#8656=DIRECTION('',(0.999929145871898,1.22456002786617E-16,-0.0119039168300272));
#8657=DIRECTION('',(-0.999929145871898,-1.22456002786617E-16,0.0119039168300273));
#8658=DIRECTION('',(-0.999929145871898,-1.22456002786617E-16,0.0119039168300259));
#8659=DIRECTION('center_axis',(8.65956056235491E-17,-0.707106781186546,
0.707106781186549));
#8660=DIRECTION('ref_axis',(-1.,-1.22464679914735E-16,0.));
#8661=DIRECTION('',(-1.,-1.22464679914735E-16,0.));
#8662=DIRECTION('',(-8.65956056235495E-17,0.707106781186549,0.707106781186546));
#8663=DIRECTION('',(0.577350269189632,0.577350269189624,0.577350269189622));
#8664=DIRECTION('center_axis',(0.707106781186543,-0.707106781186552,0.));
#8665=DIRECTION('ref_axis',(0.,0.,1.));
#8666=DIRECTION('',(0.577350269189632,0.577350269189624,0.577350269189622));
#8667=DIRECTION('',(0.,0.,1.));
#8668=DIRECTION('center_axis',(8.65956056235491E-17,-0.707106781186546,
0.707106781186549));
#8669=DIRECTION('ref_axis',(-1.,-1.22464679914735E-16,0.));
#8670=DIRECTION('',(0.577350269189632,0.577350269189624,0.577350269189622));
#8671=DIRECTION('',(-1.,-1.22464679914735E-16,0.));
#8672=DIRECTION('center_axis',(0.707106781186543,-0.707106781186552,0.));
#8673=DIRECTION('ref_axis',(0.,0.,1.));
#8674=DIRECTION('',(0.577350269189632,0.577350269189624,0.577350269189622));
#8675=DIRECTION('',(0.,0.,1.));
#8676=DIRECTION('center_axis',(8.65956056235491E-17,-0.707106781186546,
0.707106781186549));
#8677=DIRECTION('ref_axis',(-1.,-1.22464679914735E-16,0.));
#8678=DIRECTION('',(-0.577350269189625,0.577350269189627,0.577350269189625));
#8679=DIRECTION('',(-1.,-1.22464679914735E-16,0.));
#8680=DIRECTION('center_axis',(-0.707106781186549,-0.707106781186546,0.));
#8681=DIRECTION('ref_axis',(0.,0.,-1.));
#8682=DIRECTION('',(-0.577350269189625,0.577350269189627,0.577350269189625));
#8683=DIRECTION('',(0.,0.,-1.));
#8684=DIRECTION('center_axis',(8.65956056235491E-17,-0.707106781186546,
0.707106781186549));
#8685=DIRECTION('ref_axis',(-1.,-1.22464679914735E-16,0.));
#8686=DIRECTION('',(-0.577350269189625,0.577350269189627,0.577350269189625));
#8687=DIRECTION('',(-1.,-1.22464679914735E-16,0.));
#8688=DIRECTION('center_axis',(-0.707106781186549,-0.707106781186546,0.));
#8689=DIRECTION('ref_axis',(0.,0.,-1.));
#8690=DIRECTION('',(0.,0.,-1.));
#8691=DIRECTION('center_axis',(8.65956056235499E-17,-0.707106781186552,
-0.707106781186543));
#8692=DIRECTION('ref_axis',(1.,1.22464679914735E-16,0.));
#8693=DIRECTION('',(1.,1.22464679914735E-16,0.));
#8694=DIRECTION('',(-8.65956056235487E-17,0.707106781186543,-0.707106781186552));
#8695=DIRECTION('',(-0.577350269189622,0.577350269189624,-0.577350269189632));
#8696=DIRECTION('center_axis',(-0.707106781186549,-0.707106781186546,0.));
#8697=DIRECTION('ref_axis',(0.,0.,-1.));
#8698=DIRECTION('',(-0.577350269189622,0.577350269189624,-0.577350269189632));
#8699=DIRECTION('',(0.,0.,-1.));
#8700=DIRECTION('center_axis',(8.65956056235499E-17,-0.707106781186552,
-0.707106781186543));
#8701=DIRECTION('ref_axis',(1.,1.22464679914735E-16,0.));
#8702=DIRECTION('',(0.577350269189621,0.577350269189624,-0.577350269189632));
#8703=DIRECTION('',(1.,1.22464679914735E-16,0.));
#8704=DIRECTION('center_axis',(0.707106781186549,-0.707106781186546,0.));
#8705=DIRECTION('ref_axis',(0.,0.,1.));
#8706=DIRECTION('',(0.577350269189621,0.577350269189624,-0.577350269189632));
#8707=DIRECTION('',(0.,0.,1.));
#8708=DIRECTION('center_axis',(8.65956056235499E-17,-0.707106781186552,
-0.707106781186543));
#8709=DIRECTION('ref_axis',(1.,1.22464679914735E-16,0.));
#8710=DIRECTION('',(0.577350269189621,0.577350269189624,-0.577350269189632));
#8711=DIRECTION('',(1.,1.22464679914735E-16,0.));
#8712=DIRECTION('center_axis',(0.707106781186549,-0.707106781186546,0.));
#8713=DIRECTION('ref_axis',(0.,0.,1.));
#8714=DIRECTION('',(0.577350269189621,0.577350269189624,-0.577350269189632));
#8715=DIRECTION('',(0.,0.,1.));
#8716=DIRECTION('center_axis',(8.65956056235499E-17,-0.707106781186552,
-0.707106781186543));
#8717=DIRECTION('ref_axis',(1.,1.22464679914735E-16,0.));
#8718=DIRECTION('',(-0.577350269189628,0.577350269189621,-0.577350269189628));
#8719=DIRECTION('',(1.,1.22464679914735E-16,0.));
#8720=DIRECTION('center_axis',(-0.707106781186543,-0.707106781186552,0.));
#8721=DIRECTION('ref_axis',(0.,0.,-1.));
#8722=DIRECTION('',(-0.577350269189628,0.577350269189621,-0.577350269189628));
#8723=DIRECTION('',(0.,0.,-1.));
#8724=DIRECTION('center_axis',(8.65956056235499E-17,-0.707106781186552,
-0.707106781186543));
#8725=DIRECTION('ref_axis',(1.,1.22464679914735E-16,0.));
#8726=DIRECTION('',(-0.577350269189628,0.577350269189621,-0.577350269189628));
#8727=DIRECTION('',(1.,1.22464679914735E-16,0.));
#8728=DIRECTION('center_axis',(-0.707106781186543,-0.707106781186552,0.));
#8729=DIRECTION('ref_axis',(0.,0.,-1.));
#8730=DIRECTION('',(-0.577350269189628,0.577350269189621,-0.577350269189628));
#8731=DIRECTION('',(0.,0.,-1.));
#8732=DIRECTION('center_axis',(8.65956056235499E-17,-0.707106781186552,
-0.707106781186543));
#8733=DIRECTION('ref_axis',(1.,1.22464679914735E-16,0.));
#8734=DIRECTION('',(8.65956056235487E-17,-0.707106781186543,0.707106781186552));
#8735=DIRECTION('',(1.,1.22464679914735E-16,0.));
#8736=DIRECTION('center_axis',(0.,0.,1.));
#8737=DIRECTION('ref_axis',(1.,1.22464679914735E-16,0.));
#8738=DIRECTION('',(1.22464679914735E-16,-1.,0.));
#8739=DIRECTION('',(-1.22464679914735E-16,1.,0.));
#8740=DIRECTION('center_axis',(1.,1.22464679914735E-16,0.));
#8741=DIRECTION('ref_axis',(0.,0.,-1.));
#8742=DIRECTION('',(-1.22464679914735E-16,1.,0.));
#8743=DIRECTION('center_axis',(0.,0.,1.));
#8744=DIRECTION('ref_axis',(1.,1.22464679914735E-16,0.));
#8745=DIRECTION('',(-1.22464679914735E-16,1.,0.));
#8746=DIRECTION('center_axis',(-1.,-1.22464679914735E-16,0.));
#8747=DIRECTION('ref_axis',(0.,0.,1.));
#8748=DIRECTION('',(-1.22464679914735E-16,1.,0.));
#8749=DIRECTION('center_axis',(0.,0.,1.));
#8750=DIRECTION('ref_axis',(1.,1.22464679914735E-16,0.));
#8751=DIRECTION('',(-1.22464679914735E-16,1.,0.));
#8752=DIRECTION('center_axis',(-1.,-1.22464679914735E-16,0.));
#8753=DIRECTION('ref_axis',(0.,0.,1.));
#8754=DIRECTION('',(-1.22464679914735E-16,1.,0.));
#8755=DIRECTION('center_axis',(0.,0.,1.));
#8756=DIRECTION('ref_axis',(1.,1.22464679914735E-16,0.));
#8757=DIRECTION('',(-1.22464679914735E-16,1.,0.));
#8758=DIRECTION('center_axis',(1.,1.22464679914735E-16,0.));
#8759=DIRECTION('ref_axis',(0.,0.,-1.));
#8760=DIRECTION('',(-1.22464679914735E-16,1.,0.));
#8761=DIRECTION('center_axis',(0.,0.,1.));
#8762=DIRECTION('ref_axis',(1.,1.22464679914735E-16,0.));
#8763=DIRECTION('',(-1.22464679914735E-16,1.,0.));
#8764=DIRECTION('center_axis',(1.,1.22464679914735E-16,0.));
#8765=DIRECTION('ref_axis',(0.,0.,-1.));
#8766=DIRECTION('',(-1.22464679914735E-16,1.,0.));
#8767=DIRECTION('center_axis',(0.,0.,1.));
#8768=DIRECTION('ref_axis',(1.,1.22464679914735E-16,0.));
#8769=DIRECTION('',(-1.22464679914735E-16,1.,0.));
#8770=DIRECTION('',(1.22464679914735E-16,-1.,0.));
#8771=DIRECTION('',(1.22464679914735E-16,-1.,0.));
#8772=DIRECTION('center_axis',(1.,1.22464679914735E-16,0.));
#8773=DIRECTION('ref_axis',(0.,0.,1.));
#8774=DIRECTION('',(1.22464679914735E-16,-1.,0.));
#8775=DIRECTION('',(0.,0.,1.));
#8776=DIRECTION('',(-1.22464679914735E-16,1.,0.));
#8777=DIRECTION('center_axis',(0.,0.,1.));
#8778=DIRECTION('ref_axis',(-1.,-1.22464679914735E-16,0.));
#8779=DIRECTION('',(1.22464679914735E-16,-1.,0.));
#8780=DIRECTION('',(1.,1.22464679914735E-16,0.));
#8781=DIRECTION('center_axis',(1.22464679914735E-16,-1.,0.));
#8782=DIRECTION('ref_axis',(0.707106781186554,8.65956056235501E-17,0.707106781186541));
#8783=DIRECTION('',(-1.22464679914735E-16,1.,0.));
#8784=DIRECTION('center_axis',(1.22464679914735E-16,-1.,0.));
#8785=DIRECTION('ref_axis',(0.707106781186554,8.65956056235501E-17,0.707106781186541));
#8786=DIRECTION('center_axis',(1.,1.22464679914735E-16,0.));
#8787=DIRECTION('ref_axis',(0.,0.,1.));
#8788=DIRECTION('',(1.22464679914735E-16,-1.,0.));
#8789=DIRECTION('',(0.,0.,1.));
#8790=DIRECTION('center_axis',(-1.,-1.22464679914735E-16,0.));
#8791=DIRECTION('ref_axis',(0.,0.,1.));
#8792=DIRECTION('',(-1.22464679914735E-16,1.,0.));
#8793=DIRECTION('',(-1.22464679914735E-16,1.,0.));
#8794=DIRECTION('center_axis',(0.,0.,1.));
#8795=DIRECTION('ref_axis',(-1.,-1.22464679914735E-16,0.));
#8796=DIRECTION('',(-1.22464679914735E-16,1.,0.));
#8797=DIRECTION('',(-1.,-1.22464679914735E-16,0.));
#8798=DIRECTION('center_axis',(0.,0.,-1.));
#8799=DIRECTION('ref_axis',(-1.,-1.22464679914735E-16,0.));
#8800=DIRECTION('',(-1.22464679914735E-16,1.,0.));
#8801=DIRECTION('center_axis',(-1.,-1.22464679914735E-16,0.));
#8802=DIRECTION('ref_axis',(0.,0.,-1.));
#8803=DIRECTION('',(1.22464679914735E-16,-1.,0.));
#8804=DIRECTION('',(0.,0.,-1.));
#8805=DIRECTION('center_axis',(-1.,-1.22464679914735E-16,0.));
#8806=DIRECTION('ref_axis',(0.,0.,1.));
#8807=DIRECTION('',(-1.22464679914735E-16,1.,0.));
#8808=DIRECTION('center_axis',(1.22464679914735E-16,-1.,0.));
#8809=DIRECTION('ref_axis',(-0.707106781186554,-8.65956056235501E-17,0.707106781186541));
#8810=DIRECTION('',(-1.22464679914735E-16,1.,0.));
#8811=DIRECTION('center_axis',(1.22464679914735E-16,-1.,0.));
#8812=DIRECTION('ref_axis',(-0.707106781186554,-8.65956056235501E-17,0.707106781186541));
#8813=DIRECTION('center_axis',(0.,0.,-1.));
#8814=DIRECTION('ref_axis',(-1.,-1.22464679914735E-16,0.));
#8815=DIRECTION('',(-1.22464679914735E-16,1.,0.));
#8816=DIRECTION('center_axis',(0.,0.,1.));
#8817=DIRECTION('ref_axis',(-1.,-1.22464679914735E-16,0.));
#8818=DIRECTION('',(-1.22464679914735E-16,1.,0.));
#8819=DIRECTION('',(-1.,-1.22464679914735E-16,0.));
#8820=DIRECTION('center_axis',(1.,1.22464679914735E-16,0.));
#8821=DIRECTION('ref_axis',(0.,0.,-1.));
#8822=DIRECTION('',(-1.22464679914735E-16,1.,0.));
#8823=DIRECTION('center_axis',(-1.,-1.22464679914735E-16,0.));
#8824=DIRECTION('ref_axis',(0.,0.,-1.));
#8825=DIRECTION('',(1.22464679914735E-16,-1.,0.));
#8826=DIRECTION('',(0.,0.,-1.));
#8827=DIRECTION('center_axis',(0.,0.,-1.));
#8828=DIRECTION('ref_axis',(-1.,-1.22464679914735E-16,0.));
#8829=DIRECTION('',(-1.22464679914735E-16,1.,0.));
#8830=DIRECTION('center_axis',(1.22464679914735E-16,-1.,0.));
#8831=DIRECTION('ref_axis',(-0.707106781186554,-8.65956056235501E-17,0.707106781186541));
#8832=DIRECTION('',(-1.22464679914735E-16,1.,0.));
#8833=DIRECTION('center_axis',(1.22464679914735E-16,-1.,0.));
#8834=DIRECTION('ref_axis',(-0.707106781186554,-8.65956056235501E-17,0.707106781186541));
#8835=DIRECTION('center_axis',(1.,1.22464679914735E-16,0.));
#8836=DIRECTION('ref_axis',(0.,0.,-1.));
#8837=DIRECTION('center_axis',(0.,0.,1.));
#8838=DIRECTION('ref_axis',(-1.,-1.22464679914735E-16,0.));
#8839=DIRECTION('',(1.22464679914735E-16,-1.,0.));
#8840=DIRECTION('',(1.,1.22464679914735E-16,0.));
#8841=DIRECTION('center_axis',(1.22464679914735E-16,-1.,0.));
#8842=DIRECTION('ref_axis',(0.707106781186554,8.65956056235501E-17,0.707106781186541));
#8843=DIRECTION('',(-1.22464679914735E-16,1.,0.));
#8844=DIRECTION('center_axis',(1.22464679914735E-16,-1.,0.));
#8845=DIRECTION('ref_axis',(0.707106781186554,8.65956056235501E-17,0.707106781186541));
#8846=DIRECTION('center_axis',(-0.999929145871898,-1.22456002786617E-16,
0.0119039168300243));
#8847=DIRECTION('ref_axis',(-1.22464679914735E-16,1.,0.));
#8848=DIRECTION('',(-1.22464679914735E-16,1.,0.));
#8849=DIRECTION('center_axis',(1.,1.22464679914735E-16,0.));
#8850=DIRECTION('ref_axis',(0.,0.,1.));
#8851=DIRECTION('',(1.22464679914735E-16,-1.,0.));
#8852=DIRECTION('',(0.,0.,1.));
#8853=DIRECTION('center_axis',(-0.0119039168300243,-1.45780936432055E-18,
-0.999929145871898));
#8854=DIRECTION('ref_axis',(0.999929145871898,1.22456002786617E-16,-0.0119039168300243));
#8855=DIRECTION('',(1.22464679914735E-16,-1.,0.));
#8856=DIRECTION('center_axis',(0.,0.,1.));
#8857=DIRECTION('ref_axis',(-1.,-1.22464679914735E-16,0.));
#8858=DIRECTION('',(1.22464679914735E-16,-1.,0.));
#8859=DIRECTION('',(1.,1.22464679914735E-16,0.));
#8860=DIRECTION('center_axis',(0.999929145871898,1.22456002786617E-16,-0.0119039168300243));
#8861=DIRECTION('ref_axis',(1.24982013733386E-16,-1.,2.11456068712523E-16));
#8862=DIRECTION('',(1.22464679914735E-16,-1.,0.));
#8863=DIRECTION('center_axis',(1.22464679914735E-16,-1.,0.));
#8864=DIRECTION('ref_axis',(0.707106781186548,8.65956056235493E-17,0.707106781186548));
#8865=DIRECTION('',(-1.22464679914735E-16,1.,0.));
#8866=DIRECTION('center_axis',(1.22464679914735E-16,-1.,0.));
#8867=DIRECTION('ref_axis',(0.707106781186548,8.65956056235493E-17,0.707106781186548));
#8868=DIRECTION('center_axis',(-0.0119039168300259,-1.45780936432075E-18,
-0.999929145871898));
#8869=DIRECTION('ref_axis',(-0.999929145871898,-1.22456002786617E-16,0.0119039168300259));
#8870=DIRECTION('',(-1.22464679914735E-16,1.,0.));
#8871=DIRECTION('center_axis',(1.,1.22464679914735E-16,0.));
#8872=DIRECTION('ref_axis',(0.,0.,1.));
#8873=DIRECTION('',(1.22464679914735E-16,-1.,0.));
#8874=DIRECTION('',(0.,0.,1.));
#8875=DIRECTION('center_axis',(0.,0.,-1.));
#8876=DIRECTION('ref_axis',(-1.22464679914735E-16,1.,0.));
#8877=DIRECTION('',(-1.22464679914735E-16,1.,0.));
#8878=DIRECTION('',(-1.22464679914735E-16,1.,0.));
#8879=DIRECTION('',(1.,1.22464679914735E-16,0.));
#8880=DIRECTION('center_axis',(0.0119039168300273,1.45780936432092E-18,
0.999929145871898));
#8881=DIRECTION('ref_axis',(1.22464679914735E-16,-1.,0.));
#8882=DIRECTION('',(1.22464679914735E-16,-1.,0.));
#8883=DIRECTION('',(1.22464679914735E-16,-1.,0.));
#8884=DIRECTION('',(0.999929145871898,1.22456002786617E-16,-0.0119039168300273));
#8885=DIRECTION('',(1.22464679914735E-16,-1.,0.));
#8886=DIRECTION('center_axis',(-0.0119039168300272,-1.45780936432092E-18,
-0.999929145871898));
#8887=DIRECTION('ref_axis',(0.999929145871898,1.22456002786617E-16,-0.0119039168300272));
#8888=DIRECTION('',(-1.22464679914735E-16,1.,0.));
#8889=DIRECTION('',(0.999929145871898,1.22456002786617E-16,-0.0119039168300259));
#8890=DIRECTION('center_axis',(1.22464679914735E-16,-1.,0.));
#8891=DIRECTION('ref_axis',(0.707106781186554,8.65956056235501E-17,0.707106781186541));
#8892=DIRECTION('center_axis',(1.22464679914735E-16,-1.,0.));
#8893=DIRECTION('ref_axis',(0.707106781186554,8.65956056235501E-17,0.707106781186541));
#8894=DIRECTION('',(1.22464679914735E-16,-1.,0.));
#8895=DIRECTION('center_axis',(0.,0.,1.));
#8896=DIRECTION('ref_axis',(-1.,-1.22464679914735E-16,0.));
#8897=DIRECTION('',(1.,1.22464679914735E-16,0.));
#8898=DIRECTION('',(-1.22464679914735E-16,1.,0.));
#8899=DIRECTION('center_axis',(1.22464679914735E-16,-1.,0.));
#8900=DIRECTION('ref_axis',(-0.707106781186554,-8.65956056235501E-17,0.707106781186541));
#8901=DIRECTION('center_axis',(1.22464679914735E-16,-1.,0.));
#8902=DIRECTION('ref_axis',(-0.707106781186554,-8.65956056235501E-17,0.707106781186541));
#8903=DIRECTION('',(1.22464679914735E-16,-1.,0.));
#8904=DIRECTION('center_axis',(1.22464679914735E-16,-1.,0.));
#8905=DIRECTION('ref_axis',(0.707106781186552,8.65956056235499E-17,-0.707106781186543));
#8906=DIRECTION('',(-1.22464679914735E-16,1.,0.));
#8907=DIRECTION('center_axis',(1.22464679914735E-16,-1.,0.));
#8908=DIRECTION('ref_axis',(0.707106781186552,8.65956056235499E-17,-0.707106781186543));
#8909=DIRECTION('',(1.22464679914735E-16,-1.,0.));
#8910=DIRECTION('center_axis',(0.,0.,-1.));
#8911=DIRECTION('ref_axis',(1.,1.22464679914735E-16,0.));
#8912=DIRECTION('',(-1.22464679914735E-16,1.,0.));
#8913=DIRECTION('',(1.,1.22464679914735E-16,0.));
#8914=DIRECTION('center_axis',(1.22464679914735E-16,-1.,0.));
#8915=DIRECTION('ref_axis',(0.707106781186552,8.65956056235499E-17,-0.707106781186543));
#8916=DIRECTION('',(-1.22464679914735E-16,1.,0.));
#8917=DIRECTION('center_axis',(1.22464679914735E-16,-1.,0.));
#8918=DIRECTION('ref_axis',(0.707106781186552,8.65956056235499E-17,-0.707106781186543));
#8919=DIRECTION('',(1.22464679914735E-16,-1.,0.));
#8920=DIRECTION('center_axis',(0.,0.,-1.));
#8921=DIRECTION('ref_axis',(1.,1.22464679914735E-16,0.));
#8922=DIRECTION('',(1.22464679914735E-16,-1.,0.));
#8923=DIRECTION('',(-1.,-1.22464679914735E-16,0.));
#8924=DIRECTION('center_axis',(1.22464679914735E-16,-1.,0.));
#8925=DIRECTION('ref_axis',(-0.707106781186552,-8.65956056235499E-17,-0.707106781186543));
#8926=DIRECTION('',(-1.22464679914735E-16,1.,0.));
#8927=DIRECTION('center_axis',(1.22464679914735E-16,-1.,0.));
#8928=DIRECTION('ref_axis',(-0.707106781186552,-8.65956056235499E-17,-0.707106781186543));
#8929=DIRECTION('center_axis',(-1.,-1.22464679914735E-16,0.));
#8930=DIRECTION('ref_axis',(0.,0.,-1.));
#8931=DIRECTION('',(1.22464679914735E-16,-1.,0.));
#8932=DIRECTION('',(0.,0.,-1.));
#8933=DIRECTION('center_axis',(1.22464679914735E-16,-1.,0.));
#8934=DIRECTION('ref_axis',(-0.707106781186552,-8.65956056235499E-17,-0.707106781186543));
#8935=DIRECTION('',(-1.22464679914735E-16,1.,0.));
#8936=DIRECTION('center_axis',(1.22464679914735E-16,-1.,0.));
#8937=DIRECTION('ref_axis',(-0.707106781186552,-8.65956056235499E-17,-0.707106781186543));
#8938=DIRECTION('',(1.22464679914735E-16,-1.,0.));
#8939=DIRECTION('center_axis',(-1.,-1.22464679914735E-16,0.));
#8940=DIRECTION('ref_axis',(0.,0.,-1.));
#8941=DIRECTION('',(1.22464679914735E-16,-1.,0.));
#8942=DIRECTION('',(0.,0.,-1.));
#8943=DIRECTION('center_axis',(1.22464679914735E-16,-1.,0.));
#8944=DIRECTION('ref_axis',(-0.707106781186552,-8.65956056235499E-17,-0.707106781186543));
#8945=DIRECTION('',(-1.22464679914735E-16,1.,0.));
#8946=DIRECTION('center_axis',(1.22464679914735E-16,-1.,0.));
#8947=DIRECTION('ref_axis',(-0.707106781186552,-8.65956056235499E-17,-0.707106781186543));
#8948=DIRECTION('',(1.22464679914735E-16,-1.,0.));
#8949=DIRECTION('center_axis',(-1.,-1.22464679914735E-16,0.));
#8950=DIRECTION('ref_axis',(0.,0.,-1.));
#8951=DIRECTION('',(0.,0.,-1.));
#8952=DIRECTION('center_axis',(-1.,-1.22464679914735E-16,0.));
#8953=DIRECTION('ref_axis',(0.,0.,1.));
#8954=DIRECTION('',(-1.22464679914735E-16,1.,0.));
#8955=DIRECTION('center_axis',(0.,0.,-1.));
#8956=DIRECTION('ref_axis',(-1.,-1.22464679914735E-16,0.));
#8957=DIRECTION('center_axis',(1.,1.22464679914735E-16,0.));
#8958=DIRECTION('ref_axis',(0.,0.,-1.));
#8959=DIRECTION('center_axis',(1.,1.22464679914735E-16,0.));
#8960=DIRECTION('ref_axis',(0.,0.,1.));
#8961=DIRECTION('',(0.,0.,1.));
#8962=DIRECTION('center_axis',(1.,1.22464679914735E-16,0.));
#8963=DIRECTION('ref_axis',(0.,0.,1.));
#8964=DIRECTION('',(0.,0.,1.));
#8965=DIRECTION('center_axis',(0.,0.,-1.));
#8966=DIRECTION('ref_axis',(1.,1.22464679914735E-16,0.));
#8967=DIRECTION('',(-1.,-1.22464679914735E-16,0.));
#8968=DIRECTION('center_axis',(0.,0.,-1.));
#8969=DIRECTION('ref_axis',(1.,1.22464679914735E-16,0.));
#8970=DIRECTION('',(-1.,-1.22464679914735E-16,0.));
#8971=DIRECTION('center_axis',(-1.22464679914735E-16,1.,0.));
#8972=DIRECTION('ref_axis',(0.,0.,-1.));
#8973=DIRECTION('center_axis',(0.,0.,1.));
#8974=DIRECTION('ref_axis',(-1.,-1.22464679914735E-16,0.));
#8975=DIRECTION('',(-1.,-1.22464679914735E-16,0.));
#8976=DIRECTION('',(-1.22464679914735E-16,1.,0.));
#8977=DIRECTION('',(-1.,-1.22464679914735E-16,0.));
#8978=DIRECTION('',(1.22464679914735E-16,-1.,0.));
#8979=DIRECTION('center_axis',(1.,1.22464679914735E-16,0.));
#8980=DIRECTION('ref_axis',(0.,0.,1.));
#8981=DIRECTION('',(0.,0.,1.));
#8982=DIRECTION('',(0.,0.,1.));
#8983=DIRECTION('',(1.22464679914735E-16,-1.,0.));
#8984=DIRECTION('center_axis',(0.,0.,-1.));
#8985=DIRECTION('ref_axis',(1.,1.22464679914735E-16,0.));
#8986=DIRECTION('',(1.,1.22464679914735E-16,0.));
#8987=DIRECTION('',(1.,1.22464679914735E-16,0.));
#8988=DIRECTION('',(1.22464679914735E-16,-1.,0.));
#8989=DIRECTION('center_axis',(1.,1.22464679914735E-16,0.));
#8990=DIRECTION('ref_axis',(0.,0.,1.));
#8991=DIRECTION('',(0.,0.,1.));
#8992=DIRECTION('',(1.22464679914735E-16,-1.,0.));
#8993=DIRECTION('',(0.,0.,-1.));
#8994=DIRECTION('center_axis',(1.,1.22464679914735E-16,0.));
#8995=DIRECTION('ref_axis',(0.,0.,1.));
#8996=DIRECTION('',(0.,0.,-1.));
#8997=DIRECTION('',(1.22464679914735E-16,-1.,0.));
#8998=DIRECTION('',(0.,0.,1.));
#8999=DIRECTION('center_axis',(-1.,-1.22464679914735E-16,0.));
#9000=DIRECTION('ref_axis',(0.,0.,-1.));
#9001=DIRECTION('',(0.,0.,1.));
#9002=DIRECTION('',(1.22464679914735E-16,-1.,0.));
#9003=DIRECTION('',(0.,0.,-1.));
#9004=DIRECTION('',(1.22464679914735E-16,-1.,0.));
#9005=DIRECTION('center_axis',(0.,0.,-1.));
#9006=DIRECTION('ref_axis',(1.,1.22464679914735E-16,0.));
#9007=DIRECTION('',(-1.,-1.22464679914735E-16,0.));
#9008=DIRECTION('',(1.,1.22464679914735E-16,0.));
#9009=DIRECTION('center_axis',(0.,0.,1.));
#9010=DIRECTION('ref_axis',(-1.,-1.22464679914735E-16,0.));
#9011=DIRECTION('',(1.,1.22464679914735E-16,0.));
#9012=DIRECTION('',(1.,1.22464679914735E-16,0.));
#9013=DIRECTION('',(-1.,-1.22464679914735E-16,0.));
#9014=DIRECTION('',(-1.,-1.22464679914735E-16,0.));
#9015=DIRECTION('',(1.22464679914735E-16,-1.,0.));
#9016=DIRECTION('center_axis',(1.,1.22464679914735E-16,2.36849350773199E-15));
#9017=DIRECTION('ref_axis',(-2.36849350773199E-15,-2.90056799304526E-31,
1.));
#9018=DIRECTION('',(2.36849350773199E-15,2.90056799304526E-31,-1.));
#9019=DIRECTION('',(-2.36849350773199E-15,-2.90056799304526E-31,1.));
#9020=DIRECTION('',(1.22464679914735E-16,-1.,0.));
#9021=DIRECTION('center_axis',(0.,0.,-1.));
#9022=DIRECTION('ref_axis',(1.,1.22464679914735E-16,0.));
#9023=DIRECTION('',(-1.,-1.22464679914735E-16,0.));
#9024=DIRECTION('',(1.,1.22464679914735E-16,0.));
#9025=DIRECTION('center_axis',(1.22464679914735E-16,-1.,0.));
#9026=DIRECTION('ref_axis',(0.,0.,1.));
#9027=DIRECTION('center_axis',(1.22464679914735E-16,-1.,0.));
#9028=DIRECTION('ref_axis',(1.,1.22464679914735E-16,0.));
#9029=DIRECTION('center_axis',(1.,1.22464679914735E-16,0.));
#9030=DIRECTION('ref_axis',(0.,0.,1.));
#9031=DIRECTION('',(0.,0.,-1.));
#9032=DIRECTION('',(1.22464679914735E-16,-1.,0.));
#9033=DIRECTION('',(0.,0.,1.));
#9034=DIRECTION('',(1.22464679914735E-16,-1.,0.));
#9035=DIRECTION('center_axis',(0.,0.,-1.));
#9036=DIRECTION('ref_axis',(1.,1.22464679914735E-16,0.));
#9037=DIRECTION('',(-1.,-1.22464679914735E-16,0.));
#9038=DIRECTION('',(1.,1.22464679914735E-16,0.));
#9039=DIRECTION('',(1.22464679914735E-16,-1.,0.));
#9040=DIRECTION('center_axis',(-1.,-1.22464679914735E-16,0.));
#9041=DIRECTION('ref_axis',(0.,0.,-1.));
#9042=DIRECTION('',(0.,0.,1.));
#9043=DIRECTION('',(0.,0.,-1.));
#9044=DIRECTION('',(1.22464679914735E-16,-1.,0.));
#9045=DIRECTION('center_axis',(0.,0.,1.));
#9046=DIRECTION('ref_axis',(-1.,-1.22464679914735E-16,0.));
#9047=DIRECTION('',(1.,1.22464679914735E-16,0.));
#9048=DIRECTION('',(-1.,-1.22464679914735E-16,0.));
#9049=DIRECTION('center_axis',(1.22464679914735E-16,-1.,0.));
#9050=DIRECTION('ref_axis',(0.,0.,1.));
#9051=DIRECTION('center_axis',(1.22464679914735E-16,-1.,0.));
#9052=DIRECTION('ref_axis',(1.,1.22464679914735E-16,0.));
#9053=DIRECTION('center_axis',(1.22464679914735E-16,-1.,0.));
#9054=DIRECTION('ref_axis',(1.,1.22464679914735E-16,0.));
#9055=DIRECTION('center_axis',(1.22464679914735E-16,-1.,0.));
#9056=DIRECTION('ref_axis',(1.,1.22464679914735E-16,0.));
#9057=DIRECTION('',(-1.22464679914735E-16,1.,0.));
#9058=DIRECTION('center_axis',(1.22464679914735E-16,-1.,0.));
#9059=DIRECTION('ref_axis',(1.,1.22464679914735E-16,0.));
#9060=DIRECTION('center_axis',(1.22464679914735E-16,-1.,0.));
#9061=DIRECTION('ref_axis',(1.,1.22464679914735E-16,0.));
#9062=DIRECTION('center_axis',(1.22464679914735E-16,-1.,0.));
#9063=DIRECTION('ref_axis',(1.,1.22464679914735E-16,0.));
#9064=DIRECTION('center_axis',(1.22464679914735E-16,-1.,0.));
#9065=DIRECTION('ref_axis',(1.,1.22464679914735E-16,0.));
#9066=DIRECTION('center_axis',(1.22464679914735E-16,-1.,0.));
#9067=DIRECTION('ref_axis',(1.,1.22464679914735E-16,0.));
#9068=DIRECTION('',(-1.22464679914735E-16,1.,0.));
#9069=DIRECTION('center_axis',(1.22464679914735E-16,-1.,0.));
#9070=DIRECTION('ref_axis',(1.,1.22464679914735E-16,0.));
#9071=DIRECTION('center_axis',(1.22464679914735E-16,-1.,0.));
#9072=DIRECTION('ref_axis',(1.,1.22464679914735E-16,0.));
#9073=DIRECTION('center_axis',(1.22464679914735E-16,-1.,0.));
#9074=DIRECTION('ref_axis',(1.,1.22464679914735E-16,0.));
#9075=DIRECTION('center_axis',(1.22464679914735E-16,-1.,0.));
#9076=DIRECTION('ref_axis',(1.,1.22464679914735E-16,0.));
#9077=DIRECTION('center_axis',(1.22464679914735E-16,-1.,0.));
#9078=DIRECTION('ref_axis',(1.,1.22464679914735E-16,0.));
#9079=DIRECTION('',(-1.22464679914735E-16,1.,0.));
#9080=DIRECTION('center_axis',(1.22464679914735E-16,-1.,0.));
#9081=DIRECTION('ref_axis',(1.,1.22464679914735E-16,0.));
#9082=DIRECTION('center_axis',(1.22464679914735E-16,-1.,0.));
#9083=DIRECTION('ref_axis',(1.,1.22464679914735E-16,0.));
#9084=DIRECTION('center_axis',(1.22464679914735E-16,-1.,0.));
#9085=DIRECTION('ref_axis',(1.,1.22464679914735E-16,0.));
#9086=DIRECTION('center_axis',(1.22464679914735E-16,-1.,0.));
#9087=DIRECTION('ref_axis',(1.,1.22464679914735E-16,0.));
#9088=DIRECTION('center_axis',(1.22464679914735E-16,-1.,0.));
#9089=DIRECTION('ref_axis',(1.,1.22464679914735E-16,0.));
#9090=DIRECTION('',(-1.22464679914735E-16,1.,0.));
#9091=DIRECTION('center_axis',(1.22464679914735E-16,-1.,0.));
#9092=DIRECTION('ref_axis',(1.,1.22464679914735E-16,0.));
#9093=DIRECTION('center_axis',(1.22464679914735E-16,-1.,0.));
#9094=DIRECTION('ref_axis',(1.,1.22464679914735E-16,0.));
#9095=DIRECTION('center_axis',(1.22464679914735E-16,-1.,0.));
#9096=DIRECTION('ref_axis',(1.,1.22464679914735E-16,0.));
#9097=CARTESIAN_POINT('',(0.,0.,0.));
#9098=CARTESIAN_POINT('Origin',(66.0000003688037,1.5,79.7500011883676));
#9099=CARTESIAN_POINT('',(20.7076053901265,1.5,42.0000006258488));
#9100=CARTESIAN_POINT('',(20.7076053901265,1.5,33.1989005692678));
#9101=CARTESIAN_POINT('',(20.7076053901265,1.5,57.1021198721531));
#9102=CARTESIAN_POINT('',(20.319471603893,1.5,33.1942799295661));
#9103=CARTESIAN_POINT('',(3.99999666959047,1.5,33.0000004917383));
#9104=CARTESIAN_POINT('',(20.3283995415155,1.5,32.4443330701622));
#9105=CARTESIAN_POINT('',(20.319471603893,1.5,33.1942799295661));
#9106=CARTESIAN_POINT('',(16.6154890555486,1.5,32.4001317606947));
#9107=CARTESIAN_POINT('',(20.3283995415155,1.5,32.4443330701622));
#9108=CARTESIAN_POINT('',(16.606561117926,1.5,33.1500786200986));
#9109=CARTESIAN_POINT('',(16.606561117926,1.5,33.1500786200986));
#9110=CARTESIAN_POINT('',(3.99999666959047,1.5,33.0000004917383));
#9111=CARTESIAN_POINT('',(3.99999666959047,1.5,33.0000004917383));
#9112=CARTESIAN_POINT('',(3.99999666959047,1.5,127.999997138977));
#9113=CARTESIAN_POINT('',(3.99999666959047,1.5,127.999997138977));
#9114=CARTESIAN_POINT('',(26.0000025480986,1.5,127.999997138977));
#9115=CARTESIAN_POINT('',(3.99999666959047,1.5,127.999997138977));
#9116=CARTESIAN_POINT('',(26.0000025480986,1.5,136.000002026558));
#9117=CARTESIAN_POINT('',(26.0000025480986,1.5,127.999997138977));
#9118=CARTESIAN_POINT('',(52.0000029355288,1.5,136.000002026558));
#9119=CARTESIAN_POINT('',(26.0000025480986,1.5,136.000002026558));
#9120=CARTESIAN_POINT('',(52.0000029355288,1.5,131.000001952052));
#9121=CARTESIAN_POINT('',(52.0000029355288,1.5,136.000002026558));
#9122=CARTESIAN_POINT('',(74.0000032633543,1.5,131.000001952052));
#9123=CARTESIAN_POINT('',(52.0000029355288,1.5,131.000001952052));
#9124=CARTESIAN_POINT('',(74.0000032633543,1.5,106.000001579523));
#9125=CARTESIAN_POINT('',(74.0000032633543,1.5,131.000001952052));
#9126=CARTESIAN_POINT('',(83.0000033974648,1.5,106.000001579523));
#9127=CARTESIAN_POINT('',(74.0000032633543,1.5,106.000001579523));
#9128=CARTESIAN_POINT('',(83.0000033974648,1.5,110.000001639128));
#9129=CARTESIAN_POINT('',(83.0000033974648,1.5,106.000001579523));
#9130=CARTESIAN_POINT('',(102.000003680587,1.5,110.000001639128));
#9131=CARTESIAN_POINT('',(83.0000033974648,1.5,110.000001639128));
#9132=CARTESIAN_POINT('',(102.000003680587,1.5,115.000001713634));
#9133=CARTESIAN_POINT('',(102.000003680587,1.5,110.000001639128));
#9134=CARTESIAN_POINT('',(128.000004068017,1.5,115.000001713634));
#9135=CARTESIAN_POINT('',(102.000003680587,1.5,115.000001713634));
#9136=CARTESIAN_POINT('',(128.000004068017,1.5,32.0000004768372));
#9137=CARTESIAN_POINT('',(128.000004068017,1.5,115.000001713634));
#9138=CARTESIAN_POINT('',(109.000003784895,1.5,32.0000004768372));
#9139=CARTESIAN_POINT('',(128.000004068017,1.5,32.0000004768372));
#9140=CARTESIAN_POINT('',(109.000003784895,1.5,28.0000004172325));
#9141=CARTESIAN_POINT('',(109.000003784895,1.5,32.0000004768372));
#9142=CARTESIAN_POINT('',(89.0000034868717,1.5,28.0000004172325));
#9143=CARTESIAN_POINT('',(109.000003784895,1.5,28.0000004172325));
#9144=CARTESIAN_POINT('',(89.0000034868717,1.5,23.5000003501773));
#9145=CARTESIAN_POINT('',(89.0000034868717,1.5,28.0000004172325));
#9146=CARTESIAN_POINT('',(65.0000031292439,1.5,23.5000003501773));
#9147=CARTESIAN_POINT('',(89.0000034868717,1.5,23.5000003501773));
#9148=CARTESIAN_POINT('',(65.0000031292439,1.5,28.5000004246831));
#9149=CARTESIAN_POINT('',(65.0000031292439,1.5,23.5000003501773));
#9150=CARTESIAN_POINT('',(46.0000028461218,1.5,28.5000004246831));
#9151=CARTESIAN_POINT('',(65.0000031292439,1.5,28.5000004246831));
#9152=CARTESIAN_POINT('',(46.0000028461218,1.5,33.5000004991889));
#9153=CARTESIAN_POINT('',(46.0000028461218,1.5,28.5000004246831));
#9154=CARTESIAN_POINT('',(23.0000003427267,1.5,33.2261909817635));
#9155=CARTESIAN_POINT('',(3.99999666959047,1.5,33.0000004917383));
#9156=CARTESIAN_POINT('',(23.0000003427267,1.5,42.0000006258488));
#9157=CARTESIAN_POINT('',(23.0000003427267,1.5,57.1021198721531));
#9158=CARTESIAN_POINT('',(43.3538028794651,1.5,42.0000006258488));
#9159=CARTESIAN_POINT('Origin',(3.99999666959047,3.,33.0000004917383));
#9160=CARTESIAN_POINT('',(20.7076053901265,10.5,33.1989005692678));
#9161=CARTESIAN_POINT('',(20.7076053901265,2.25,33.1989005692678));
#9162=CARTESIAN_POINT('',(23.0000003427267,10.5,33.2261909817635));
#9163=CARTESIAN_POINT('',(12.3612722199497,10.5,33.0995394732305));
#9164=CARTESIAN_POINT('',(23.0000003427267,6.75,33.2261909817635));
#9165=CARTESIAN_POINT('',(46.0000028461218,14.5,33.5000004991889));
#9166=CARTESIAN_POINT('',(46.0000028461218,3.,33.5000004991889));
#9167=CARTESIAN_POINT('',(20.319471603893,14.5,33.1942799295661));
#9168=CARTESIAN_POINT('',(35.2738400632216,14.5,33.3723081019825));
#9169=CARTESIAN_POINT('',(20.319471603893,7.5,33.1942799295661));
#9170=CARTESIAN_POINT('Origin',(20.7076053901265,1.5,34.4542385559386));
#9171=CARTESIAN_POINT('',(20.7076053901265,10.5,42.0000006258488));
#9172=CARTESIAN_POINT('',(20.7076053901265,1.5,42.0000006258488));
#9173=CARTESIAN_POINT('',(20.7076053901265,10.5,34.4542385559386));
#9174=CARTESIAN_POINT('Origin',(23.0000003427267,1.5,42.0000006258488));
#9175=CARTESIAN_POINT('',(23.0000003427267,10.5,42.0000006258488));
#9176=CARTESIAN_POINT('',(23.0000003427267,10.5,34.4542385559386));
#9177=CARTESIAN_POINT('',(23.0000003427267,1.5,42.0000006258488));
#9178=CARTESIAN_POINT('Origin',(20.7076053901265,1.5,42.0000006258488));
#9179=CARTESIAN_POINT('',(23.0000003427267,10.5,42.0000006258488));
#9180=CARTESIAN_POINT('Origin',(21.8538028664266,10.5,38.2271195908937));
#9181=CARTESIAN_POINT('Origin',(35.2768160424291,14.75,33.1223258155145));
#9182=CARTESIAN_POINT('',(45.5000028461218,15.,32.9940126894488));
#9183=CARTESIAN_POINT('',(47.9090952345899,12.5909076115319,35.4319554516539));
#9184=CARTESIAN_POINT('',(20.825388135244,15.,32.7002673150452));
#9185=CARTESIAN_POINT('',(35.2797920216366,15.,32.8723435290465));
#9186=CARTESIAN_POINT('',(19.1307541726183,13.3251842373084,34.3550275425815));
#9187=CARTESIAN_POINT('Origin',(20.2956123463366,14.75,56.1999486468442));
#9188=CARTESIAN_POINT('',(20.8343160728665,15.,31.9503204556413));
#9189=CARTESIAN_POINT('',(20.5455946328045,15.,56.2029246260517));
#9190=CARTESIAN_POINT('',(20.3283995415155,14.5,32.4443330701622));
#9191=CARTESIAN_POINT('',(20.8343160728665,15.,31.9503204556413));
#9192=CARTESIAN_POINT('',(20.0456300598686,14.5,56.1969726676367));
#9193=CARTESIAN_POINT('Origin',(42.5172538257111,14.75,32.4584683476576));
#9194=CARTESIAN_POINT('',(16.1214764410276,15.,31.8942152293437));
#9195=CARTESIAN_POINT('',(42.5202298049186,15.,32.2084860611896));
#9196=CARTESIAN_POINT('',(16.6154890555486,14.5,32.4001317606947));
#9197=CARTESIAN_POINT('',(16.1214764410276,15.,31.8942152293437));
#9198=CARTESIAN_POINT('',(42.5142778465036,14.5,32.7084506341255));
#9199=CARTESIAN_POINT('Origin',(16.0827372874336,14.75,56.1497953789616));
#9200=CARTESIAN_POINT('',(16.1065965449901,15.,33.1441266616836));
#9201=CARTESIAN_POINT('',(15.8327550009657,15.,56.1468193997541));
#9202=CARTESIAN_POINT('',(16.606561117926,14.5,33.1500786200986));
#9203=CARTESIAN_POINT('',(16.2047251569899,14.9018644346903,33.1452948592911));
#9204=CARTESIAN_POINT('',(16.3327195739016,14.5,56.1527713581691));
#9205=CARTESIAN_POINT('Origin',(66.0000003688037,15.,79.7500011883676));
#9206=CARTESIAN_POINT('',(45.5000028461218,15.,28.0000004246831));
#9207=CARTESIAN_POINT('',(45.5000028461218,15.,56.6250008437783));
#9208=CARTESIAN_POINT('',(64.5000031292439,15.,28.0000004246831));
#9209=CARTESIAN_POINT('',(56.0000016074628,15.,28.0000004246831));
#9210=CARTESIAN_POINT('',(64.5000031292439,15.,23.0000003501773));
#9211=CARTESIAN_POINT('',(64.5000031292439,15.,54.1250008065253));
#9212=CARTESIAN_POINT('',(89.5000034868717,15.,23.0000003501773));
#9213=CARTESIAN_POINT('',(65.5000017490238,15.,23.0000003501773));
#9214=CARTESIAN_POINT('',(89.5000034868717,15.,27.5000004172325));
#9215=CARTESIAN_POINT('',(89.5000034868717,15.,51.6250007692724));
#9216=CARTESIAN_POINT('',(109.500003784895,15.,27.5000004172325));
#9217=CARTESIAN_POINT('',(77.5000019278377,15.,27.5000004172325));
#9218=CARTESIAN_POINT('',(109.500003784895,15.,31.5000004768372));
#9219=CARTESIAN_POINT('',(109.500003784895,15.,53.8750008028001));
#9220=CARTESIAN_POINT('',(128.000004068017,15.,31.5000004768372));
#9221=CARTESIAN_POINT('',(87.5000020768493,15.,31.5000004768372));
#9222=CARTESIAN_POINT('',(128.000004068017,15.,115.500001713634));
#9223=CARTESIAN_POINT('',(128.000004068017,15.,55.8750008326024));
#9224=CARTESIAN_POINT('',(101.500003680587,15.,115.500001713634));
#9225=CARTESIAN_POINT('',(97.0000022184104,15.,115.500001713634));
#9226=CARTESIAN_POINT('',(101.500003680587,15.,110.500001639128));
#9227=CARTESIAN_POINT('',(101.500003680587,15.,97.3750014510006));
#9228=CARTESIAN_POINT('',(82.5000033974648,15.,110.500001639128));
#9229=CARTESIAN_POINT('',(84.0000020246953,15.,110.500001639128));
#9230=CARTESIAN_POINT('',(82.5000033974648,15.,106.500001579523));
#9231=CARTESIAN_POINT('',(82.5000033974648,15.,94.8750014137477));
#9232=CARTESIAN_POINT('',(74.5000032633543,15.,106.500001579523));
#9233=CARTESIAN_POINT('',(74.5000018831342,15.,106.500001579523));
#9234=CARTESIAN_POINT('',(74.5000032633543,15.,131.500001952052));
#9235=CARTESIAN_POINT('',(74.5000032633543,15.,92.8750013839453));
#9236=CARTESIAN_POINT('',(52.5000029355288,15.,131.500001952052));
#9237=CARTESIAN_POINT('',(70.000001816079,15.,131.500001952052));
#9238=CARTESIAN_POINT('',(52.5000029355288,15.,136.500002026558));
#9239=CARTESIAN_POINT('',(52.5000029355288,15.,105.37500157021));
#9240=CARTESIAN_POINT('',(25.5000025480986,15.,136.500002026558));
#9241=CARTESIAN_POINT('',(59.0000016521662,15.,136.500002026558));
#9242=CARTESIAN_POINT('',(25.5000025480986,15.,128.499997138977));
#9243=CARTESIAN_POINT('',(25.5000025480986,15.,107.875001607463));
#9244=CARTESIAN_POINT('',(3.99999666959047,15.,128.499997138977));
#9245=CARTESIAN_POINT('',(46.0000014584512,15.,128.499997138977));
#9246=CARTESIAN_POINT('',(3.99999666959047,15.,33.0000004917383));
#9247=CARTESIAN_POINT('',(3.99999666959047,15.,103.874999163672));
#9248=CARTESIAN_POINT('',(1.99999666959048,15.,33.0000004917383));
#9249=CARTESIAN_POINT('',(34.9999985191971,15.,33.0000004917383));
#9250=CARTESIAN_POINT('',(1.99999666959048,15.,127.999997138977));
#9251=CARTESIAN_POINT('',(1.99999666959048,15.,103.874999163672));
#9252=CARTESIAN_POINT('',(3.99999666959047,15.,129.999997138977));
#9253=CARTESIAN_POINT('Origin',(3.99999666959047,15.,127.999997138977));
#9254=CARTESIAN_POINT('',(24.0000025480986,15.,129.999997138977));
#9255=CARTESIAN_POINT('',(46.0000014584512,15.,129.999997138977));
#9256=CARTESIAN_POINT('',(24.0000025480986,15.,136.000002026558));
#9257=CARTESIAN_POINT('',(24.0000025480986,15.,107.875001607463));
#9258=CARTESIAN_POINT('',(26.0000025480986,15.,138.000002026558));
#9259=CARTESIAN_POINT('Origin',(26.0000025480986,15.,136.000002026558));
#9260=CARTESIAN_POINT('',(52.0000029355288,15.,138.000002026558));
#9261=CARTESIAN_POINT('',(59.0000016521662,15.,138.000002026558));
#9262=CARTESIAN_POINT('',(54.0000029355287,15.,136.000002026558));
#9263=CARTESIAN_POINT('Origin',(52.0000029355288,15.,136.000002026558));
#9264=CARTESIAN_POINT('',(54.0000029355287,15.,133.000001952052));
#9265=CARTESIAN_POINT('',(54.0000029355287,15.,105.37500157021));
#9266=CARTESIAN_POINT('',(74.0000032633543,15.,133.000001952052));
#9267=CARTESIAN_POINT('',(70.000001816079,15.,133.000001952052));
#9268=CARTESIAN_POINT('',(76.0000032633543,15.,131.000001952052));
#9269=CARTESIAN_POINT('Origin',(74.0000032633543,15.,131.000001952052));
#9270=CARTESIAN_POINT('',(76.0000032633543,15.,108.000001579523));
#9271=CARTESIAN_POINT('',(76.0000032633543,15.,92.8750013839453));
#9272=CARTESIAN_POINT('',(81.0000033974648,15.,108.000001579523));
#9273=CARTESIAN_POINT('',(74.5000018831342,15.,108.000001579523));
#9274=CARTESIAN_POINT('',(81.0000033974648,15.,110.000001639128));
#9275=CARTESIAN_POINT('',(81.0000033974648,15.,94.8750014137477));
#9276=CARTESIAN_POINT('',(83.0000033974648,15.,112.000001639128));
#9277=CARTESIAN_POINT('Origin',(83.0000033974648,15.,110.000001639128));
#9278=CARTESIAN_POINT('',(100.000003680587,15.,112.000001639128));
#9279=CARTESIAN_POINT('',(84.0000020246953,15.,112.000001639128));
#9280=CARTESIAN_POINT('',(100.000003680587,15.,115.000001713634));
#9281=CARTESIAN_POINT('',(100.000003680587,15.,97.3750014510006));
#9282=CARTESIAN_POINT('',(102.000003680587,15.,117.000001713634));
#9283=CARTESIAN_POINT('Origin',(102.000003680587,15.,115.000001713634));
#9284=CARTESIAN_POINT('',(128.000004068017,15.,117.000001713634));
#9285=CARTESIAN_POINT('',(97.0000022184104,15.,117.000001713634));
#9286=CARTESIAN_POINT('',(130.000004068017,15.,115.000001713634));
#9287=CARTESIAN_POINT('Origin',(128.000004068017,15.,115.000001713634));
#9288=CARTESIAN_POINT('',(130.000004068017,15.,32.0000004768372));
#9289=CARTESIAN_POINT('',(130.000004068017,15.,55.8750008326024));
#9290=CARTESIAN_POINT('',(128.000004068017,15.,30.0000004768372));
#9291=CARTESIAN_POINT('Origin',(128.000004068017,15.,32.0000004768372));
#9292=CARTESIAN_POINT('',(111.000003784895,15.,30.0000004768372));
#9293=CARTESIAN_POINT('',(87.5000020768493,15.,30.0000004768372));
#9294=CARTESIAN_POINT('',(111.000003784895,15.,28.0000004172325));
#9295=CARTESIAN_POINT('',(111.000003784895,15.,53.8750008028001));
#9296=CARTESIAN_POINT('',(109.000003784895,15.,26.0000004172325));
#9297=CARTESIAN_POINT('Origin',(109.000003784895,15.,28.0000004172325));
#9298=CARTESIAN_POINT('',(91.0000034868717,15.,26.0000004172325));
#9299=CARTESIAN_POINT('',(77.5000019278377,15.,26.0000004172325));
#9300=CARTESIAN_POINT('',(91.0000034868717,15.,23.5000003501773));
#9301=CARTESIAN_POINT('',(91.0000034868717,15.,51.6250007692724));
#9302=CARTESIAN_POINT('',(89.0000034868717,15.,21.5000003501773));
#9303=CARTESIAN_POINT('Origin',(89.0000034868717,15.,23.5000003501773));
#9304=CARTESIAN_POINT('',(65.0000031292439,15.,21.5000003501773));
#9305=CARTESIAN_POINT('',(65.5000017490238,15.,21.5000003501773));
#9306=CARTESIAN_POINT('',(63.0000031292439,15.,23.5000003501773));
#9307=CARTESIAN_POINT('Origin',(65.0000031292439,15.,23.5000003501773));
#9308=CARTESIAN_POINT('',(63.0000031292439,15.,26.5000004246831));
#9309=CARTESIAN_POINT('',(63.0000031292439,15.,54.1250008065253));
#9310=CARTESIAN_POINT('',(46.0000028461218,15.,26.5000004246831));
#9311=CARTESIAN_POINT('',(56.0000016074628,15.,26.5000004246831));
#9312=CARTESIAN_POINT('',(44.0000028461218,15.,28.5000004246831));
#9313=CARTESIAN_POINT('Origin',(46.0000028461218,15.,28.5000004246831));
#9314=CARTESIAN_POINT('',(44.0000028461218,15.,31.4760492602285));
#9315=CARTESIAN_POINT('',(44.0000028461218,15.,56.6250008437783));
#9316=CARTESIAN_POINT('',(4.02380450325053,15.,31.0001421999945));
#9317=CARTESIAN_POINT('',(35.2976478968817,15.,31.3724498102387));
#9318=CARTESIAN_POINT('',(2.00013837784669,15.,32.9761926580783));
#9319=CARTESIAN_POINT('Ctrl Pts',(4.02380450325053,15.,31.0001421999945));
#9320=CARTESIAN_POINT('Ctrl Pts',(3.61958180581004,15.,30.995330025661));
#9321=CARTESIAN_POINT('Ctrl Pts',(3.30224325190065,15.,31.0221950152915));
#9322=CARTESIAN_POINT('Ctrl Pts',(3.04949940710489,15.,31.0826477102501));
#9323=CARTESIAN_POINT('Ctrl Pts',(2.8555460828228,15.,31.1290385577047));
#9324=CARTESIAN_POINT('Ctrl Pts',(2.69717137650346,15.,31.1957693972083));
#9325=CARTESIAN_POINT('Ctrl Pts',(2.56720748395534,15.,31.2853793216928));
#9326=CARTESIAN_POINT('Ctrl Pts',(2.45280119259181,15.,31.3642623016393));
#9327=CARTESIAN_POINT('Ctrl Pts',(2.35999630288298,15.,31.4612166752135));
#9328=CARTESIAN_POINT('Ctrl Pts',(2.2849538349482,15.,31.578111279616));
#9329=CARTESIAN_POINT('Ctrl Pts',(2.20633240561779,15.,31.7005808775925));
#9330=CARTESIAN_POINT('Ctrl Pts',(2.14548112914772,15.,31.847564501663));
#9331=CARTESIAN_POINT('Ctrl Pts',(2.10050070443905,15.,32.0246275277627));
#9332=CARTESIAN_POINT('Ctrl Pts',(2.03754366243371,15.,32.2724545423796));
#9333=CARTESIAN_POINT('Ctrl Pts',(2.00482199357774,15.,32.5827688846749));
#9334=CARTESIAN_POINT('Ctrl Pts',(2.00013837784669,15.,32.9761926580783));
#9335=CARTESIAN_POINT('',(35.2738400632216,15.,33.3723081019825));
#9336=CARTESIAN_POINT('',(35.2738400632216,15.,33.3723081019825));
#9337=CARTESIAN_POINT('Origin',(87.5000020768493,14.75,31.7500004768372));
#9338=CARTESIAN_POINT('',(109.000003784895,14.5,32.0000004768372));
#9339=CARTESIAN_POINT('',(128.000004068017,14.5,32.0000004768372));
#9340=CARTESIAN_POINT('',(87.5000020768493,14.5,32.0000004768372));
#9341=CARTESIAN_POINT('',(128.000004068017,11.75,34.7500004768372));
#9342=CARTESIAN_POINT('',(109.500003784895,15.,31.5000004768372));
#9343=CARTESIAN_POINT('Origin',(109.250003784895,14.75,53.8750008028001));
#9344=CARTESIAN_POINT('',(109.000003784895,14.5,28.0000004172325));
#9345=CARTESIAN_POINT('',(109.500003784895,15.,27.5000004172325));
#9346=CARTESIAN_POINT('',(109.000003784895,14.5,53.8750008028001));
#9347=CARTESIAN_POINT('Origin',(77.5000019278377,14.75,27.7500004172325));
#9348=CARTESIAN_POINT('',(89.0000034868717,14.5,28.0000004172325));
#9349=CARTESIAN_POINT('',(89.5000034868717,15.,27.5000004172325));
#9350=CARTESIAN_POINT('',(77.5000019278377,14.5,28.0000004172325));
#9351=CARTESIAN_POINT('Origin',(89.2500034868717,14.75,51.6250007692724));
#9352=CARTESIAN_POINT('',(89.0000034868717,14.5,23.5000003501773));
#9353=CARTESIAN_POINT('',(89.5000034868717,15.,23.0000003501773));
#9354=CARTESIAN_POINT('',(89.0000034868717,14.5,51.6250007692724));
#9355=CARTESIAN_POINT('Origin',(65.5000017490238,14.75,23.2500003501773));
#9356=CARTESIAN_POINT('',(65.0000031292439,14.5,23.5000003501773));
#9357=CARTESIAN_POINT('',(64.5000031292439,15.,23.0000003501773));
#9358=CARTESIAN_POINT('',(65.5000017490238,14.5,23.5000003501773));
#9359=CARTESIAN_POINT('Origin',(64.7500031292439,14.75,54.1250008065253));
#9360=CARTESIAN_POINT('',(65.0000031292439,14.5,28.5000004246831));
#9361=CARTESIAN_POINT('',(64.5000031292439,15.,28.0000004246831));
#9362=CARTESIAN_POINT('',(65.0000031292439,14.5,54.1250008065253));
#9363=CARTESIAN_POINT('Origin',(56.0000016074628,14.75,28.2500004246831));
#9364=CARTESIAN_POINT('',(46.0000028461218,14.5,28.5000004246831));
#9365=CARTESIAN_POINT('',(45.5000028461218,15.,28.0000004246831));
#9366=CARTESIAN_POINT('',(56.0000016074628,14.5,28.5000004246831));
#9367=CARTESIAN_POINT('Origin',(45.7500028461218,14.75,56.6250008437783));
#9368=CARTESIAN_POINT('',(46.0000028461218,14.5,56.6250008437783));
#9369=CARTESIAN_POINT('Origin',(46.0000014584512,14.75,128.249997138977));
#9370=CARTESIAN_POINT('',(26.0000025480986,14.5,127.999997138977));
#9371=CARTESIAN_POINT('',(3.99999666959047,14.5,127.999997138977));
#9372=CARTESIAN_POINT('',(46.0000014584512,14.5,127.999997138977));
#9373=CARTESIAN_POINT('',(3.99999666959047,11.75,125.249997138977));
#9374=CARTESIAN_POINT('',(25.5000025480986,15.,128.499997138977));
#9375=CARTESIAN_POINT('Origin',(25.7500025480986,14.75,107.875001607463));
#9376=CARTESIAN_POINT('',(26.0000025480986,14.5,136.000002026558));
#9377=CARTESIAN_POINT('',(25.5000025480986,15.,136.500002026558));
#9378=CARTESIAN_POINT('',(26.0000025480986,14.5,107.875001607463));
#9379=CARTESIAN_POINT('Origin',(59.0000016521662,14.75,136.250002026558));
#9380=CARTESIAN_POINT('',(52.0000029355288,14.5,136.000002026558));
#9381=CARTESIAN_POINT('',(52.5000029355288,15.,136.500002026558));
#9382=CARTESIAN_POINT('',(59.0000016521662,14.5,136.000002026558));
#9383=CARTESIAN_POINT('Origin',(52.2500029355288,14.75,105.37500157021));
#9384=CARTESIAN_POINT('',(52.0000029355288,14.5,131.000001952052));
#9385=CARTESIAN_POINT('',(52.5000029355288,15.,131.500001952052));
#9386=CARTESIAN_POINT('',(52.0000029355288,14.5,105.37500157021));
#9387=CARTESIAN_POINT('Origin',(70.000001816079,14.75,131.250001952052));
#9388=CARTESIAN_POINT('',(74.0000032633543,14.5,131.000001952052));
#9389=CARTESIAN_POINT('',(74.5000032633543,15.,131.500001952052));
#9390=CARTESIAN_POINT('',(70.000001816079,14.5,131.000001952052));
#9391=CARTESIAN_POINT('Origin',(74.2500032633543,14.75,92.8750013839453));
#9392=CARTESIAN_POINT('',(74.0000032633543,14.5,106.000001579523));
#9393=CARTESIAN_POINT('',(74.5000032633543,15.,106.500001579523));
#9394=CARTESIAN_POINT('',(74.0000032633543,14.5,92.8750013839453));
#9395=CARTESIAN_POINT('Origin',(74.5000018831342,14.75,106.250001579523));
#9396=CARTESIAN_POINT('',(83.0000033974648,14.5,106.000001579523));
#9397=CARTESIAN_POINT('',(82.5000033974648,15.,106.500001579523));
#9398=CARTESIAN_POINT('',(74.5000018831342,14.5,106.000001579523));
#9399=CARTESIAN_POINT('Origin',(82.7500033974648,14.75,94.8750014137477));
#9400=CARTESIAN_POINT('',(83.0000033974648,14.5,110.000001639128));
#9401=CARTESIAN_POINT('',(82.5000033974648,15.,110.500001639128));
#9402=CARTESIAN_POINT('',(83.0000033974648,14.5,94.8750014137477));
#9403=CARTESIAN_POINT('Origin',(84.0000020246953,14.75,110.250001639128));
#9404=CARTESIAN_POINT('',(102.000003680587,14.5,110.000001639128));
#9405=CARTESIAN_POINT('',(101.500003680587,15.,110.500001639128));
#9406=CARTESIAN_POINT('',(84.0000020246953,14.5,110.000001639128));
#9407=CARTESIAN_POINT('Origin',(101.750003680587,14.75,97.3750014510006));
#9408=CARTESIAN_POINT('',(102.000003680587,14.5,115.000001713634));
#9409=CARTESIAN_POINT('',(101.500003680587,15.,115.500001713634));
#9410=CARTESIAN_POINT('',(102.000003680587,14.5,97.3750014510006));
#9411=CARTESIAN_POINT('Origin',(97.0000022184104,14.75,115.250001713634));
#9412=CARTESIAN_POINT('',(128.000004068017,14.5,115.000001713634));
#9413=CARTESIAN_POINT('',(128.000004068017,-9.00000030919905,91.5000014044342));
#9414=CARTESIAN_POINT('',(97.0000022184104,14.5,115.000001713634));
#9415=CARTESIAN_POINT('Origin',(26.0000025480986,3.,127.999997138977));
#9416=CARTESIAN_POINT('',(26.0000025480986,3.,127.999997138977));
#9417=CARTESIAN_POINT('',(3.99999666959047,3.,127.999997138977));
#9418=CARTESIAN_POINT('Origin',(26.0000025480986,3.,136.000002026558));
#9419=CARTESIAN_POINT('',(26.0000025480986,3.,136.000002026558));
#9420=CARTESIAN_POINT('Origin',(52.0000029355288,3.,136.000002026558));
#9421=CARTESIAN_POINT('',(52.0000029355288,3.,136.000002026558));
#9422=CARTESIAN_POINT('Origin',(52.0000029355288,3.,131.000001952052));
#9423=CARTESIAN_POINT('',(52.0000029355288,3.,131.000001952052));
#9424=CARTESIAN_POINT('Origin',(74.0000032633543,3.,131.000001952052));
#9425=CARTESIAN_POINT('',(74.0000032633543,3.,131.000001952052));
#9426=CARTESIAN_POINT('Origin',(74.0000032633543,3.,106.000001579523));
#9427=CARTESIAN_POINT('',(74.0000032633543,3.,106.000001579523));
#9428=CARTESIAN_POINT('Origin',(83.0000033974648,3.,106.000001579523));
#9429=CARTESIAN_POINT('',(83.0000033974648,3.,106.000001579523));
#9430=CARTESIAN_POINT('Origin',(83.0000033974648,3.,110.000001639128));
#9431=CARTESIAN_POINT('',(83.0000033974648,3.,110.000001639128));
#9432=CARTESIAN_POINT('Origin',(102.000003680587,3.,110.000001639128));
#9433=CARTESIAN_POINT('',(102.000003680587,3.,110.000001639128));
#9434=CARTESIAN_POINT('Origin',(102.000003680587,3.,115.000001713634));
#9435=CARTESIAN_POINT('',(102.000003680587,3.,115.000001713634));
#9436=CARTESIAN_POINT('Origin',(128.000004068017,3.,115.000001713634));
#9437=CARTESIAN_POINT('',(128.000004068017,3.,115.000001713634));
#9438=CARTESIAN_POINT('Ctrl Pts',(4.02380450325053,13.,31.0001421999945));
#9439=CARTESIAN_POINT('Ctrl Pts',(4.02380450325053,15.,31.0001421999945));
#9440=CARTESIAN_POINT('Ctrl Pts',(3.61958180581004,13.,30.995330025661));
#9441=CARTESIAN_POINT('Ctrl Pts',(3.61958180581004,15.,30.995330025661));
#9442=CARTESIAN_POINT('Ctrl Pts',(3.30224325190065,13.,31.0221950152915));
#9443=CARTESIAN_POINT('Ctrl Pts',(3.30224325190065,15.,31.0221950152915));
#9444=CARTESIAN_POINT('Ctrl Pts',(2.8555460828228,13.,31.1290385577047));
#9445=CARTESIAN_POINT('Ctrl Pts',(2.8555460828228,15.,31.1290385577047));
#9446=CARTESIAN_POINT('Ctrl Pts',(2.69717137650346,13.,31.1957693972083));
#9447=CARTESIAN_POINT('Ctrl Pts',(2.69717137650346,15.,31.1957693972083));
#9448=CARTESIAN_POINT('Ctrl Pts',(2.45280119259181,13.,31.3642623016393));
#9449=CARTESIAN_POINT('Ctrl Pts',(2.45280119259181,15.,31.3642623016393));
#9450=CARTESIAN_POINT('Ctrl Pts',(2.35999630288298,13.,31.4612166752135));
#9451=CARTESIAN_POINT('Ctrl Pts',(2.35999630288298,15.,31.4612166752135));
#9452=CARTESIAN_POINT('Ctrl Pts',(2.20633240561779,13.,31.7005808775925));
#9453=CARTESIAN_POINT('Ctrl Pts',(2.20633240561779,15.,31.7005808775925));
#9454=CARTESIAN_POINT('Ctrl Pts',(2.14548112914772,13.,31.847564501663));
#9455=CARTESIAN_POINT('Ctrl Pts',(2.14548112914772,15.,31.847564501663));
#9456=CARTESIAN_POINT('Ctrl Pts',(2.03754366243371,13.,32.2724545423796));
#9457=CARTESIAN_POINT('Ctrl Pts',(2.03754366243371,15.,32.2724545423796));
#9458=CARTESIAN_POINT('Ctrl Pts',(2.00482199357774,13.,32.5827688846749));
#9459=CARTESIAN_POINT('Ctrl Pts',(2.00482199357774,15.,32.5827688846749));
#9460=CARTESIAN_POINT('Ctrl Pts',(2.00013837784669,13.,32.9761926580783));
#9461=CARTESIAN_POINT('Ctrl Pts',(2.00013837784669,15.,32.9761926580783));
#9462=CARTESIAN_POINT('',(2.00013837784669,13.,32.9761926580783));
#9463=CARTESIAN_POINT('',(4.02380450325053,13.,31.0001421999945));
#9464=CARTESIAN_POINT('Ctrl Pts',(2.00013837784669,13.,32.9761926580783));
#9465=CARTESIAN_POINT('Ctrl Pts',(2.00482199357774,13.,32.5827688846749));
#9466=CARTESIAN_POINT('Ctrl Pts',(2.03754366243371,13.,32.2724545423796));
#9467=CARTESIAN_POINT('Ctrl Pts',(2.10050070443905,13.,32.0246275277627));
#9468=CARTESIAN_POINT('Ctrl Pts',(2.14548112914772,13.,31.847564501663));
#9469=CARTESIAN_POINT('Ctrl Pts',(2.20633240561779,13.,31.7005808775925));
#9470=CARTESIAN_POINT('Ctrl Pts',(2.2849538349482,13.,31.578111279616));
#9471=CARTESIAN_POINT('Ctrl Pts',(2.35999630288298,13.,31.4612166752135));
#9472=CARTESIAN_POINT('Ctrl Pts',(2.45280119259181,13.,31.3642623016393));
#9473=CARTESIAN_POINT('Ctrl Pts',(2.56720748395534,13.,31.2853793216928));
#9474=CARTESIAN_POINT('Ctrl Pts',(2.69717137650346,13.,31.1957693972083));
#9475=CARTESIAN_POINT('Ctrl Pts',(2.8555460828228,13.,31.1290385577047));
#9476=CARTESIAN_POINT('Ctrl Pts',(3.04949940710489,13.,31.0826477102501));
#9477=CARTESIAN_POINT('Ctrl Pts',(3.30224325190065,13.,31.0221950152915));
#9478=CARTESIAN_POINT('Ctrl Pts',(3.61958180581004,13.,30.995330025661));
#9479=CARTESIAN_POINT('Ctrl Pts',(4.02380450325053,13.,31.0001421999945));
#9480=CARTESIAN_POINT('',(2.00013837784669,13.,32.9761926580783));
#9481=CARTESIAN_POINT('',(4.02380450325053,13.,31.0001421999945));
#9482=CARTESIAN_POINT('Origin',(100.000003680587,3.,115.000001713634));
#9483=CARTESIAN_POINT('',(100.000003680587,-2.77555756156289E-16,112.000001639128));
#9484=CARTESIAN_POINT('',(100.000003680587,13.,112.000001639128));
#9485=CARTESIAN_POINT('',(100.000003680587,-2.77555756156289E-16,115.000001713634));
#9486=CARTESIAN_POINT('',(100.000003680587,-2.77555756156289E-16,115.000001713634));
#9487=CARTESIAN_POINT('',(100.000003680587,3.,115.000001713634));
#9488=CARTESIAN_POINT('Origin',(102.000003680587,3.,112.000001639128));
#9489=CARTESIAN_POINT('',(83.0000033974648,-2.77555756156289E-16,112.000001639128));
#9490=CARTESIAN_POINT('',(83.0000033974648,13.,112.000001639128));
#9491=CARTESIAN_POINT('',(83.0000033974648,-2.77555756156289E-16,112.000001639128));
#9492=CARTESIAN_POINT('Origin',(83.0000033974648,3.,110.000001639128));
#9493=CARTESIAN_POINT('',(81.0000033974648,-2.77555756156289E-16,110.000001639128));
#9494=CARTESIAN_POINT('',(81.0000033974648,3.,110.000001639128));
#9495=CARTESIAN_POINT('Origin',(83.0000033974648,-2.77555756156289E-16,
110.000001639128));
#9496=CARTESIAN_POINT('Origin',(81.0000033974648,3.,110.000001639128));
#9497=CARTESIAN_POINT('',(81.0000033974648,-2.77555756156289E-16,108.000001579523));
#9498=CARTESIAN_POINT('',(81.0000033974648,13.,108.000001579523));
#9499=CARTESIAN_POINT('',(81.0000033974648,-2.77555756156289E-16,110.000001639128));
#9500=CARTESIAN_POINT('Origin',(109.000003784895,3.,28.0000004172325));
#9501=CARTESIAN_POINT('',(109.000003784895,3.,28.0000004172325));
#9502=CARTESIAN_POINT('',(109.000003784895,3.,32.0000004768372));
#9503=CARTESIAN_POINT('Origin',(83.0000033974648,3.,108.000001579523));
#9504=CARTESIAN_POINT('',(76.0000032633543,-2.77555756156289E-16,108.000001579523));
#9505=CARTESIAN_POINT('',(76.0000032633543,3.,108.000001579523));
#9506=CARTESIAN_POINT('',(74.0000032633543,-2.77555756156289E-16,108.000001579523));
#9507=CARTESIAN_POINT('Origin',(89.0000034868717,3.,28.0000004172325));
#9508=CARTESIAN_POINT('',(89.0000034868717,3.,28.0000004172325));
#9509=CARTESIAN_POINT('Origin',(76.0000032633543,3.,106.000001579523));
#9510=CARTESIAN_POINT('',(76.0000032633543,-2.77555756156289E-16,131.000001952052));
#9511=CARTESIAN_POINT('',(76.0000032633543,13.,131.000001952052));
#9512=CARTESIAN_POINT('',(76.0000032633543,-2.77555756156289E-16,131.000001952052));
#9513=CARTESIAN_POINT('Origin',(89.0000034868717,3.,23.5000003501773));
#9514=CARTESIAN_POINT('',(89.0000034868717,3.,23.5000003501773));
#9515=CARTESIAN_POINT('Origin',(74.0000032633543,3.,131.000001952052));
#9516=CARTESIAN_POINT('',(74.0000032633543,-2.77555756156289E-16,133.000001952052));
#9517=CARTESIAN_POINT('',(74.0000032633543,3.,133.000001952052));
#9518=CARTESIAN_POINT('Origin',(74.0000032633543,-2.77555756156289E-16,
131.000001952052));
#9519=CARTESIAN_POINT('Origin',(65.0000031292439,3.,23.5000003501773));
#9520=CARTESIAN_POINT('',(65.0000031292439,3.,23.5000003501773));
#9521=CARTESIAN_POINT('Origin',(74.0000032633543,3.,133.000001952052));
#9522=CARTESIAN_POINT('',(54.0000029355287,-2.77555756156289E-16,133.000001952052));
#9523=CARTESIAN_POINT('',(54.0000029355288,3.,133.000001952052));
#9524=CARTESIAN_POINT('',(52.0000029355288,-2.77555756156289E-16,133.000001952052));
#9525=CARTESIAN_POINT('Origin',(65.0000031292439,3.,28.5000004246831));
#9526=CARTESIAN_POINT('',(65.0000031292439,3.,28.5000004246831));
#9527=CARTESIAN_POINT('Origin',(54.0000029355287,3.,131.000001952052));
#9528=CARTESIAN_POINT('',(54.0000029355287,-2.77555756156289E-16,136.000002026558));
#9529=CARTESIAN_POINT('',(54.0000029355287,13.,136.000002026558));
#9530=CARTESIAN_POINT('',(54.0000029355287,-2.77555756156289E-16,136.000002026558));
#9531=CARTESIAN_POINT('Origin',(46.0000028461218,3.,28.5000004246831));
#9532=CARTESIAN_POINT('',(46.0000028461218,3.,28.5000004246831));
#9533=CARTESIAN_POINT('Origin',(52.0000029355288,3.,136.000002026558));
#9534=CARTESIAN_POINT('',(52.0000029355288,-2.77555756156289E-16,138.000002026558));
#9535=CARTESIAN_POINT('',(52.0000029355288,3.,138.000002026558));
#9536=CARTESIAN_POINT('Origin',(52.0000029355288,-2.77555756156289E-16,
136.000002026558));
#9537=CARTESIAN_POINT('Origin',(46.0000028461218,3.,33.5000004991889));
#9538=CARTESIAN_POINT('Origin',(52.0000029355288,3.,138.000002026558));
#9539=CARTESIAN_POINT('',(26.0000025480986,-2.77555756156289E-16,138.000002026558));
#9540=CARTESIAN_POINT('',(26.0000025480986,13.,138.000002026558));
#9541=CARTESIAN_POINT('',(26.0000025480986,-2.77555756156289E-16,138.000002026558));
#9542=CARTESIAN_POINT('Origin',(26.0000025480986,3.,136.000002026558));
#9543=CARTESIAN_POINT('',(24.0000025480986,-2.77555756156289E-16,136.000002026558));
#9544=CARTESIAN_POINT('',(24.0000025480986,3.,136.000002026558));
#9545=CARTESIAN_POINT('Origin',(26.0000025480986,-2.77555756156289E-16,
136.000002026558));
#9546=CARTESIAN_POINT('Origin',(20.319471603893,12.,33.1942799295661));
#9547=CARTESIAN_POINT('',(20.3283995415155,12.,32.4443330701622));
#9548=CARTESIAN_POINT('Origin',(24.0000025480986,3.,136.000002026558));
#9549=CARTESIAN_POINT('',(24.0000025480986,-2.77555756156289E-16,129.999997138977));
#9550=CARTESIAN_POINT('',(24.0000025480986,13.,129.999997138977));
#9551=CARTESIAN_POINT('',(24.0000025480986,-2.77555756156289E-16,136.000002026558));
#9552=CARTESIAN_POINT('Origin',(18.4719442985321,6.75,32.4222324154284));
#9553=CARTESIAN_POINT('',(16.6154890555486,13.,32.4001317606947));
#9554=CARTESIAN_POINT('Origin',(26.0000025480986,3.,129.999997138977));
#9555=CARTESIAN_POINT('',(3.99999666959047,-2.77555756156289E-16,129.999997138977));
#9556=CARTESIAN_POINT('',(3.99999666959047,13.,129.999997138977));
#9557=CARTESIAN_POINT('',(3.99999666959047,-2.77555756156289E-16,129.999997138977));
#9558=CARTESIAN_POINT('Origin',(16.606561117926,1.5,33.1500786200986));
#9559=CARTESIAN_POINT('',(16.606561117926,13.,33.1500786200986));
#9560=CARTESIAN_POINT('Origin',(3.99999666959047,3.,127.999997138977));
#9561=CARTESIAN_POINT('',(1.99999666959048,-2.77555756156289E-16,127.999997138977));
#9562=CARTESIAN_POINT('',(1.99999666959048,3.,127.999997138977));
#9563=CARTESIAN_POINT('Origin',(3.99999666959047,-2.77555756156289E-16,
127.999997138977));
#9564=CARTESIAN_POINT('Origin',(3.99999666959047,3.,33.0000004917383));
#9565=CARTESIAN_POINT('',(3.99999666959047,3.,33.0000004917383));
#9566=CARTESIAN_POINT('Origin',(1.99999666959048,3.,127.999997138977));
#9567=CARTESIAN_POINT('',(1.99999666959048,-2.77555756156289E-16,33.0000004917383));
#9568=CARTESIAN_POINT('',(1.99999666959048,13.,33.0000004917383));
#9569=CARTESIAN_POINT('',(1.99999666959048,-2.77555756156289E-16,127.999997138977));
#9570=CARTESIAN_POINT('Origin',(3.99999666959047,3.,33.0000004917383));
#9571=CARTESIAN_POINT('',(3.99999666959047,3.,33.0000004917383));
#9572=CARTESIAN_POINT('',(3.99999666959047,-2.77555756156289E-16,33.0000004917383));
#9573=CARTESIAN_POINT('',(3.99999666959047,3.,33.0000004917383));
#9574=CARTESIAN_POINT('',(3.99999666959047,-2.77555756156289E-16,33.0000004917383));
#9575=CARTESIAN_POINT('Origin',(3.99999666959047,-2.77555756156289E-16,
33.0000004917383));
#9576=CARTESIAN_POINT('',(2.00013837784669,12.,32.9761926580783));
#9577=CARTESIAN_POINT('',(2.00013837784669,12.,32.9761926580783));
#9578=CARTESIAN_POINT('',(2.00013837784669,-2.77555756156289E-16,32.9761926580783));
#9579=CARTESIAN_POINT('',(2.00013837784669,3.,32.9761926580783));
#9580=CARTESIAN_POINT('',(3.99999666959047,-2.77555756156289E-16,33.0000004917383));
#9581=CARTESIAN_POINT('Ctrl Pts',(4.02380450325053,12.,31.0001421999945));
#9582=CARTESIAN_POINT('Ctrl Pts',(4.02380450325053,15.,31.0001421999945));
#9583=CARTESIAN_POINT('Ctrl Pts',(3.6969485114407,12.,30.9962510577491));
#9584=CARTESIAN_POINT('Ctrl Pts',(3.6969485114407,15.,30.9962510577491));
#9585=CARTESIAN_POINT('Ctrl Pts',(3.40179932174051,12.,31.0123288430642));
#9586=CARTESIAN_POINT('Ctrl Pts',(3.40179932174051,15.,31.0123288430642));
#9587=CARTESIAN_POINT('Ctrl Pts',(2.9511014725191,12.,31.0995100299555));
#9588=CARTESIAN_POINT('Ctrl Pts',(2.9511014725191,15.,31.0995100299555));
#9589=CARTESIAN_POINT('Ctrl Pts',(2.78889210203467,12.,31.155500115569));
#9590=CARTESIAN_POINT('Ctrl Pts',(2.78889210203467,15.,31.155500115569));
#9591=CARTESIAN_POINT('Ctrl Pts',(2.53433885219847,12.,31.2985763752742));
#9592=CARTESIAN_POINT('Ctrl Pts',(2.53433885219847,15.,31.2985763752742));
#9593=CARTESIAN_POINT('Ctrl Pts',(2.43221895968903,12.,31.3835776426426));
#9594=CARTESIAN_POINT('Ctrl Pts',(2.43221895968903,15.,31.3835776426426));
#9595=CARTESIAN_POINT('Ctrl Pts',(2.25079629207391,12.,31.6125702010747));
#9596=CARTESIAN_POINT('Ctrl Pts',(2.25079629207391,15.,31.6125702010747));
#9597=CARTESIAN_POINT('Ctrl Pts',(2.17685290927879,12.,31.7617505607135));
#9598=CARTESIAN_POINT('Ctrl Pts',(2.17685290927879,15.,31.7617505607135));
#9599=CARTESIAN_POINT('Ctrl Pts',(2.03555027055248,12.,32.2372958462347));
#9600=CARTESIAN_POINT('Ctrl Pts',(2.03555027055248,15.,32.2372958462347));
#9601=CARTESIAN_POINT('Ctrl Pts',(2.00468626669976,12.,32.5941699439321));
#9602=CARTESIAN_POINT('Ctrl Pts',(2.00468626669976,15.,32.5941699439321));
#9603=CARTESIAN_POINT('Ctrl Pts',(2.00013837784668,12.,32.9761926580783));
#9604=CARTESIAN_POINT('Ctrl Pts',(2.00013837784668,15.,32.9761926580783));
#9605=CARTESIAN_POINT('',(4.02380450325053,12.,31.0001421999945));
#9606=CARTESIAN_POINT('',(4.02380450325053,12.,31.0001421999945));
#9607=CARTESIAN_POINT('Ctrl Pts',(2.00013837784668,12.,32.9761926580783));
#9608=CARTESIAN_POINT('Ctrl Pts',(2.00468626669976,12.,32.5941699439321));
#9609=CARTESIAN_POINT('Ctrl Pts',(2.03555027055248,12.,32.2372958462347));
#9610=CARTESIAN_POINT('Ctrl Pts',(2.12235876811802,12.,31.9451472201893));
#9611=CARTESIAN_POINT('Ctrl Pts',(2.17685290927879,12.,31.7617505607135));
#9612=CARTESIAN_POINT('Ctrl Pts',(2.25079629207391,12.,31.6125702010747));
#9613=CARTESIAN_POINT('Ctrl Pts',(2.3470077509973,12.,31.4911316376417));
#9614=CARTESIAN_POINT('Ctrl Pts',(2.43221895968903,12.,31.3835776426426));
#9615=CARTESIAN_POINT('Ctrl Pts',(2.53433885219847,12.,31.2985763752742));
#9616=CARTESIAN_POINT('Ctrl Pts',(2.65384835882822,12.,31.2314038947861));
#9617=CARTESIAN_POINT('Ctrl Pts',(2.78889210203467,12.,31.155500115569));
#9618=CARTESIAN_POINT('Ctrl Pts',(2.9511014725191,12.,31.0995100299555));
#9619=CARTESIAN_POINT('Ctrl Pts',(3.14739669478323,12.,31.0615394683306));
#9620=CARTESIAN_POINT('Ctrl Pts',(3.40179932174051,12.,31.0123288430642));
#9621=CARTESIAN_POINT('Ctrl Pts',(3.6969485114407,12.,30.9962510577491));
#9622=CARTESIAN_POINT('Ctrl Pts',(4.02380450325053,12.,31.0001421999945));
#9623=CARTESIAN_POINT('Ctrl Pts',(4.02380450325053,-1.11022302462516E-15,
31.0001421999945));
#9624=CARTESIAN_POINT('Ctrl Pts',(4.02380450325053,4.,31.0001421999945));
#9625=CARTESIAN_POINT('Ctrl Pts',(4.02380450325053,8.00000000000001,31.0001421999945));
#9626=CARTESIAN_POINT('Ctrl Pts',(4.02380450325053,12.,31.0001421999945));
#9627=CARTESIAN_POINT('Ctrl Pts',(3.48509465201084,-1.11022302462516E-15,
30.9937289883273));
#9628=CARTESIAN_POINT('Ctrl Pts',(3.48509465201084,4.,30.9937289883273));
#9629=CARTESIAN_POINT('Ctrl Pts',(3.48509465201084,8.00000000000001,30.9937289883273));
#9630=CARTESIAN_POINT('Ctrl Pts',(3.48509465201084,12.,30.9937289883273));
#9631=CARTESIAN_POINT('Ctrl Pts',(2.81579924771273,-1.11022302462516E-15,
31.0852863515828));
#9632=CARTESIAN_POINT('Ctrl Pts',(2.81579924771273,4.00000000000001,31.0852863515828));
#9633=CARTESIAN_POINT('Ctrl Pts',(2.81579924771273,8.,31.0852863515828));
#9634=CARTESIAN_POINT('Ctrl Pts',(2.81579924771273,12.,31.0852863515828));
#9635=CARTESIAN_POINT('Ctrl Pts',(2.27599492883791,-1.11022302462516E-15,
31.4661404784731));
#9636=CARTESIAN_POINT('Ctrl Pts',(2.27599492883791,4.,31.4661404784731));
#9637=CARTESIAN_POINT('Ctrl Pts',(2.27599492883791,8.00000000000001,31.4661404784731));
#9638=CARTESIAN_POINT('Ctrl Pts',(2.27599492883791,12.,31.4661404784731));
#9639=CARTESIAN_POINT('Ctrl Pts',(2.05158339199951,-1.11022302462516E-15,
32.0676246131149));
#9640=CARTESIAN_POINT('Ctrl Pts',(2.05158339199951,4.,32.0676246131149));
#9641=CARTESIAN_POINT('Ctrl Pts',(2.05158339199951,8.,32.0676246131149));
#9642=CARTESIAN_POINT('Ctrl Pts',(2.05158339199951,12.,32.0676246131149));
#9643=CARTESIAN_POINT('Ctrl Pts',(2.00334498368028,-1.11022302462516E-15,
32.7068377324584));
#9644=CARTESIAN_POINT('Ctrl Pts',(2.00334498368028,4.,32.7068377324584));
#9645=CARTESIAN_POINT('Ctrl Pts',(2.00334498368028,8.00000000000001,32.7068377324584));
#9646=CARTESIAN_POINT('Ctrl Pts',(2.00334498368028,12.,32.7068377324584));
#9647=CARTESIAN_POINT('Ctrl Pts',(2.00013837784669,-1.11022302462516E-15,
32.9761926580783));
#9648=CARTESIAN_POINT('Ctrl Pts',(2.00013837784669,4.,32.9761926580783));
#9649=CARTESIAN_POINT('Ctrl Pts',(2.00013837784669,8.00000000000001,32.9761926580783));
#9650=CARTESIAN_POINT('Ctrl Pts',(2.00013837784669,12.,32.9761926580783));
#9651=CARTESIAN_POINT('',(4.02380450325053,-8.32667268468867E-16,31.0001421999945));
#9652=CARTESIAN_POINT('Ctrl Pts',(4.02380450325053,12.,31.0001421999945));
#9653=CARTESIAN_POINT('Ctrl Pts',(4.02380450325053,8.00000000000001,31.0001421999945));
#9654=CARTESIAN_POINT('Ctrl Pts',(4.02380450325053,4.,31.0001421999945));
#9655=CARTESIAN_POINT('Ctrl Pts',(4.02380450325053,-1.11022302462516E-15,
31.0001421999945));
#9656=CARTESIAN_POINT('Ctrl Pts',(4.02380450325053,-5.55111512312578E-16,
31.0001421999945));
#9657=CARTESIAN_POINT('Ctrl Pts',(3.48509465201084,-5.55111512312578E-16,
30.9937289883273));
#9658=CARTESIAN_POINT('Ctrl Pts',(3.15044694986179,-5.55111512312578E-16,
31.0395076699551));
#9659=CARTESIAN_POINT('Ctrl Pts',(2.89315571230812,-5.55111512312578E-16,
31.125872698584));
#9660=CARTESIAN_POINT('Ctrl Pts',(2.63586447475446,-5.55111512312578E-16,
31.2122377272129));
#9661=CARTESIAN_POINT('Ctrl Pts',(2.45592970179618,-5.55111512312578E-16,
31.339189102843));
#9662=CARTESIAN_POINT('Ctrl Pts',(2.32108000794937,-5.55111512312578E-16,
31.5229616175864));
#9663=CARTESIAN_POINT('Ctrl Pts',(2.18623031410255,-5.55111512312578E-16,
31.7067341323298));
#9664=CARTESIAN_POINT('Ctrl Pts',(2.09646569936719,-5.55111512312578E-16,
31.9473277861865));
#9665=CARTESIAN_POINT('Ctrl Pts',(2.04510486853575,-5.55111512312578E-16,
32.3116203905137));
#9666=CARTESIAN_POINT('Ctrl Pts',(2.01942445312002,-5.55111512312578E-16,
32.4937666926772));
#9667=CARTESIAN_POINT('Ctrl Pts',(2.00334498368028,-5.55111512312578E-16,
32.7068377324584));
#9668=CARTESIAN_POINT('Ctrl Pts',(2.00013837784669,-5.55111512312578E-16,
32.9761926580783));
#9669=CARTESIAN_POINT('Origin',(4.02380450325053,3.,31.0001421999945));
#9670=CARTESIAN_POINT('',(44.0000028461218,-2.77555756156289E-16,31.4760492602285));
#9671=CARTESIAN_POINT('',(44.0000028461218,3.,31.4760492602285));
#9672=CARTESIAN_POINT('',(4.02380450325053,-2.77555756156289E-16,31.0001421999945));
#9673=CARTESIAN_POINT('Origin',(102.000003680587,3.,115.000001713634));
#9674=CARTESIAN_POINT('',(102.000003680587,-2.77555756156289E-16,117.000001713634));
#9675=CARTESIAN_POINT('Origin',(102.000003680587,-2.77555756156289E-16,
115.000001713634));
#9676=CARTESIAN_POINT('',(102.000003680587,3.,117.000001713634));
#9677=CARTESIAN_POINT('Origin',(128.000004068017,3.,117.000001713634));
#9678=CARTESIAN_POINT('',(128.000004068017,-2.77555756156289E-16,117.000001713634));
#9679=CARTESIAN_POINT('',(102.000003680587,-2.77555756156289E-16,117.000001713634));
#9680=CARTESIAN_POINT('',(128.000004068017,3.,117.000001713634));
#9681=CARTESIAN_POINT('Origin',(128.000004068017,3.,115.000001713634));
#9682=CARTESIAN_POINT('',(130.000004068017,-2.77555756156289E-16,115.000001713634));
#9683=CARTESIAN_POINT('Origin',(128.000004068017,-2.77555756156289E-16,
115.000001713634));
#9684=CARTESIAN_POINT('',(130.000004068017,3.,115.000001713634));
#9685=CARTESIAN_POINT('Origin',(46.0000028461218,3.,28.5000004246831));
#9686=CARTESIAN_POINT('',(46.0000028461218,-2.77555756156289E-16,26.5000004246831));
#9687=CARTESIAN_POINT('',(46.0000028461218,3.,26.5000004246831));
#9688=CARTESIAN_POINT('',(44.0000028461218,-2.77555756156289E-16,28.5000004246831));
#9689=CARTESIAN_POINT('Origin',(46.0000028461218,-2.77555756156289E-16,
28.5000004246831));
#9690=CARTESIAN_POINT('',(44.0000028461218,3.,28.5000004246831));
#9691=CARTESIAN_POINT('Origin',(46.0000028461218,3.,26.5000004246831));
#9692=CARTESIAN_POINT('',(63.0000031292439,-2.77555756156289E-16,26.5000004246831));
#9693=CARTESIAN_POINT('',(63.0000031292438,3.,26.5000004246831));
#9694=CARTESIAN_POINT('',(65.0000031292439,-2.77555756156289E-16,26.5000004246831));
#9695=CARTESIAN_POINT('Origin',(65.0000031292439,3.,23.5000003501773));
#9696=CARTESIAN_POINT('',(65.0000031292439,-2.77555756156289E-16,21.5000003501773));
#9697=CARTESIAN_POINT('',(65.0000031292439,3.,21.5000003501773));
#9698=CARTESIAN_POINT('',(63.0000031292439,-2.77555756156289E-16,23.5000003501773));
#9699=CARTESIAN_POINT('Origin',(65.0000031292439,-2.77555756156289E-16,
23.5000003501773));
#9700=CARTESIAN_POINT('',(63.0000031292439,3.,23.5000003501773));
#9701=CARTESIAN_POINT('Origin',(65.0000031292439,3.,21.5000003501773));
#9702=CARTESIAN_POINT('',(89.0000034868717,-2.77555756156289E-16,21.5000003501773));
#9703=CARTESIAN_POINT('',(89.0000034868717,3.,21.5000003501773));
#9704=CARTESIAN_POINT('',(89.0000034868717,-2.77555756156289E-16,21.5000003501773));
#9705=CARTESIAN_POINT('Origin',(89.0000034868717,3.,23.5000003501773));
#9706=CARTESIAN_POINT('',(91.0000034868717,-2.77555756156289E-16,23.5000003501773));
#9707=CARTESIAN_POINT('',(91.0000034868717,3.,23.5000003501773));
#9708=CARTESIAN_POINT('Origin',(89.0000034868717,-2.77555756156289E-16,
23.5000003501773));
#9709=CARTESIAN_POINT('Origin',(91.0000034868717,3.,23.5000003501773));
#9710=CARTESIAN_POINT('',(91.0000034868717,-2.77555756156289E-16,26.0000004172325));
#9711=CARTESIAN_POINT('',(91.0000034868717,3.,26.0000004172325));
#9712=CARTESIAN_POINT('',(91.0000034868717,-2.77555756156289E-16,23.5000003501773));
#9713=CARTESIAN_POINT('Origin',(109.000003784895,3.,28.0000004172325));
#9714=CARTESIAN_POINT('',(111.000003784895,-2.77555756156289E-16,28.0000004172325));
#9715=CARTESIAN_POINT('',(111.000003784895,3.,28.0000004172325));
#9716=CARTESIAN_POINT('',(109.000003784895,-2.77555756156289E-16,26.0000004172325));
#9717=CARTESIAN_POINT('Origin',(109.000003784895,-2.77555756156289E-16,
28.0000004172325));
#9718=CARTESIAN_POINT('',(109.000003784895,3.,26.0000004172325));
#9719=CARTESIAN_POINT('Origin',(111.000003784895,3.,28.0000004172325));
#9720=CARTESIAN_POINT('',(111.000003784895,-2.77555756156289E-16,30.0000004768372));
#9721=CARTESIAN_POINT('',(111.000003784895,3.,30.0000004768372));
#9722=CARTESIAN_POINT('',(111.000003784895,-2.77555756156289E-16,28.0000004172325));
#9723=CARTESIAN_POINT('Origin',(128.000004068017,3.,32.0000004768372));
#9724=CARTESIAN_POINT('',(130.000004068017,-2.77555756156289E-16,32.0000004768372));
#9725=CARTESIAN_POINT('',(130.000004068017,3.,32.0000004768372));
#9726=CARTESIAN_POINT('',(128.000004068017,-2.77555756156289E-16,30.0000004768372));
#9727=CARTESIAN_POINT('Origin',(128.000004068017,-2.77555756156289E-16,
32.0000004768372));
#9728=CARTESIAN_POINT('',(128.000004068017,3.,30.0000004768372));
#9729=CARTESIAN_POINT('Origin',(130.000004068017,3.,32.0000004768372));
#9730=CARTESIAN_POINT('',(130.000004068017,-2.77555756156289E-16,32.0000004768372));
#9731=CARTESIAN_POINT('Origin',(128.000004068017,3.,32.0000004768372));
#9732=CARTESIAN_POINT('',(128.000004068017,3.,32.0000004768372));
#9733=CARTESIAN_POINT('Origin',(109.000003784895,3.,32.0000004768372));
#9734=CARTESIAN_POINT('Origin',(3.99999666959047,3.,127.999997138977));
#9735=CARTESIAN_POINT('Origin',(63.0000031292439,3.,28.5000004246831));
#9736=CARTESIAN_POINT('',(63.0000031292439,-2.77555756156289E-16,23.5000003501773));
#9737=CARTESIAN_POINT('Origin',(44.0000028461218,3.,33.5000004991889));
#9738=CARTESIAN_POINT('',(44.0000028461218,-2.77555756156289E-16,28.5000004246831));
#9739=CARTESIAN_POINT('Origin',(109.000003784895,3.,30.0000004768372));
#9740=CARTESIAN_POINT('',(128.000004068017,-2.77555756156289E-16,30.0000004768372));
#9741=CARTESIAN_POINT('Origin',(89.0000034868717,3.,26.0000004172325));
#9742=CARTESIAN_POINT('',(109.000003784895,-2.77555756156289E-16,26.0000004172325));
#9743=CARTESIAN_POINT('Origin',(66.0000003688037,-2.77555756156289E-16,
79.7500011883676));
#9744=CARTESIAN_POINT('Origin',(45.9999989718199,1.5,33.4999992512167));
#9745=CARTESIAN_POINT('',(45.9999989718199,1.5,33.4999992512167));
#9746=CARTESIAN_POINT('',(79.0000011771917,1.5,33.4999992512167));
#9747=CARTESIAN_POINT('',(45.9999989718199,1.5,33.4999992512167));
#9748=CARTESIAN_POINT('',(79.0000011771917,10.5,33.4999992512167));
#9749=CARTESIAN_POINT('',(79.0000011771917,1.5,33.4999992512167));
#9750=CARTESIAN_POINT('',(45.9999989718199,10.5,33.4999992512167));
#9751=CARTESIAN_POINT('',(45.9999989718199,10.5,33.4999992512167));
#9752=CARTESIAN_POINT('',(45.9999989718199,1.5,33.4999992512167));
#9753=CARTESIAN_POINT('Origin',(45.9999989718199,1.5,32.0000004768372));
#9754=CARTESIAN_POINT('',(45.9999989718199,1.5,32.0000004768372));
#9755=CARTESIAN_POINT('',(45.9999989718199,1.5,32.0000004768372));
#9756=CARTESIAN_POINT('',(45.9999989718199,10.5,32.0000004768372));
#9757=CARTESIAN_POINT('',(45.9999989718199,10.5,32.0000004768372));
#9758=CARTESIAN_POINT('',(45.9999989718199,1.5,32.0000004768372));
#9759=CARTESIAN_POINT('Origin',(79.0000011771917,1.5,32.0000004768372));
#9760=CARTESIAN_POINT('',(79.0000011771917,1.5,32.0000004768372));
#9761=CARTESIAN_POINT('',(79.0000011771917,1.5,32.0000004768372));
#9762=CARTESIAN_POINT('',(79.0000011771917,10.5,32.0000004768372));
#9763=CARTESIAN_POINT('',(79.0000011771917,10.5,32.0000004768372));
#9764=CARTESIAN_POINT('',(79.0000011771917,1.5,32.0000004768372));
#9765=CARTESIAN_POINT('Origin',(79.0000011771917,1.5,31.9913655774367));
#9766=CARTESIAN_POINT('',(79.0000011771917,10.5,31.9913655774367));
#9767=CARTESIAN_POINT('',(79.0000011771917,10.5,70.9037372626465));
#9768=CARTESIAN_POINT('',(79.0000011771917,1.5,31.9913655774367));
#9769=CARTESIAN_POINT('',(79.0000011771917,1.5,31.9913655774367));
#9770=CARTESIAN_POINT('',(79.0000011771917,1.5,70.9037372626465));
#9771=CARTESIAN_POINT('Origin',(79.0000011771917,1.5,31.9913655774367));
#9772=CARTESIAN_POINT('',(79.0000011771917,1.5,69.0287672651011));
#9773=CARTESIAN_POINT('',(79.0000011771917,1.5,70.9037372626465));
#9774=CARTESIAN_POINT('',(79.0000011771917,10.5,69.0287672651011));
#9775=CARTESIAN_POINT('',(79.0000011771917,1.5,69.0287672651011));
#9776=CARTESIAN_POINT('',(79.0000011771917,10.5,70.9037372626465));
#9777=CARTESIAN_POINT('Origin',(81.0000012069941,1.5,70.9037372626465));
#9778=CARTESIAN_POINT('',(81.0000012069941,1.5,31.9913655774367));
#9779=CARTESIAN_POINT('',(81.0000012069941,1.5,70.9037372626465));
#9780=CARTESIAN_POINT('',(81.0000012069941,1.5,31.9913655774367));
#9781=CARTESIAN_POINT('',(81.0000012069941,10.5,31.9913655774367));
#9782=CARTESIAN_POINT('',(81.0000012069941,1.5,31.9913655774367));
#9783=CARTESIAN_POINT('',(81.0000012069941,10.5,70.9037372626465));
#9784=CARTESIAN_POINT('',(81.0000012069941,10.5,31.9913655774367));
#9785=CARTESIAN_POINT('',(81.0000012069941,1.5,70.9037372626465));
#9786=CARTESIAN_POINT('Origin',(81.0000012069941,1.5,31.9913655774367));
#9787=CARTESIAN_POINT('',(79.0000011771917,1.5,31.9913655774367));
#9788=CARTESIAN_POINT('',(79.0000011771917,10.5,31.9913655774367));
#9789=CARTESIAN_POINT('Origin',(20.6870355854591,1.5,70.9037532357205));
#9790=CARTESIAN_POINT('',(79.0000011771917,1.5,70.9037532357205));
#9791=CARTESIAN_POINT('',(20.6870355854591,1.5,70.9037532357205));
#9792=CARTESIAN_POINT('',(79.0000011771917,1.5,70.9037532357205));
#9793=CARTESIAN_POINT('',(81.0000012069941,1.5,70.9037372626465));
#9794=CARTESIAN_POINT('',(79.0000011771917,10.5,70.9037532357205));
#9795=CARTESIAN_POINT('',(81.0000012069941,10.5,70.9037372626465));
#9796=CARTESIAN_POINT('',(20.6870355854591,10.5,70.9037532357205));
#9797=CARTESIAN_POINT('',(79.0000011771917,10.5,70.9037532357205));
#9798=CARTESIAN_POINT('',(20.6870355854591,1.5,70.9037532357205));
#9799=CARTESIAN_POINT('Origin',(20.6870355854591,1.5,69.0287672651011));
#9800=CARTESIAN_POINT('',(20.6870355854591,1.5,69.0287672651011));
#9801=CARTESIAN_POINT('',(20.6870355854591,1.5,70.9037532357205));
#9802=CARTESIAN_POINT('',(20.6870355854591,10.5,69.0287672651011));
#9803=CARTESIAN_POINT('',(20.6870355854591,10.5,70.9037532357205));
#9804=CARTESIAN_POINT('',(20.6870355854591,1.5,69.0287672651011));
#9805=CARTESIAN_POINT('Origin',(79.0000011771917,1.5,69.0287672651011));
#9806=CARTESIAN_POINT('',(20.6870355854591,1.5,69.0287672651011));
#9807=CARTESIAN_POINT('',(20.6870355854591,10.5,69.0287672651011));
#9808=CARTESIAN_POINT('Origin',(49.8435183813254,10.5,69.9662602504108));
#9809=CARTESIAN_POINT('Origin',(49.8435183813254,1.5,69.9662602504108));
#9810=CARTESIAN_POINT('Origin',(20.7076053901265,1.5,46.9535689535731));
#9811=CARTESIAN_POINT('',(20.7076053901265,1.5,69.0000010281801));
#9812=CARTESIAN_POINT('',(20.7076053901265,1.5,46.9535689535731));
#9813=CARTESIAN_POINT('',(20.7076053901265,1.5,69.0000010281801));
#9814=CARTESIAN_POINT('',(20.7076053901265,10.5,69.0000010281801));
#9815=CARTESIAN_POINT('',(20.7076053901265,1.5,69.0000010281801));
#9816=CARTESIAN_POINT('',(20.7076053901265,10.5,46.9535689535731));
#9817=CARTESIAN_POINT('',(20.7076053901265,10.5,69.0000010281801));
#9818=CARTESIAN_POINT('',(20.7076053901265,1.5,46.9535689535731));
#9819=CARTESIAN_POINT('Origin',(23.0000003427267,1.5,46.9535689535731));
#9820=CARTESIAN_POINT('',(23.0000003427267,1.5,46.9535689535731));
#9821=CARTESIAN_POINT('',(20.7076053901265,1.5,46.9535689535731));
#9822=CARTESIAN_POINT('',(23.0000003427267,10.5,46.9535689535731));
#9823=CARTESIAN_POINT('',(20.7076053901265,10.5,46.9535689535731));
#9824=CARTESIAN_POINT('',(23.0000003427267,1.5,46.9535689535731));
#9825=CARTESIAN_POINT('Origin',(23.0000003427267,1.5,69.0000010281801));
#9826=CARTESIAN_POINT('',(23.0000003427267,1.5,69.0000010281801));
#9827=CARTESIAN_POINT('',(23.0000003427267,1.5,46.9535689535731));
#9828=CARTESIAN_POINT('',(23.0000003427267,10.5,69.0000010281801));
#9829=CARTESIAN_POINT('',(23.0000003427267,10.5,46.9535689535731));
#9830=CARTESIAN_POINT('',(23.0000003427267,1.5,69.0000010281801));
#9831=CARTESIAN_POINT('Origin',(20.7076053901265,1.5,69.0000010281801));
#9832=CARTESIAN_POINT('',(23.0000003427267,1.5,69.0000010281801));
#9833=CARTESIAN_POINT('',(23.0000003427267,10.5,69.0000010281801));
#9834=CARTESIAN_POINT('Origin',(21.8538028664266,10.5,57.9767849908766));
#9835=CARTESIAN_POINT('Origin',(21.8538028664266,1.5,57.9767849908766));
#9836=CARTESIAN_POINT('Origin',(124.599997214973,1.5,111.099997516721));
#9837=CARTESIAN_POINT('',(125.589997214973,14.5,111.099997516721));
#9838=CARTESIAN_POINT('Origin',(124.599997214973,14.5,111.099997516721));
#9839=CARTESIAN_POINT('',(125.589997214973,1.5,111.099997516721));
#9840=CARTESIAN_POINT('',(125.589997214973,1.5,111.099997516721));
#9841=CARTESIAN_POINT('Origin',(124.599997214973,1.5,111.099997516721));
#9842=CARTESIAN_POINT('Origin',(124.599997214973,14.5,111.099997516721));
#9843=CARTESIAN_POINT('Origin',(124.599997214973,1.5,111.099997516721));
#9844=CARTESIAN_POINT('Origin',(124.599997214973,1.5,35.3999992087483));
#9845=CARTESIAN_POINT('',(125.589997214973,14.5,35.3999992087483));
#9846=CARTESIAN_POINT('Origin',(124.599997214973,14.5,35.3999992087483));
#9847=CARTESIAN_POINT('',(125.589997214973,1.5,35.3999992087483));
#9848=CARTESIAN_POINT('',(125.589997214973,1.5,35.3999992087483));
#9849=CARTESIAN_POINT('Origin',(124.599997214973,1.5,35.3999992087483));
#9850=CARTESIAN_POINT('Origin',(124.599997214973,14.5,35.3999992087483));
#9851=CARTESIAN_POINT('Origin',(124.599997214973,1.5,35.3999992087483));
#9852=CARTESIAN_POINT('Origin',(70.0999984331429,1.5,127.599997147918));
#9853=CARTESIAN_POINT('',(71.0899984331429,14.5,127.599997147918));
#9854=CARTESIAN_POINT('Origin',(70.0999984331429,14.5,127.599997147918));
#9855=CARTESIAN_POINT('',(71.0899984331429,1.5,127.599997147918));
#9856=CARTESIAN_POINT('',(71.0899984331429,1.5,127.599997147918));
#9857=CARTESIAN_POINT('Origin',(70.0999984331429,1.5,127.599997147918));
#9858=CARTESIAN_POINT('Origin',(70.0999984331429,14.5,127.599997147918));
#9859=CARTESIAN_POINT('Origin',(70.0999984331429,1.5,127.599997147918));
#9860=CARTESIAN_POINT('Origin',(7.29999983683228,1.5,36.3999991863966));
#9861=CARTESIAN_POINT('',(8.28994930836636,14.5,36.3999991863966));
#9862=CARTESIAN_POINT('Origin',(7.29999983683228,14.5,36.3999991863966));
#9863=CARTESIAN_POINT('',(8.28994930836636,1.5,36.3999991863966));
#9864=CARTESIAN_POINT('',(8.28994930836636,1.5,36.3999991863966));
#9865=CARTESIAN_POINT('Origin',(7.29999983683228,1.5,36.3999991863966));
#9866=CARTESIAN_POINT('Origin',(7.29999983683228,14.5,36.3999991863966));
#9867=CARTESIAN_POINT('Origin',(7.29999983683228,1.5,36.3999991863966));
#9868=CARTESIAN_POINT('Origin',(7.19999983906746,1.5,124.099997226149));
#9869=CARTESIAN_POINT('',(8.18994931060153,14.5,124.099997226149));
#9870=CARTESIAN_POINT('Origin',(7.19999983906746,14.5,124.099997226149));
#9871=CARTESIAN_POINT('',(8.18994931060153,1.5,124.099997226149));
#9872=CARTESIAN_POINT('',(8.18994931060153,1.5,124.099997226149));
#9873=CARTESIAN_POINT('Origin',(7.19999983906746,1.5,124.099997226149));
#9874=CARTESIAN_POINT('Origin',(7.19999983906746,14.5,124.099997226149));
#9875=CARTESIAN_POINT('Origin',(7.19999983906746,1.5,124.099997226149));
#9876=CARTESIAN_POINT('Origin',(7.19999983906746,1.5,124.099997226149));
#9877=CARTESIAN_POINT('',(8.18994931060153,14.5,124.099997226149));
#9878=CARTESIAN_POINT('Origin',(7.19999983906746,14.5,124.099997226149));
#9879=CARTESIAN_POINT('',(8.18994931060153,1.5,124.099997226149));
#9880=CARTESIAN_POINT('',(8.18994931060153,1.5,124.099997226149));
#9881=CARTESIAN_POINT('Origin',(7.19999983906746,1.5,124.099997226149));
#9882=CARTESIAN_POINT('Origin',(7.19999983906746,14.5,124.099997226149));
#9883=CARTESIAN_POINT('Origin',(7.19999983906746,1.5,124.099997226149));
#9884=CARTESIAN_POINT('Origin',(66.0000003688037,1.5,79.7500011883676));
#9885=CARTESIAN_POINT('',(20.7076053901265,1.5,42.0000006258488));
#9886=CARTESIAN_POINT('',(20.7076053901265,1.5,33.1989005692678));
#9887=CARTESIAN_POINT('',(20.7076053901265,1.5,57.1021198721531));
#9888=CARTESIAN_POINT('',(20.319471603893,1.5,33.1942799295661));
#9889=CARTESIAN_POINT('',(3.99999666959047,1.5,33.0000004917383));
#9890=CARTESIAN_POINT('',(20.3283995415155,1.5,32.4443330701622));
#9891=CARTESIAN_POINT('',(20.319471603893,1.5,33.1942799295661));
#9892=CARTESIAN_POINT('',(16.6154890555486,1.5,32.4001317606947));
#9893=CARTESIAN_POINT('',(20.3283995415155,1.5,32.4443330701622));
#9894=CARTESIAN_POINT('',(16.606561117926,1.5,33.1500786200986));
#9895=CARTESIAN_POINT('',(16.606561117926,1.5,33.1500786200986));
#9896=CARTESIAN_POINT('',(3.99999666959047,1.5,33.0000004917383));
#9897=CARTESIAN_POINT('',(3.99999666959047,1.5,33.0000004917383));
#9898=CARTESIAN_POINT('',(3.99999666959047,1.5,127.999997138977));
#9899=CARTESIAN_POINT('',(3.99999666959047,1.5,127.999997138977));
#9900=CARTESIAN_POINT('',(26.0000025480986,1.5,127.999997138977));
#9901=CARTESIAN_POINT('',(3.99999666959047,1.5,127.999997138977));
#9902=CARTESIAN_POINT('',(26.0000025480986,1.5,136.000002026558));
#9903=CARTESIAN_POINT('',(26.0000025480986,1.5,127.999997138977));
#9904=CARTESIAN_POINT('',(52.0000029355288,1.5,136.000002026558));
#9905=CARTESIAN_POINT('',(26.0000025480986,1.5,136.000002026558));
#9906=CARTESIAN_POINT('',(52.0000029355288,1.5,131.000001952052));
#9907=CARTESIAN_POINT('',(52.0000029355288,1.5,136.000002026558));
#9908=CARTESIAN_POINT('',(74.0000032633543,1.5,131.000001952052));
#9909=CARTESIAN_POINT('',(52.0000029355288,1.5,131.000001952052));
#9910=CARTESIAN_POINT('',(74.0000032633543,1.5,106.000001579523));
#9911=CARTESIAN_POINT('',(74.0000032633543,1.5,131.000001952052));
#9912=CARTESIAN_POINT('',(83.0000033974648,1.5,106.000001579523));
#9913=CARTESIAN_POINT('',(74.0000032633543,1.5,106.000001579523));
#9914=CARTESIAN_POINT('',(83.0000033974648,1.5,110.000001639128));
#9915=CARTESIAN_POINT('',(83.0000033974648,1.5,106.000001579523));
#9916=CARTESIAN_POINT('',(102.000003680587,1.5,110.000001639128));
#9917=CARTESIAN_POINT('',(83.0000033974648,1.5,110.000001639128));
#9918=CARTESIAN_POINT('',(102.000003680587,1.5,115.000001713634));
#9919=CARTESIAN_POINT('',(102.000003680587,1.5,110.000001639128));
#9920=CARTESIAN_POINT('',(128.000004068017,1.5,115.000001713634));
#9921=CARTESIAN_POINT('',(102.000003680587,1.5,115.000001713634));
#9922=CARTESIAN_POINT('',(128.000004068017,1.5,32.0000004768372));
#9923=CARTESIAN_POINT('',(128.000004068017,1.5,115.000001713634));
#9924=CARTESIAN_POINT('',(109.000003784895,1.5,32.0000004768372));
#9925=CARTESIAN_POINT('',(128.000004068017,1.5,32.0000004768372));
#9926=CARTESIAN_POINT('',(109.000003784895,1.5,28.0000004172325));
#9927=CARTESIAN_POINT('',(109.000003784895,1.5,32.0000004768372));
#9928=CARTESIAN_POINT('',(89.0000034868717,1.5,28.0000004172325));
#9929=CARTESIAN_POINT('',(109.000003784895,1.5,28.0000004172325));
#9930=CARTESIAN_POINT('',(89.0000034868717,1.5,23.5000003501773));
#9931=CARTESIAN_POINT('',(89.0000034868717,1.5,28.0000004172325));
#9932=CARTESIAN_POINT('',(65.0000031292439,1.5,23.5000003501773));
#9933=CARTESIAN_POINT('',(89.0000034868717,1.5,23.5000003501773));
#9934=CARTESIAN_POINT('',(65.0000031292439,1.5,28.5000004246831));
#9935=CARTESIAN_POINT('',(65.0000031292439,1.5,23.5000003501773));
#9936=CARTESIAN_POINT('',(46.0000028461218,1.5,28.5000004246831));
#9937=CARTESIAN_POINT('',(65.0000031292439,1.5,28.5000004246831));
#9938=CARTESIAN_POINT('',(46.0000028461218,1.5,33.5000004991889));
#9939=CARTESIAN_POINT('',(46.0000028461218,1.5,28.5000004246831));
#9940=CARTESIAN_POINT('',(23.0000003427267,1.5,33.2261909817635));
#9941=CARTESIAN_POINT('',(3.99999666959047,1.5,33.0000004917383));
#9942=CARTESIAN_POINT('',(23.0000003427267,1.5,42.0000006258488));
#9943=CARTESIAN_POINT('',(23.0000003427267,1.5,57.1021198721531));
#9944=CARTESIAN_POINT('',(43.3538028794651,1.5,42.0000006258488));
#9945=CARTESIAN_POINT('Origin',(3.99999666959047,3.,33.0000004917383));
#9946=CARTESIAN_POINT('',(20.7076053901265,10.5,33.1989005692678));
#9947=CARTESIAN_POINT('',(20.7076053901265,2.25,33.1989005692678));
#9948=CARTESIAN_POINT('',(23.0000003427267,10.5,33.2261909817635));
#9949=CARTESIAN_POINT('',(12.3612722199497,10.5,33.0995394732305));
#9950=CARTESIAN_POINT('',(23.0000003427267,6.75,33.2261909817635));
#9951=CARTESIAN_POINT('',(46.0000028461218,14.5,33.5000004991889));
#9952=CARTESIAN_POINT('',(46.0000028461218,3.,33.5000004991889));
#9953=CARTESIAN_POINT('',(20.319471603893,14.5,33.1942799295661));
#9954=CARTESIAN_POINT('',(35.2738400632216,14.5,33.3723081019825));
#9955=CARTESIAN_POINT('',(20.319471603893,7.5,33.1942799295661));
#9956=CARTESIAN_POINT('Origin',(20.7076053901265,1.5,34.4542385559386));
#9957=CARTESIAN_POINT('',(20.7076053901265,10.5,42.0000006258488));
#9958=CARTESIAN_POINT('',(20.7076053901265,1.5,42.0000006258488));
#9959=CARTESIAN_POINT('',(20.7076053901265,10.5,34.4542385559386));
#9960=CARTESIAN_POINT('Origin',(23.0000003427267,1.5,42.0000006258488));
#9961=CARTESIAN_POINT('',(23.0000003427267,10.5,42.0000006258488));
#9962=CARTESIAN_POINT('',(23.0000003427267,10.5,34.4542385559386));
#9963=CARTESIAN_POINT('',(23.0000003427267,1.5,42.0000006258488));
#9964=CARTESIAN_POINT('Origin',(20.7076053901265,1.5,42.0000006258488));
#9965=CARTESIAN_POINT('',(23.0000003427267,10.5,42.0000006258488));
#9966=CARTESIAN_POINT('Origin',(21.8538028664266,10.5,38.2271195908937));
#9967=CARTESIAN_POINT('Origin',(35.2768160424291,14.75,33.1223258155145));
#9968=CARTESIAN_POINT('',(45.5000028461218,15.,32.9940126894488));
#9969=CARTESIAN_POINT('',(47.9090952345899,12.5909076115319,35.4319554516539));
#9970=CARTESIAN_POINT('',(20.825388135244,15.,32.7002673150452));
#9971=CARTESIAN_POINT('',(35.2797920216366,15.,32.8723435290465));
#9972=CARTESIAN_POINT('',(19.1307541726183,13.3251842373084,34.3550275425815));
#9973=CARTESIAN_POINT('Origin',(20.2956123463366,14.75,56.1999486468442));
#9974=CARTESIAN_POINT('',(20.8343160728665,15.,31.9503204556413));
#9975=CARTESIAN_POINT('',(20.5455946328045,15.,56.2029246260517));
#9976=CARTESIAN_POINT('',(20.3283995415155,14.5,32.4443330701622));
#9977=CARTESIAN_POINT('',(20.8343160728665,15.,31.9503204556413));
#9978=CARTESIAN_POINT('',(20.0456300598686,14.5,56.1969726676367));
#9979=CARTESIAN_POINT('Origin',(42.5172538257111,14.75,32.4584683476576));
#9980=CARTESIAN_POINT('',(16.1214764410276,15.,31.8942152293437));
#9981=CARTESIAN_POINT('',(42.5202298049186,15.,32.2084860611896));
#9982=CARTESIAN_POINT('',(16.6154890555486,14.5,32.4001317606947));
#9983=CARTESIAN_POINT('',(16.1214764410276,15.,31.8942152293437));
#9984=CARTESIAN_POINT('',(42.5142778465036,14.5,32.7084506341255));
#9985=CARTESIAN_POINT('Origin',(16.0827372874336,14.75,56.1497953789616));
#9986=CARTESIAN_POINT('',(16.1065965449901,15.,33.1441266616836));
#9987=CARTESIAN_POINT('',(15.8327550009657,15.,56.1468193997541));
#9988=CARTESIAN_POINT('',(16.606561117926,14.5,33.1500786200986));
#9989=CARTESIAN_POINT('',(16.2047251569899,14.9018644346903,33.1452948592911));
#9990=CARTESIAN_POINT('',(16.3327195739016,14.5,56.1527713581691));
#9991=CARTESIAN_POINT('Origin',(66.0000003688037,15.,79.7500011883676));
#9992=CARTESIAN_POINT('',(45.5000028461218,15.,28.0000004246831));
#9993=CARTESIAN_POINT('',(45.5000028461218,15.,56.6250008437783));
#9994=CARTESIAN_POINT('',(64.5000031292439,15.,28.0000004246831));
#9995=CARTESIAN_POINT('',(56.0000016074628,15.,28.0000004246831));
#9996=CARTESIAN_POINT('',(64.5000031292439,15.,23.0000003501773));
#9997=CARTESIAN_POINT('',(64.5000031292439,15.,54.1250008065253));
#9998=CARTESIAN_POINT('',(89.5000034868717,15.,23.0000003501773));
#9999=CARTESIAN_POINT('',(65.5000017490238,15.,23.0000003501773));
#10000=CARTESIAN_POINT('',(89.5000034868717,15.,27.5000004172325));
#10001=CARTESIAN_POINT('',(89.5000034868717,15.,51.6250007692724));
#10002=CARTESIAN_POINT('',(109.500003784895,15.,27.5000004172325));
#10003=CARTESIAN_POINT('',(77.5000019278377,15.,27.5000004172325));
#10004=CARTESIAN_POINT('',(109.500003784895,15.,31.5000004768372));
#10005=CARTESIAN_POINT('',(109.500003784895,15.,53.8750008028001));
#10006=CARTESIAN_POINT('',(128.000004068017,15.,31.5000004768372));
#10007=CARTESIAN_POINT('',(87.5000020768493,15.,31.5000004768372));
#10008=CARTESIAN_POINT('',(128.000004068017,15.,115.500001713634));
#10009=CARTESIAN_POINT('',(128.000004068017,15.,55.8750008326024));
#10010=CARTESIAN_POINT('',(101.500003680587,15.,115.500001713634));
#10011=CARTESIAN_POINT('',(97.0000022184104,15.,115.500001713634));
#10012=CARTESIAN_POINT('',(101.500003680587,15.,110.500001639128));
#10013=CARTESIAN_POINT('',(101.500003680587,15.,97.3750014510006));
#10014=CARTESIAN_POINT('',(82.5000033974648,15.,110.500001639128));
#10015=CARTESIAN_POINT('',(84.0000020246953,15.,110.500001639128));
#10016=CARTESIAN_POINT('',(82.5000033974648,15.,106.500001579523));
#10017=CARTESIAN_POINT('',(82.5000033974648,15.,94.8750014137477));
#10018=CARTESIAN_POINT('',(74.5000032633543,15.,106.500001579523));
#10019=CARTESIAN_POINT('',(74.5000018831342,15.,106.500001579523));
#10020=CARTESIAN_POINT('',(74.5000032633543,15.,131.500001952052));
#10021=CARTESIAN_POINT('',(74.5000032633543,15.,92.8750013839453));
#10022=CARTESIAN_POINT('',(52.5000029355288,15.,131.500001952052));
#10023=CARTESIAN_POINT('',(70.000001816079,15.,131.500001952052));
#10024=CARTESIAN_POINT('',(52.5000029355288,15.,136.500002026558));
#10025=CARTESIAN_POINT('',(52.5000029355288,15.,105.37500157021));
#10026=CARTESIAN_POINT('',(25.5000025480986,15.,136.500002026558));
#10027=CARTESIAN_POINT('',(59.0000016521662,15.,136.500002026558));
#10028=CARTESIAN_POINT('',(25.5000025480986,15.,128.499997138977));
#10029=CARTESIAN_POINT('',(25.5000025480986,15.,107.875001607463));
#10030=CARTESIAN_POINT('',(3.99999666959047,15.,128.499997138977));
#10031=CARTESIAN_POINT('',(46.0000014584512,15.,128.499997138977));
#10032=CARTESIAN_POINT('',(3.99999666959047,15.,33.0000004917383));
#10033=CARTESIAN_POINT('',(3.99999666959047,15.,103.874999163672));
#10034=CARTESIAN_POINT('',(1.99999666959048,15.,33.0000004917383));
#10035=CARTESIAN_POINT('',(34.9999985191971,15.,33.0000004917383));
#10036=CARTESIAN_POINT('',(1.99999666959048,15.,127.999997138977));
#10037=CARTESIAN_POINT('',(1.99999666959048,15.,103.874999163672));
#10038=CARTESIAN_POINT('',(3.99999666959047,15.,129.999997138977));
#10039=CARTESIAN_POINT('Origin',(3.99999666959047,15.,127.999997138977));
#10040=CARTESIAN_POINT('',(24.0000025480986,15.,129.999997138977));
#10041=CARTESIAN_POINT('',(46.0000014584512,15.,129.999997138977));
#10042=CARTESIAN_POINT('',(24.0000025480986,15.,136.000002026558));
#10043=CARTESIAN_POINT('',(24.0000025480986,15.,107.875001607463));
#10044=CARTESIAN_POINT('',(26.0000025480986,15.,138.000002026558));
#10045=CARTESIAN_POINT('Origin',(26.0000025480986,15.,136.000002026558));
#10046=CARTESIAN_POINT('',(52.0000029355288,15.,138.000002026558));
#10047=CARTESIAN_POINT('',(59.0000016521662,15.,138.000002026558));
#10048=CARTESIAN_POINT('',(54.0000029355287,15.,136.000002026558));
#10049=CARTESIAN_POINT('Origin',(52.0000029355288,15.,136.000002026558));
#10050=CARTESIAN_POINT('',(54.0000029355287,15.,133.000001952052));
#10051=CARTESIAN_POINT('',(54.0000029355287,15.,105.37500157021));
#10052=CARTESIAN_POINT('',(74.0000032633543,15.,133.000001952052));
#10053=CARTESIAN_POINT('',(70.000001816079,15.,133.000001952052));
#10054=CARTESIAN_POINT('',(76.0000032633543,15.,131.000001952052));
#10055=CARTESIAN_POINT('Origin',(74.0000032633543,15.,131.000001952052));
#10056=CARTESIAN_POINT('',(76.0000032633543,15.,108.000001579523));
#10057=CARTESIAN_POINT('',(76.0000032633543,15.,92.8750013839453));
#10058=CARTESIAN_POINT('',(81.0000033974648,15.,108.000001579523));
#10059=CARTESIAN_POINT('',(74.5000018831342,15.,108.000001579523));
#10060=CARTESIAN_POINT('',(81.0000033974648,15.,110.000001639128));
#10061=CARTESIAN_POINT('',(81.0000033974648,15.,94.8750014137477));
#10062=CARTESIAN_POINT('',(83.0000033974648,15.,112.000001639128));
#10063=CARTESIAN_POINT('Origin',(83.0000033974648,15.,110.000001639128));
#10064=CARTESIAN_POINT('',(100.000003680587,15.,112.000001639128));
#10065=CARTESIAN_POINT('',(84.0000020246953,15.,112.000001639128));
#10066=CARTESIAN_POINT('',(100.000003680587,15.,115.000001713634));
#10067=CARTESIAN_POINT('',(100.000003680587,15.,97.3750014510006));
#10068=CARTESIAN_POINT('',(102.000003680587,15.,117.000001713634));
#10069=CARTESIAN_POINT('Origin',(102.000003680587,15.,115.000001713634));
#10070=CARTESIAN_POINT('',(128.000004068017,15.,117.000001713634));
#10071=CARTESIAN_POINT('',(97.0000022184104,15.,117.000001713634));
#10072=CARTESIAN_POINT('',(130.000004068017,15.,115.000001713634));
#10073=CARTESIAN_POINT('Origin',(128.000004068017,15.,115.000001713634));
#10074=CARTESIAN_POINT('',(130.000004068017,15.,32.0000004768372));
#10075=CARTESIAN_POINT('',(130.000004068017,15.,55.8750008326024));
#10076=CARTESIAN_POINT('',(128.000004068017,15.,30.0000004768372));
#10077=CARTESIAN_POINT('Origin',(128.000004068017,15.,32.0000004768372));
#10078=CARTESIAN_POINT('',(111.000003784895,15.,30.0000004768372));
#10079=CARTESIAN_POINT('',(87.5000020768493,15.,30.0000004768372));
#10080=CARTESIAN_POINT('',(111.000003784895,15.,28.0000004172325));
#10081=CARTESIAN_POINT('',(111.000003784895,15.,53.8750008028001));
#10082=CARTESIAN_POINT('',(109.000003784895,15.,26.0000004172325));
#10083=CARTESIAN_POINT('Origin',(109.000003784895,15.,28.0000004172325));
#10084=CARTESIAN_POINT('',(91.0000034868717,15.,26.0000004172325));
#10085=CARTESIAN_POINT('',(77.5000019278377,15.,26.0000004172325));
#10086=CARTESIAN_POINT('',(91.0000034868717,15.,23.5000003501773));
#10087=CARTESIAN_POINT('',(91.0000034868717,15.,51.6250007692724));
#10088=CARTESIAN_POINT('',(89.0000034868717,15.,21.5000003501773));
#10089=CARTESIAN_POINT('Origin',(89.0000034868717,15.,23.5000003501773));
#10090=CARTESIAN_POINT('',(65.0000031292439,15.,21.5000003501773));
#10091=CARTESIAN_POINT('',(65.5000017490238,15.,21.5000003501773));
#10092=CARTESIAN_POINT('',(63.0000031292439,15.,23.5000003501773));
#10093=CARTESIAN_POINT('Origin',(65.0000031292439,15.,23.5000003501773));
#10094=CARTESIAN_POINT('',(63.0000031292439,15.,26.5000004246831));
#10095=CARTESIAN_POINT('',(63.0000031292439,15.,54.1250008065253));
#10096=CARTESIAN_POINT('',(46.0000028461218,15.,26.5000004246831));
#10097=CARTESIAN_POINT('',(56.0000016074628,15.,26.5000004246831));
#10098=CARTESIAN_POINT('',(44.0000028461218,15.,28.5000004246831));
#10099=CARTESIAN_POINT('Origin',(46.0000028461218,15.,28.5000004246831));
#10100=CARTESIAN_POINT('',(44.0000028461218,15.,31.4760492602285));
#10101=CARTESIAN_POINT('',(44.0000028461218,15.,56.6250008437783));
#10102=CARTESIAN_POINT('',(4.02380450325053,15.,31.0001421999945));
#10103=CARTESIAN_POINT('',(35.2976478968817,15.,31.3724498102387));
#10104=CARTESIAN_POINT('',(2.00013837784669,15.,32.9761926580783));
#10105=CARTESIAN_POINT('Ctrl Pts',(4.02380450325053,15.,31.0001421999945));
#10106=CARTESIAN_POINT('Ctrl Pts',(3.61958180581004,15.,30.995330025661));
#10107=CARTESIAN_POINT('Ctrl Pts',(3.30224325190065,15.,31.0221950152915));
#10108=CARTESIAN_POINT('Ctrl Pts',(3.04949940710489,15.,31.0826477102501));
#10109=CARTESIAN_POINT('Ctrl Pts',(2.8555460828228,15.,31.1290385577047));
#10110=CARTESIAN_POINT('Ctrl Pts',(2.69717137650346,15.,31.1957693972083));
#10111=CARTESIAN_POINT('Ctrl Pts',(2.56720748395534,15.,31.2853793216928));
#10112=CARTESIAN_POINT('Ctrl Pts',(2.45280119259181,15.,31.3642623016393));
#10113=CARTESIAN_POINT('Ctrl Pts',(2.35999630288298,15.,31.4612166752135));
#10114=CARTESIAN_POINT('Ctrl Pts',(2.2849538349482,15.,31.578111279616));
#10115=CARTESIAN_POINT('Ctrl Pts',(2.20633240561779,15.,31.7005808775925));
#10116=CARTESIAN_POINT('Ctrl Pts',(2.14548112914772,15.,31.847564501663));
#10117=CARTESIAN_POINT('Ctrl Pts',(2.10050070443905,15.,32.0246275277627));
#10118=CARTESIAN_POINT('Ctrl Pts',(2.03754366243371,15.,32.2724545423796));
#10119=CARTESIAN_POINT('Ctrl Pts',(2.00482199357774,15.,32.5827688846749));
#10120=CARTESIAN_POINT('Ctrl Pts',(2.00013837784669,15.,32.9761926580783));
#10121=CARTESIAN_POINT('',(35.2738400632216,15.,33.3723081019825));
#10122=CARTESIAN_POINT('',(35.2738400632216,15.,33.3723081019825));
#10123=CARTESIAN_POINT('Origin',(87.5000020768493,14.75,31.7500004768372));
#10124=CARTESIAN_POINT('',(109.000003784895,14.5,32.0000004768372));
#10125=CARTESIAN_POINT('',(128.000004068017,14.5,32.0000004768372));
#10126=CARTESIAN_POINT('',(87.5000020768493,14.5,32.0000004768372));
#10127=CARTESIAN_POINT('',(128.000004068017,11.75,34.7500004768372));
#10128=CARTESIAN_POINT('',(109.500003784895,15.,31.5000004768372));
#10129=CARTESIAN_POINT('Origin',(109.250003784895,14.75,53.8750008028001));
#10130=CARTESIAN_POINT('',(109.000003784895,14.5,28.0000004172325));
#10131=CARTESIAN_POINT('',(109.500003784895,15.,27.5000004172325));
#10132=CARTESIAN_POINT('',(109.000003784895,14.5,53.8750008028001));
#10133=CARTESIAN_POINT('Origin',(77.5000019278377,14.75,27.7500004172325));
#10134=CARTESIAN_POINT('',(89.0000034868717,14.5,28.0000004172325));
#10135=CARTESIAN_POINT('',(89.5000034868717,15.,27.5000004172325));
#10136=CARTESIAN_POINT('',(77.5000019278377,14.5,28.0000004172325));
#10137=CARTESIAN_POINT('Origin',(89.2500034868717,14.75,51.6250007692724));
#10138=CARTESIAN_POINT('',(89.0000034868717,14.5,23.5000003501773));
#10139=CARTESIAN_POINT('',(89.5000034868717,15.,23.0000003501773));
#10140=CARTESIAN_POINT('',(89.0000034868717,14.5,51.6250007692724));
#10141=CARTESIAN_POINT('Origin',(65.5000017490238,14.75,23.2500003501773));
#10142=CARTESIAN_POINT('',(65.0000031292439,14.5,23.5000003501773));
#10143=CARTESIAN_POINT('',(64.5000031292439,15.,23.0000003501773));
#10144=CARTESIAN_POINT('',(65.5000017490238,14.5,23.5000003501773));
#10145=CARTESIAN_POINT('Origin',(64.7500031292439,14.75,54.1250008065253));
#10146=CARTESIAN_POINT('',(65.0000031292439,14.5,28.5000004246831));
#10147=CARTESIAN_POINT('',(64.5000031292439,15.,28.0000004246831));
#10148=CARTESIAN_POINT('',(65.0000031292439,14.5,54.1250008065253));
#10149=CARTESIAN_POINT('Origin',(56.0000016074628,14.75,28.2500004246831));
#10150=CARTESIAN_POINT('',(46.0000028461218,14.5,28.5000004246831));
#10151=CARTESIAN_POINT('',(45.5000028461218,15.,28.0000004246831));
#10152=CARTESIAN_POINT('',(56.0000016074628,14.5,28.5000004246831));
#10153=CARTESIAN_POINT('Origin',(45.7500028461218,14.75,56.6250008437783));
#10154=CARTESIAN_POINT('',(46.0000028461218,14.5,56.6250008437783));
#10155=CARTESIAN_POINT('Origin',(46.0000014584512,14.75,128.249997138977));
#10156=CARTESIAN_POINT('',(26.0000025480986,14.5,127.999997138977));
#10157=CARTESIAN_POINT('',(3.99999666959047,14.5,127.999997138977));
#10158=CARTESIAN_POINT('',(46.0000014584512,14.5,127.999997138977));
#10159=CARTESIAN_POINT('',(3.99999666959047,11.75,125.249997138977));
#10160=CARTESIAN_POINT('',(25.5000025480986,15.,128.499997138977));
#10161=CARTESIAN_POINT('Origin',(25.7500025480986,14.75,107.875001607463));
#10162=CARTESIAN_POINT('',(26.0000025480986,14.5,136.000002026558));
#10163=CARTESIAN_POINT('',(25.5000025480986,15.,136.500002026558));
#10164=CARTESIAN_POINT('',(26.0000025480986,14.5,107.875001607463));
#10165=CARTESIAN_POINT('Origin',(59.0000016521662,14.75,136.250002026558));
#10166=CARTESIAN_POINT('',(52.0000029355288,14.5,136.000002026558));
#10167=CARTESIAN_POINT('',(52.5000029355288,15.,136.500002026558));
#10168=CARTESIAN_POINT('',(59.0000016521662,14.5,136.000002026558));
#10169=CARTESIAN_POINT('Origin',(52.2500029355288,14.75,105.37500157021));
#10170=CARTESIAN_POINT('',(52.0000029355288,14.5,131.000001952052));
#10171=CARTESIAN_POINT('',(52.5000029355288,15.,131.500001952052));
#10172=CARTESIAN_POINT('',(52.0000029355288,14.5,105.37500157021));
#10173=CARTESIAN_POINT('Origin',(70.000001816079,14.75,131.250001952052));
#10174=CARTESIAN_POINT('',(74.0000032633543,14.5,131.000001952052));
#10175=CARTESIAN_POINT('',(74.5000032633543,15.,131.500001952052));
#10176=CARTESIAN_POINT('',(70.000001816079,14.5,131.000001952052));
#10177=CARTESIAN_POINT('Origin',(74.2500032633543,14.75,92.8750013839453));
#10178=CARTESIAN_POINT('',(74.0000032633543,14.5,106.000001579523));
#10179=CARTESIAN_POINT('',(74.5000032633543,15.,106.500001579523));
#10180=CARTESIAN_POINT('',(74.0000032633543,14.5,92.8750013839453));
#10181=CARTESIAN_POINT('Origin',(74.5000018831342,14.75,106.250001579523));
#10182=CARTESIAN_POINT('',(83.0000033974648,14.5,106.000001579523));
#10183=CARTESIAN_POINT('',(82.5000033974648,15.,106.500001579523));
#10184=CARTESIAN_POINT('',(74.5000018831342,14.5,106.000001579523));
#10185=CARTESIAN_POINT('Origin',(82.7500033974648,14.75,94.8750014137477));
#10186=CARTESIAN_POINT('',(83.0000033974648,14.5,110.000001639128));
#10187=CARTESIAN_POINT('',(82.5000033974648,15.,110.500001639128));
#10188=CARTESIAN_POINT('',(83.0000033974648,14.5,94.8750014137477));
#10189=CARTESIAN_POINT('Origin',(84.0000020246953,14.75,110.250001639128));
#10190=CARTESIAN_POINT('',(102.000003680587,14.5,110.000001639128));
#10191=CARTESIAN_POINT('',(101.500003680587,15.,110.500001639128));
#10192=CARTESIAN_POINT('',(84.0000020246953,14.5,110.000001639128));
#10193=CARTESIAN_POINT('Origin',(101.750003680587,14.75,97.3750014510006));
#10194=CARTESIAN_POINT('',(102.000003680587,14.5,115.000001713634));
#10195=CARTESIAN_POINT('',(101.500003680587,15.,115.500001713634));
#10196=CARTESIAN_POINT('',(102.000003680587,14.5,97.3750014510006));
#10197=CARTESIAN_POINT('Origin',(97.0000022184104,14.75,115.250001713634));
#10198=CARTESIAN_POINT('',(128.000004068017,14.5,115.000001713634));
#10199=CARTESIAN_POINT('',(128.000004068017,-9.00000030919905,91.5000014044342));
#10200=CARTESIAN_POINT('',(97.0000022184104,14.5,115.000001713634));
#10201=CARTESIAN_POINT('Origin',(26.0000025480986,3.,127.999997138977));
#10202=CARTESIAN_POINT('',(26.0000025480986,3.,127.999997138977));
#10203=CARTESIAN_POINT('',(3.99999666959047,3.,127.999997138977));
#10204=CARTESIAN_POINT('Origin',(26.0000025480986,3.,136.000002026558));
#10205=CARTESIAN_POINT('',(26.0000025480986,3.,136.000002026558));
#10206=CARTESIAN_POINT('Origin',(52.0000029355288,3.,136.000002026558));
#10207=CARTESIAN_POINT('',(52.0000029355288,3.,136.000002026558));
#10208=CARTESIAN_POINT('Origin',(52.0000029355288,3.,131.000001952052));
#10209=CARTESIAN_POINT('',(52.0000029355288,3.,131.000001952052));
#10210=CARTESIAN_POINT('Origin',(74.0000032633543,3.,131.000001952052));
#10211=CARTESIAN_POINT('',(74.0000032633543,3.,131.000001952052));
#10212=CARTESIAN_POINT('Origin',(74.0000032633543,3.,106.000001579523));
#10213=CARTESIAN_POINT('',(74.0000032633543,3.,106.000001579523));
#10214=CARTESIAN_POINT('Origin',(83.0000033974648,3.,106.000001579523));
#10215=CARTESIAN_POINT('',(83.0000033974648,3.,106.000001579523));
#10216=CARTESIAN_POINT('Origin',(83.0000033974648,3.,110.000001639128));
#10217=CARTESIAN_POINT('',(83.0000033974648,3.,110.000001639128));
#10218=CARTESIAN_POINT('Origin',(102.000003680587,3.,110.000001639128));
#10219=CARTESIAN_POINT('',(102.000003680587,3.,110.000001639128));
#10220=CARTESIAN_POINT('Origin',(102.000003680587,3.,115.000001713634));
#10221=CARTESIAN_POINT('',(102.000003680587,3.,115.000001713634));
#10222=CARTESIAN_POINT('Origin',(128.000004068017,3.,115.000001713634));
#10223=CARTESIAN_POINT('',(128.000004068017,3.,115.000001713634));
#10224=CARTESIAN_POINT('Ctrl Pts',(4.02380450325053,13.,31.0001421999945));
#10225=CARTESIAN_POINT('Ctrl Pts',(4.02380450325053,15.,31.0001421999945));
#10226=CARTESIAN_POINT('Ctrl Pts',(3.61958180581004,13.,30.995330025661));
#10227=CARTESIAN_POINT('Ctrl Pts',(3.61958180581004,15.,30.995330025661));
#10228=CARTESIAN_POINT('Ctrl Pts',(3.30224325190065,13.,31.0221950152915));
#10229=CARTESIAN_POINT('Ctrl Pts',(3.30224325190065,15.,31.0221950152915));
#10230=CARTESIAN_POINT('Ctrl Pts',(2.8555460828228,13.,31.1290385577047));
#10231=CARTESIAN_POINT('Ctrl Pts',(2.8555460828228,15.,31.1290385577047));
#10232=CARTESIAN_POINT('Ctrl Pts',(2.69717137650346,13.,31.1957693972083));
#10233=CARTESIAN_POINT('Ctrl Pts',(2.69717137650346,15.,31.1957693972083));
#10234=CARTESIAN_POINT('Ctrl Pts',(2.45280119259181,13.,31.3642623016393));
#10235=CARTESIAN_POINT('Ctrl Pts',(2.45280119259181,15.,31.3642623016393));
#10236=CARTESIAN_POINT('Ctrl Pts',(2.35999630288298,13.,31.4612166752135));
#10237=CARTESIAN_POINT('Ctrl Pts',(2.35999630288298,15.,31.4612166752135));
#10238=CARTESIAN_POINT('Ctrl Pts',(2.20633240561779,13.,31.7005808775925));
#10239=CARTESIAN_POINT('Ctrl Pts',(2.20633240561779,15.,31.7005808775925));
#10240=CARTESIAN_POINT('Ctrl Pts',(2.14548112914772,13.,31.847564501663));
#10241=CARTESIAN_POINT('Ctrl Pts',(2.14548112914772,15.,31.847564501663));
#10242=CARTESIAN_POINT('Ctrl Pts',(2.03754366243371,13.,32.2724545423796));
#10243=CARTESIAN_POINT('Ctrl Pts',(2.03754366243371,15.,32.2724545423796));
#10244=CARTESIAN_POINT('Ctrl Pts',(2.00482199357774,13.,32.5827688846749));
#10245=CARTESIAN_POINT('Ctrl Pts',(2.00482199357774,15.,32.5827688846749));
#10246=CARTESIAN_POINT('Ctrl Pts',(2.00013837784669,13.,32.9761926580783));
#10247=CARTESIAN_POINT('Ctrl Pts',(2.00013837784669,15.,32.9761926580783));
#10248=CARTESIAN_POINT('',(2.00013837784669,13.,32.9761926580783));
#10249=CARTESIAN_POINT('',(4.02380450325053,13.,31.0001421999945));
#10250=CARTESIAN_POINT('Ctrl Pts',(2.00013837784669,13.,32.9761926580783));
#10251=CARTESIAN_POINT('Ctrl Pts',(2.00482199357774,13.,32.5827688846749));
#10252=CARTESIAN_POINT('Ctrl Pts',(2.03754366243371,13.,32.2724545423796));
#10253=CARTESIAN_POINT('Ctrl Pts',(2.10050070443905,13.,32.0246275277627));
#10254=CARTESIAN_POINT('Ctrl Pts',(2.14548112914772,13.,31.847564501663));
#10255=CARTESIAN_POINT('Ctrl Pts',(2.20633240561779,13.,31.7005808775925));
#10256=CARTESIAN_POINT('Ctrl Pts',(2.2849538349482,13.,31.578111279616));
#10257=CARTESIAN_POINT('Ctrl Pts',(2.35999630288298,13.,31.4612166752135));
#10258=CARTESIAN_POINT('Ctrl Pts',(2.45280119259181,13.,31.3642623016393));
#10259=CARTESIAN_POINT('Ctrl Pts',(2.56720748395534,13.,31.2853793216928));
#10260=CARTESIAN_POINT('Ctrl Pts',(2.69717137650346,13.,31.1957693972083));
#10261=CARTESIAN_POINT('Ctrl Pts',(2.8555460828228,13.,31.1290385577047));
#10262=CARTESIAN_POINT('Ctrl Pts',(3.04949940710489,13.,31.0826477102501));
#10263=CARTESIAN_POINT('Ctrl Pts',(3.30224325190065,13.,31.0221950152915));
#10264=CARTESIAN_POINT('Ctrl Pts',(3.61958180581004,13.,30.995330025661));
#10265=CARTESIAN_POINT('Ctrl Pts',(4.02380450325053,13.,31.0001421999945));
#10266=CARTESIAN_POINT('',(2.00013837784669,13.,32.9761926580783));
#10267=CARTESIAN_POINT('',(4.02380450325053,13.,31.0001421999945));
#10268=CARTESIAN_POINT('Origin',(100.000003680587,3.,115.000001713634));
#10269=CARTESIAN_POINT('',(100.000003680587,-2.77555756156289E-16,112.000001639128));
#10270=CARTESIAN_POINT('',(100.000003680587,13.,112.000001639128));
#10271=CARTESIAN_POINT('',(100.000003680587,-2.77555756156289E-16,115.000001713634));
#10272=CARTESIAN_POINT('',(100.000003680587,-2.77555756156289E-16,115.000001713634));
#10273=CARTESIAN_POINT('',(100.000003680587,3.,115.000001713634));
#10274=CARTESIAN_POINT('Origin',(102.000003680587,3.,112.000001639128));
#10275=CARTESIAN_POINT('',(83.0000033974648,-2.77555756156289E-16,112.000001639128));
#10276=CARTESIAN_POINT('',(83.0000033974648,13.,112.000001639128));
#10277=CARTESIAN_POINT('',(83.0000033974648,-2.77555756156289E-16,112.000001639128));
#10278=CARTESIAN_POINT('Origin',(83.0000033974648,3.,110.000001639128));
#10279=CARTESIAN_POINT('',(81.0000033974648,-2.77555756156289E-16,110.000001639128));
#10280=CARTESIAN_POINT('',(81.0000033974648,3.,110.000001639128));
#10281=CARTESIAN_POINT('Origin',(83.0000033974648,-2.77555756156289E-16,
110.000001639128));
#10282=CARTESIAN_POINT('Origin',(81.0000033974648,3.,110.000001639128));
#10283=CARTESIAN_POINT('',(81.0000033974648,-2.77555756156289E-16,108.000001579523));
#10284=CARTESIAN_POINT('',(81.0000033974648,13.,108.000001579523));
#10285=CARTESIAN_POINT('',(81.0000033974648,-2.77555756156289E-16,110.000001639128));
#10286=CARTESIAN_POINT('Origin',(109.000003784895,3.,28.0000004172325));
#10287=CARTESIAN_POINT('',(109.000003784895,3.,28.0000004172325));
#10288=CARTESIAN_POINT('',(109.000003784895,3.,32.0000004768372));
#10289=CARTESIAN_POINT('Origin',(83.0000033974648,3.,108.000001579523));
#10290=CARTESIAN_POINT('',(76.0000032633543,-2.77555756156289E-16,108.000001579523));
#10291=CARTESIAN_POINT('',(76.0000032633543,3.,108.000001579523));
#10292=CARTESIAN_POINT('',(74.0000032633543,-2.77555756156289E-16,108.000001579523));
#10293=CARTESIAN_POINT('Origin',(89.0000034868717,3.,28.0000004172325));
#10294=CARTESIAN_POINT('',(89.0000034868717,3.,28.0000004172325));
#10295=CARTESIAN_POINT('Origin',(76.0000032633543,3.,106.000001579523));
#10296=CARTESIAN_POINT('',(76.0000032633543,-2.77555756156289E-16,131.000001952052));
#10297=CARTESIAN_POINT('',(76.0000032633543,13.,131.000001952052));
#10298=CARTESIAN_POINT('',(76.0000032633543,-2.77555756156289E-16,131.000001952052));
#10299=CARTESIAN_POINT('Origin',(89.0000034868717,3.,23.5000003501773));
#10300=CARTESIAN_POINT('',(89.0000034868717,3.,23.5000003501773));
#10301=CARTESIAN_POINT('Origin',(74.0000032633543,3.,131.000001952052));
#10302=CARTESIAN_POINT('',(74.0000032633543,-2.77555756156289E-16,133.000001952052));
#10303=CARTESIAN_POINT('',(74.0000032633543,3.,133.000001952052));
#10304=CARTESIAN_POINT('Origin',(74.0000032633543,-2.77555756156289E-16,
131.000001952052));
#10305=CARTESIAN_POINT('Origin',(65.0000031292439,3.,23.5000003501773));
#10306=CARTESIAN_POINT('',(65.0000031292439,3.,23.5000003501773));
#10307=CARTESIAN_POINT('Origin',(74.0000032633543,3.,133.000001952052));
#10308=CARTESIAN_POINT('',(54.0000029355287,-2.77555756156289E-16,133.000001952052));
#10309=CARTESIAN_POINT('',(54.0000029355288,3.,133.000001952052));
#10310=CARTESIAN_POINT('',(52.0000029355288,-2.77555756156289E-16,133.000001952052));
#10311=CARTESIAN_POINT('Origin',(65.0000031292439,3.,28.5000004246831));
#10312=CARTESIAN_POINT('',(65.0000031292439,3.,28.5000004246831));
#10313=CARTESIAN_POINT('Origin',(54.0000029355287,3.,131.000001952052));
#10314=CARTESIAN_POINT('',(54.0000029355287,-2.77555756156289E-16,136.000002026558));
#10315=CARTESIAN_POINT('',(54.0000029355287,13.,136.000002026558));
#10316=CARTESIAN_POINT('',(54.0000029355287,-2.77555756156289E-16,136.000002026558));
#10317=CARTESIAN_POINT('Origin',(46.0000028461218,3.,28.5000004246831));
#10318=CARTESIAN_POINT('',(46.0000028461218,3.,28.5000004246831));
#10319=CARTESIAN_POINT('Origin',(52.0000029355288,3.,136.000002026558));
#10320=CARTESIAN_POINT('',(52.0000029355288,-2.77555756156289E-16,138.000002026558));
#10321=CARTESIAN_POINT('',(52.0000029355288,3.,138.000002026558));
#10322=CARTESIAN_POINT('Origin',(52.0000029355288,-2.77555756156289E-16,
136.000002026558));
#10323=CARTESIAN_POINT('Origin',(46.0000028461218,3.,33.5000004991889));
#10324=CARTESIAN_POINT('Origin',(52.0000029355288,3.,138.000002026558));
#10325=CARTESIAN_POINT('',(26.0000025480986,-2.77555756156289E-16,138.000002026558));
#10326=CARTESIAN_POINT('',(26.0000025480986,13.,138.000002026558));
#10327=CARTESIAN_POINT('',(26.0000025480986,-2.77555756156289E-16,138.000002026558));
#10328=CARTESIAN_POINT('Origin',(26.0000025480986,3.,136.000002026558));
#10329=CARTESIAN_POINT('',(24.0000025480986,-2.77555756156289E-16,136.000002026558));
#10330=CARTESIAN_POINT('',(24.0000025480986,3.,136.000002026558));
#10331=CARTESIAN_POINT('Origin',(26.0000025480986,-2.77555756156289E-16,
136.000002026558));
#10332=CARTESIAN_POINT('Origin',(20.319471603893,12.,33.1942799295661));
#10333=CARTESIAN_POINT('',(20.3283995415155,12.,32.4443330701622));
#10334=CARTESIAN_POINT('Origin',(24.0000025480986,3.,136.000002026558));
#10335=CARTESIAN_POINT('',(24.0000025480986,-2.77555756156289E-16,129.999997138977));
#10336=CARTESIAN_POINT('',(24.0000025480986,13.,129.999997138977));
#10337=CARTESIAN_POINT('',(24.0000025480986,-2.77555756156289E-16,136.000002026558));
#10338=CARTESIAN_POINT('Origin',(18.4719442985321,6.75,32.4222324154284));
#10339=CARTESIAN_POINT('',(16.6154890555486,13.,32.4001317606947));
#10340=CARTESIAN_POINT('Origin',(26.0000025480986,3.,129.999997138977));
#10341=CARTESIAN_POINT('',(3.99999666959047,-2.77555756156289E-16,129.999997138977));
#10342=CARTESIAN_POINT('',(3.99999666959047,13.,129.999997138977));
#10343=CARTESIAN_POINT('',(3.99999666959047,-2.77555756156289E-16,129.999997138977));
#10344=CARTESIAN_POINT('Origin',(16.606561117926,1.5,33.1500786200986));
#10345=CARTESIAN_POINT('',(16.606561117926,13.,33.1500786200986));
#10346=CARTESIAN_POINT('Origin',(3.99999666959047,3.,127.999997138977));
#10347=CARTESIAN_POINT('',(1.99999666959048,-2.77555756156289E-16,127.999997138977));
#10348=CARTESIAN_POINT('',(1.99999666959048,3.,127.999997138977));
#10349=CARTESIAN_POINT('Origin',(3.99999666959047,-2.77555756156289E-16,
127.999997138977));
#10350=CARTESIAN_POINT('Origin',(3.99999666959047,3.,33.0000004917383));
#10351=CARTESIAN_POINT('',(3.99999666959047,3.,33.0000004917383));
#10352=CARTESIAN_POINT('Origin',(1.99999666959048,3.,127.999997138977));
#10353=CARTESIAN_POINT('',(1.99999666959048,-2.77555756156289E-16,33.0000004917383));
#10354=CARTESIAN_POINT('',(1.99999666959048,13.,33.0000004917383));
#10355=CARTESIAN_POINT('',(1.99999666959048,-2.77555756156289E-16,127.999997138977));
#10356=CARTESIAN_POINT('Origin',(3.99999666959047,3.,33.0000004917383));
#10357=CARTESIAN_POINT('',(3.99999666959047,3.,33.0000004917383));
#10358=CARTESIAN_POINT('',(3.99999666959047,-2.77555756156289E-16,33.0000004917383));
#10359=CARTESIAN_POINT('',(3.99999666959047,3.,33.0000004917383));
#10360=CARTESIAN_POINT('',(3.99999666959047,-2.77555756156289E-16,33.0000004917383));
#10361=CARTESIAN_POINT('Origin',(3.99999666959047,-2.77555756156289E-16,
33.0000004917383));
#10362=CARTESIAN_POINT('',(2.00013837784669,12.,32.9761926580783));
#10363=CARTESIAN_POINT('',(2.00013837784669,12.,32.9761926580783));
#10364=CARTESIAN_POINT('',(2.00013837784669,-2.77555756156289E-16,32.9761926580783));
#10365=CARTESIAN_POINT('',(2.00013837784669,3.,32.9761926580783));
#10366=CARTESIAN_POINT('',(3.99999666959047,-2.77555756156289E-16,33.0000004917383));
#10367=CARTESIAN_POINT('Ctrl Pts',(4.02380450325053,12.,31.0001421999945));
#10368=CARTESIAN_POINT('Ctrl Pts',(4.02380450325053,15.,31.0001421999945));
#10369=CARTESIAN_POINT('Ctrl Pts',(3.6969485114407,12.,30.9962510577491));
#10370=CARTESIAN_POINT('Ctrl Pts',(3.6969485114407,15.,30.9962510577491));
#10371=CARTESIAN_POINT('Ctrl Pts',(3.40179932174051,12.,31.0123288430642));
#10372=CARTESIAN_POINT('Ctrl Pts',(3.40179932174051,15.,31.0123288430642));
#10373=CARTESIAN_POINT('Ctrl Pts',(2.9511014725191,12.,31.0995100299555));
#10374=CARTESIAN_POINT('Ctrl Pts',(2.9511014725191,15.,31.0995100299555));
#10375=CARTESIAN_POINT('Ctrl Pts',(2.78889210203467,12.,31.155500115569));
#10376=CARTESIAN_POINT('Ctrl Pts',(2.78889210203467,15.,31.155500115569));
#10377=CARTESIAN_POINT('Ctrl Pts',(2.53433885219847,12.,31.2985763752742));
#10378=CARTESIAN_POINT('Ctrl Pts',(2.53433885219847,15.,31.2985763752742));
#10379=CARTESIAN_POINT('Ctrl Pts',(2.43221895968903,12.,31.3835776426426));
#10380=CARTESIAN_POINT('Ctrl Pts',(2.43221895968903,15.,31.3835776426426));
#10381=CARTESIAN_POINT('Ctrl Pts',(2.25079629207391,12.,31.6125702010747));
#10382=CARTESIAN_POINT('Ctrl Pts',(2.25079629207391,15.,31.6125702010747));
#10383=CARTESIAN_POINT('Ctrl Pts',(2.17685290927879,12.,31.7617505607135));
#10384=CARTESIAN_POINT('Ctrl Pts',(2.17685290927879,15.,31.7617505607135));
#10385=CARTESIAN_POINT('Ctrl Pts',(2.03555027055248,12.,32.2372958462347));
#10386=CARTESIAN_POINT('Ctrl Pts',(2.03555027055248,15.,32.2372958462347));
#10387=CARTESIAN_POINT('Ctrl Pts',(2.00468626669976,12.,32.5941699439321));
#10388=CARTESIAN_POINT('Ctrl Pts',(2.00468626669976,15.,32.5941699439321));
#10389=CARTESIAN_POINT('Ctrl Pts',(2.00013837784668,12.,32.9761926580783));
#10390=CARTESIAN_POINT('Ctrl Pts',(2.00013837784668,15.,32.9761926580783));
#10391=CARTESIAN_POINT('',(4.02380450325053,12.,31.0001421999945));
#10392=CARTESIAN_POINT('',(4.02380450325053,12.,31.0001421999945));
#10393=CARTESIAN_POINT('Ctrl Pts',(2.00013837784668,12.,32.9761926580783));
#10394=CARTESIAN_POINT('Ctrl Pts',(2.00468626669976,12.,32.5941699439321));
#10395=CARTESIAN_POINT('Ctrl Pts',(2.03555027055248,12.,32.2372958462347));
#10396=CARTESIAN_POINT('Ctrl Pts',(2.12235876811802,12.,31.9451472201893));
#10397=CARTESIAN_POINT('Ctrl Pts',(2.17685290927879,12.,31.7617505607135));
#10398=CARTESIAN_POINT('Ctrl Pts',(2.25079629207391,12.,31.6125702010747));
#10399=CARTESIAN_POINT('Ctrl Pts',(2.3470077509973,12.,31.4911316376417));
#10400=CARTESIAN_POINT('Ctrl Pts',(2.43221895968903,12.,31.3835776426426));
#10401=CARTESIAN_POINT('Ctrl Pts',(2.53433885219847,12.,31.2985763752742));
#10402=CARTESIAN_POINT('Ctrl Pts',(2.65384835882822,12.,31.2314038947861));
#10403=CARTESIAN_POINT('Ctrl Pts',(2.78889210203467,12.,31.155500115569));
#10404=CARTESIAN_POINT('Ctrl Pts',(2.9511014725191,12.,31.0995100299555));
#10405=CARTESIAN_POINT('Ctrl Pts',(3.14739669478323,12.,31.0615394683306));
#10406=CARTESIAN_POINT('Ctrl Pts',(3.40179932174051,12.,31.0123288430642));
#10407=CARTESIAN_POINT('Ctrl Pts',(3.6969485114407,12.,30.9962510577491));
#10408=CARTESIAN_POINT('Ctrl Pts',(4.02380450325053,12.,31.0001421999945));
#10409=CARTESIAN_POINT('Ctrl Pts',(4.02380450325053,-1.11022302462516E-15,
31.0001421999945));
#10410=CARTESIAN_POINT('Ctrl Pts',(4.02380450325053,4.,31.0001421999945));
#10411=CARTESIAN_POINT('Ctrl Pts',(4.02380450325053,8.00000000000001,31.0001421999945));
#10412=CARTESIAN_POINT('Ctrl Pts',(4.02380450325053,12.,31.0001421999945));
#10413=CARTESIAN_POINT('Ctrl Pts',(3.48509465201084,-1.11022302462516E-15,
30.9937289883273));
#10414=CARTESIAN_POINT('Ctrl Pts',(3.48509465201084,4.,30.9937289883273));
#10415=CARTESIAN_POINT('Ctrl Pts',(3.48509465201084,8.00000000000001,30.9937289883273));
#10416=CARTESIAN_POINT('Ctrl Pts',(3.48509465201084,12.,30.9937289883273));
#10417=CARTESIAN_POINT('Ctrl Pts',(2.81579924771273,-1.11022302462516E-15,
31.0852863515828));
#10418=CARTESIAN_POINT('Ctrl Pts',(2.81579924771273,4.00000000000001,31.0852863515828));
#10419=CARTESIAN_POINT('Ctrl Pts',(2.81579924771273,8.,31.0852863515828));
#10420=CARTESIAN_POINT('Ctrl Pts',(2.81579924771273,12.,31.0852863515828));
#10421=CARTESIAN_POINT('Ctrl Pts',(2.27599492883791,-1.11022302462516E-15,
31.4661404784731));
#10422=CARTESIAN_POINT('Ctrl Pts',(2.27599492883791,4.,31.4661404784731));
#10423=CARTESIAN_POINT('Ctrl Pts',(2.27599492883791,8.00000000000001,31.4661404784731));
#10424=CARTESIAN_POINT('Ctrl Pts',(2.27599492883791,12.,31.4661404784731));
#10425=CARTESIAN_POINT('Ctrl Pts',(2.05158339199951,-1.11022302462516E-15,
32.0676246131149));
#10426=CARTESIAN_POINT('Ctrl Pts',(2.05158339199951,4.,32.0676246131149));
#10427=CARTESIAN_POINT('Ctrl Pts',(2.05158339199951,8.,32.0676246131149));
#10428=CARTESIAN_POINT('Ctrl Pts',(2.05158339199951,12.,32.0676246131149));
#10429=CARTESIAN_POINT('Ctrl Pts',(2.00334498368028,-1.11022302462516E-15,
32.7068377324584));
#10430=CARTESIAN_POINT('Ctrl Pts',(2.00334498368028,4.,32.7068377324584));
#10431=CARTESIAN_POINT('Ctrl Pts',(2.00334498368028,8.00000000000001,32.7068377324584));
#10432=CARTESIAN_POINT('Ctrl Pts',(2.00334498368028,12.,32.7068377324584));
#10433=CARTESIAN_POINT('Ctrl Pts',(2.00013837784669,-1.11022302462516E-15,
32.9761926580783));
#10434=CARTESIAN_POINT('Ctrl Pts',(2.00013837784669,4.,32.9761926580783));
#10435=CARTESIAN_POINT('Ctrl Pts',(2.00013837784669,8.00000000000001,32.9761926580783));
#10436=CARTESIAN_POINT('Ctrl Pts',(2.00013837784669,12.,32.9761926580783));
#10437=CARTESIAN_POINT('',(4.02380450325053,-8.32667268468867E-16,31.0001421999945));
#10438=CARTESIAN_POINT('Ctrl Pts',(4.02380450325053,12.,31.0001421999945));
#10439=CARTESIAN_POINT('Ctrl Pts',(4.02380450325053,8.00000000000001,31.0001421999945));
#10440=CARTESIAN_POINT('Ctrl Pts',(4.02380450325053,4.,31.0001421999945));
#10441=CARTESIAN_POINT('Ctrl Pts',(4.02380450325053,-1.11022302462516E-15,
31.0001421999945));
#10442=CARTESIAN_POINT('Ctrl Pts',(4.02380450325053,-5.55111512312578E-16,
31.0001421999945));
#10443=CARTESIAN_POINT('Ctrl Pts',(3.48509465201084,-5.55111512312578E-16,
30.9937289883273));
#10444=CARTESIAN_POINT('Ctrl Pts',(3.15044694986179,-5.55111512312578E-16,
31.0395076699551));
#10445=CARTESIAN_POINT('Ctrl Pts',(2.89315571230812,-5.55111512312578E-16,
31.125872698584));
#10446=CARTESIAN_POINT('Ctrl Pts',(2.63586447475446,-5.55111512312578E-16,
31.2122377272129));
#10447=CARTESIAN_POINT('Ctrl Pts',(2.45592970179618,-5.55111512312578E-16,
31.339189102843));
#10448=CARTESIAN_POINT('Ctrl Pts',(2.32108000794937,-5.55111512312578E-16,
31.5229616175864));
#10449=CARTESIAN_POINT('Ctrl Pts',(2.18623031410255,-5.55111512312578E-16,
31.7067341323298));
#10450=CARTESIAN_POINT('Ctrl Pts',(2.09646569936719,-5.55111512312578E-16,
31.9473277861865));
#10451=CARTESIAN_POINT('Ctrl Pts',(2.04510486853575,-5.55111512312578E-16,
32.3116203905137));
#10452=CARTESIAN_POINT('Ctrl Pts',(2.01942445312002,-5.55111512312578E-16,
32.4937666926772));
#10453=CARTESIAN_POINT('Ctrl Pts',(2.00334498368028,-5.55111512312578E-16,
32.7068377324584));
#10454=CARTESIAN_POINT('Ctrl Pts',(2.00013837784669,-5.55111512312578E-16,
32.9761926580783));
#10455=CARTESIAN_POINT('Origin',(4.02380450325053,3.,31.0001421999945));
#10456=CARTESIAN_POINT('',(44.0000028461218,-2.77555756156289E-16,31.4760492602285));
#10457=CARTESIAN_POINT('',(44.0000028461218,3.,31.4760492602285));
#10458=CARTESIAN_POINT('',(4.02380450325053,-2.77555756156289E-16,31.0001421999945));
#10459=CARTESIAN_POINT('Origin',(102.000003680587,3.,115.000001713634));
#10460=CARTESIAN_POINT('',(102.000003680587,-2.77555756156289E-16,117.000001713634));
#10461=CARTESIAN_POINT('Origin',(102.000003680587,-2.77555756156289E-16,
115.000001713634));
#10462=CARTESIAN_POINT('',(102.000003680587,3.,117.000001713634));
#10463=CARTESIAN_POINT('Origin',(128.000004068017,3.,117.000001713634));
#10464=CARTESIAN_POINT('',(128.000004068017,-2.77555756156289E-16,117.000001713634));
#10465=CARTESIAN_POINT('',(102.000003680587,-2.77555756156289E-16,117.000001713634));
#10466=CARTESIAN_POINT('',(128.000004068017,3.,117.000001713634));
#10467=CARTESIAN_POINT('Origin',(128.000004068017,3.,115.000001713634));
#10468=CARTESIAN_POINT('',(130.000004068017,-2.77555756156289E-16,115.000001713634));
#10469=CARTESIAN_POINT('Origin',(128.000004068017,-2.77555756156289E-16,
115.000001713634));
#10470=CARTESIAN_POINT('',(130.000004068017,3.,115.000001713634));
#10471=CARTESIAN_POINT('Origin',(46.0000028461218,3.,28.5000004246831));
#10472=CARTESIAN_POINT('',(46.0000028461218,-2.77555756156289E-16,26.5000004246831));
#10473=CARTESIAN_POINT('',(46.0000028461218,3.,26.5000004246831));
#10474=CARTESIAN_POINT('',(44.0000028461218,-2.77555756156289E-16,28.5000004246831));
#10475=CARTESIAN_POINT('Origin',(46.0000028461218,-2.77555756156289E-16,
28.5000004246831));
#10476=CARTESIAN_POINT('',(44.0000028461218,3.,28.5000004246831));
#10477=CARTESIAN_POINT('Origin',(46.0000028461218,3.,26.5000004246831));
#10478=CARTESIAN_POINT('',(63.0000031292439,-2.77555756156289E-16,26.5000004246831));
#10479=CARTESIAN_POINT('',(63.0000031292438,3.,26.5000004246831));
#10480=CARTESIAN_POINT('',(65.0000031292439,-2.77555756156289E-16,26.5000004246831));
#10481=CARTESIAN_POINT('Origin',(65.0000031292439,3.,23.5000003501773));
#10482=CARTESIAN_POINT('',(65.0000031292439,-2.77555756156289E-16,21.5000003501773));
#10483=CARTESIAN_POINT('',(65.0000031292439,3.,21.5000003501773));
#10484=CARTESIAN_POINT('',(63.0000031292439,-2.77555756156289E-16,23.5000003501773));
#10485=CARTESIAN_POINT('Origin',(65.0000031292439,-2.77555756156289E-16,
23.5000003501773));
#10486=CARTESIAN_POINT('',(63.0000031292439,3.,23.5000003501773));
#10487=CARTESIAN_POINT('Origin',(65.0000031292439,3.,21.5000003501773));
#10488=CARTESIAN_POINT('',(89.0000034868717,-2.77555756156289E-16,21.5000003501773));
#10489=CARTESIAN_POINT('',(89.0000034868717,3.,21.5000003501773));
#10490=CARTESIAN_POINT('',(89.0000034868717,-2.77555756156289E-16,21.5000003501773));
#10491=CARTESIAN_POINT('Origin',(89.0000034868717,3.,23.5000003501773));
#10492=CARTESIAN_POINT('',(91.0000034868717,-2.77555756156289E-16,23.5000003501773));
#10493=CARTESIAN_POINT('',(91.0000034868717,3.,23.5000003501773));
#10494=CARTESIAN_POINT('Origin',(89.0000034868717,-2.77555756156289E-16,
23.5000003501773));
#10495=CARTESIAN_POINT('Origin',(91.0000034868717,3.,23.5000003501773));
#10496=CARTESIAN_POINT('',(91.0000034868717,-2.77555756156289E-16,26.0000004172325));
#10497=CARTESIAN_POINT('',(91.0000034868717,3.,26.0000004172325));
#10498=CARTESIAN_POINT('',(91.0000034868717,-2.77555756156289E-16,23.5000003501773));
#10499=CARTESIAN_POINT('Origin',(109.000003784895,3.,28.0000004172325));
#10500=CARTESIAN_POINT('',(111.000003784895,-2.77555756156289E-16,28.0000004172325));
#10501=CARTESIAN_POINT('',(111.000003784895,3.,28.0000004172325));
#10502=CARTESIAN_POINT('',(109.000003784895,-2.77555756156289E-16,26.0000004172325));
#10503=CARTESIAN_POINT('Origin',(109.000003784895,-2.77555756156289E-16,
28.0000004172325));
#10504=CARTESIAN_POINT('',(109.000003784895,3.,26.0000004172325));
#10505=CARTESIAN_POINT('Origin',(111.000003784895,3.,28.0000004172325));
#10506=CARTESIAN_POINT('',(111.000003784895,-2.77555756156289E-16,30.0000004768372));
#10507=CARTESIAN_POINT('',(111.000003784895,3.,30.0000004768372));
#10508=CARTESIAN_POINT('',(111.000003784895,-2.77555756156289E-16,28.0000004172325));
#10509=CARTESIAN_POINT('Origin',(128.000004068017,3.,32.0000004768372));
#10510=CARTESIAN_POINT('',(130.000004068017,-2.77555756156289E-16,32.0000004768372));
#10511=CARTESIAN_POINT('',(130.000004068017,3.,32.0000004768372));
#10512=CARTESIAN_POINT('',(128.000004068017,-2.77555756156289E-16,30.0000004768372));
#10513=CARTESIAN_POINT('Origin',(128.000004068017,-2.77555756156289E-16,
32.0000004768372));
#10514=CARTESIAN_POINT('',(128.000004068017,3.,30.0000004768372));
#10515=CARTESIAN_POINT('Origin',(130.000004068017,3.,32.0000004768372));
#10516=CARTESIAN_POINT('',(130.000004068017,-2.77555756156289E-16,32.0000004768372));
#10517=CARTESIAN_POINT('Origin',(128.000004068017,3.,32.0000004768372));
#10518=CARTESIAN_POINT('',(128.000004068017,3.,32.0000004768372));
#10519=CARTESIAN_POINT('Origin',(109.000003784895,3.,32.0000004768372));
#10520=CARTESIAN_POINT('Origin',(3.99999666959047,3.,127.999997138977));
#10521=CARTESIAN_POINT('Origin',(63.0000031292439,3.,28.5000004246831));
#10522=CARTESIAN_POINT('',(63.0000031292439,-2.77555756156289E-16,23.5000003501773));
#10523=CARTESIAN_POINT('Origin',(44.0000028461218,3.,33.5000004991889));
#10524=CARTESIAN_POINT('',(44.0000028461218,-2.77555756156289E-16,28.5000004246831));
#10525=CARTESIAN_POINT('Origin',(109.000003784895,3.,30.0000004768372));
#10526=CARTESIAN_POINT('',(128.000004068017,-2.77555756156289E-16,30.0000004768372));
#10527=CARTESIAN_POINT('Origin',(89.0000034868717,3.,26.0000004172325));
#10528=CARTESIAN_POINT('',(109.000003784895,-2.77555756156289E-16,26.0000004172325));
#10529=CARTESIAN_POINT('Origin',(66.0000003688037,-2.77555756156289E-16,
79.7500011883676));
#10530=CARTESIAN_POINT('Origin',(45.9999989718199,1.5,33.4999992512167));
#10531=CARTESIAN_POINT('',(45.9999989718199,1.5,33.4999992512167));
#10532=CARTESIAN_POINT('',(79.0000011771917,1.5,33.4999992512167));
#10533=CARTESIAN_POINT('',(45.9999989718199,1.5,33.4999992512167));
#10534=CARTESIAN_POINT('',(79.0000011771917,10.5,33.4999992512167));
#10535=CARTESIAN_POINT('',(79.0000011771917,1.5,33.4999992512167));
#10536=CARTESIAN_POINT('',(45.9999989718199,10.5,33.4999992512167));
#10537=CARTESIAN_POINT('',(45.9999989718199,10.5,33.4999992512167));
#10538=CARTESIAN_POINT('',(45.9999989718199,1.5,33.4999992512167));
#10539=CARTESIAN_POINT('Origin',(45.9999989718199,1.5,32.0000004768372));
#10540=CARTESIAN_POINT('',(45.9999989718199,1.5,32.0000004768372));
#10541=CARTESIAN_POINT('',(45.9999989718199,1.5,32.0000004768372));
#10542=CARTESIAN_POINT('',(45.9999989718199,10.5,32.0000004768372));
#10543=CARTESIAN_POINT('',(45.9999989718199,10.5,32.0000004768372));
#10544=CARTESIAN_POINT('',(45.9999989718199,1.5,32.0000004768372));
#10545=CARTESIAN_POINT('Origin',(79.0000011771917,1.5,32.0000004768372));
#10546=CARTESIAN_POINT('',(79.0000011771917,1.5,32.0000004768372));
#10547=CARTESIAN_POINT('',(79.0000011771917,1.5,32.0000004768372));
#10548=CARTESIAN_POINT('',(79.0000011771917,10.5,32.0000004768372));
#10549=CARTESIAN_POINT('',(79.0000011771917,10.5,32.0000004768372));
#10550=CARTESIAN_POINT('',(79.0000011771917,1.5,32.0000004768372));
#10551=CARTESIAN_POINT('Origin',(79.0000011771917,1.5,31.9913655774367));
#10552=CARTESIAN_POINT('',(79.0000011771917,10.5,31.9913655774367));
#10553=CARTESIAN_POINT('',(79.0000011771917,10.5,70.9037372626465));
#10554=CARTESIAN_POINT('',(79.0000011771917,1.5,31.9913655774367));
#10555=CARTESIAN_POINT('',(79.0000011771917,1.5,31.9913655774367));
#10556=CARTESIAN_POINT('',(79.0000011771917,1.5,70.9037372626465));
#10557=CARTESIAN_POINT('Origin',(79.0000011771917,1.5,31.9913655774367));
#10558=CARTESIAN_POINT('',(79.0000011771917,1.5,69.0287672651011));
#10559=CARTESIAN_POINT('',(79.0000011771917,1.5,70.9037372626465));
#10560=CARTESIAN_POINT('',(79.0000011771917,10.5,69.0287672651011));
#10561=CARTESIAN_POINT('',(79.0000011771917,1.5,69.0287672651011));
#10562=CARTESIAN_POINT('',(79.0000011771917,10.5,70.9037372626465));
#10563=CARTESIAN_POINT('Origin',(81.0000012069941,1.5,70.9037372626465));
#10564=CARTESIAN_POINT('',(81.0000012069941,1.5,31.9913655774367));
#10565=CARTESIAN_POINT('',(81.0000012069941,1.5,70.9037372626465));
#10566=CARTESIAN_POINT('',(81.0000012069941,1.5,31.9913655774367));
#10567=CARTESIAN_POINT('',(81.0000012069941,10.5,31.9913655774367));
#10568=CARTESIAN_POINT('',(81.0000012069941,1.5,31.9913655774367));
#10569=CARTESIAN_POINT('',(81.0000012069941,10.5,70.9037372626465));
#10570=CARTESIAN_POINT('',(81.0000012069941,10.5,31.9913655774367));
#10571=CARTESIAN_POINT('',(81.0000012069941,1.5,70.9037372626465));
#10572=CARTESIAN_POINT('Origin',(81.0000012069941,1.5,31.9913655774367));
#10573=CARTESIAN_POINT('',(79.0000011771917,1.5,31.9913655774367));
#10574=CARTESIAN_POINT('',(79.0000011771917,10.5,31.9913655774367));
#10575=CARTESIAN_POINT('Origin',(20.6870355854591,1.5,70.9037532357205));
#10576=CARTESIAN_POINT('',(79.0000011771917,1.5,70.9037532357205));
#10577=CARTESIAN_POINT('',(20.6870355854591,1.5,70.9037532357205));
#10578=CARTESIAN_POINT('',(79.0000011771917,1.5,70.9037532357205));
#10579=CARTESIAN_POINT('',(81.0000012069941,1.5,70.9037372626465));
#10580=CARTESIAN_POINT('',(79.0000011771917,10.5,70.9037532357205));
#10581=CARTESIAN_POINT('',(81.0000012069941,10.5,70.9037372626465));
#10582=CARTESIAN_POINT('',(20.6870355854591,10.5,70.9037532357205));
#10583=CARTESIAN_POINT('',(79.0000011771917,10.5,70.9037532357205));
#10584=CARTESIAN_POINT('',(20.6870355854591,1.5,70.9037532357205));
#10585=CARTESIAN_POINT('Origin',(20.6870355854591,1.5,69.0287672651011));
#10586=CARTESIAN_POINT('',(20.6870355854591,1.5,69.0287672651011));
#10587=CARTESIAN_POINT('',(20.6870355854591,1.5,70.9037532357205));
#10588=CARTESIAN_POINT('',(20.6870355854591,10.5,69.0287672651011));
#10589=CARTESIAN_POINT('',(20.6870355854591,10.5,70.9037532357205));
#10590=CARTESIAN_POINT('',(20.6870355854591,1.5,69.0287672651011));
#10591=CARTESIAN_POINT('Origin',(79.0000011771917,1.5,69.0287672651011));
#10592=CARTESIAN_POINT('',(20.6870355854591,1.5,69.0287672651011));
#10593=CARTESIAN_POINT('',(20.6870355854591,10.5,69.0287672651011));
#10594=CARTESIAN_POINT('Origin',(49.8435183813254,10.5,69.9662602504108));
#10595=CARTESIAN_POINT('Origin',(49.8435183813254,1.5,69.9662602504108));
#10596=CARTESIAN_POINT('Origin',(20.7076053901265,1.5,46.9535689535731));
#10597=CARTESIAN_POINT('',(20.7076053901265,1.5,69.0000010281801));
#10598=CARTESIAN_POINT('',(20.7076053901265,1.5,46.9535689535731));
#10599=CARTESIAN_POINT('',(20.7076053901265,1.5,69.0000010281801));
#10600=CARTESIAN_POINT('',(20.7076053901265,10.5,69.0000010281801));
#10601=CARTESIAN_POINT('',(20.7076053901265,1.5,69.0000010281801));
#10602=CARTESIAN_POINT('',(20.7076053901265,10.5,46.9535689535731));
#10603=CARTESIAN_POINT('',(20.7076053901265,10.5,69.0000010281801));
#10604=CARTESIAN_POINT('',(20.7076053901265,1.5,46.9535689535731));
#10605=CARTESIAN_POINT('Origin',(23.0000003427267,1.5,46.9535689535731));
#10606=CARTESIAN_POINT('',(23.0000003427267,1.5,46.9535689535731));
#10607=CARTESIAN_POINT('',(20.7076053901265,1.5,46.9535689535731));
#10608=CARTESIAN_POINT('',(23.0000003427267,10.5,46.9535689535731));
#10609=CARTESIAN_POINT('',(20.7076053901265,10.5,46.9535689535731));
#10610=CARTESIAN_POINT('',(23.0000003427267,1.5,46.9535689535731));
#10611=CARTESIAN_POINT('Origin',(23.0000003427267,1.5,69.0000010281801));
#10612=CARTESIAN_POINT('',(23.0000003427267,1.5,69.0000010281801));
#10613=CARTESIAN_POINT('',(23.0000003427267,1.5,46.9535689535731));
#10614=CARTESIAN_POINT('',(23.0000003427267,10.5,69.0000010281801));
#10615=CARTESIAN_POINT('',(23.0000003427267,10.5,46.9535689535731));
#10616=CARTESIAN_POINT('',(23.0000003427267,1.5,69.0000010281801));
#10617=CARTESIAN_POINT('Origin',(20.7076053901265,1.5,69.0000010281801));
#10618=CARTESIAN_POINT('',(23.0000003427267,1.5,69.0000010281801));
#10619=CARTESIAN_POINT('',(23.0000003427267,10.5,69.0000010281801));
#10620=CARTESIAN_POINT('Origin',(21.8538028664266,10.5,57.9767849908766));
#10621=CARTESIAN_POINT('Origin',(21.8538028664266,1.5,57.9767849908766));
#10622=CARTESIAN_POINT('Origin',(7.29999983683228,1.5,36.3999991863966));
#10623=CARTESIAN_POINT('',(8.28994930836636,14.5,36.3999991863966));
#10624=CARTESIAN_POINT('Origin',(7.29999983683228,14.5,36.3999991863966));
#10625=CARTESIAN_POINT('',(8.28994930836636,1.5,36.3999991863966));
#10626=CARTESIAN_POINT('',(8.28994930836636,1.5,36.3999991863966));
#10627=CARTESIAN_POINT('Origin',(7.29999983683228,1.5,36.3999991863966));
#10628=CARTESIAN_POINT('Origin',(7.29999983683228,14.5,36.3999991863966));
#10629=CARTESIAN_POINT('Origin',(7.29999983683228,1.5,36.3999991863966));
#10630=CARTESIAN_POINT('Origin',(70.0999984331429,1.5,127.599997147918));
#10631=CARTESIAN_POINT('',(71.0899984331429,14.5,127.599997147918));
#10632=CARTESIAN_POINT('Origin',(70.0999984331429,14.5,127.599997147918));
#10633=CARTESIAN_POINT('',(71.0899984331429,1.5,127.599997147918));
#10634=CARTESIAN_POINT('',(71.0899984331429,1.5,127.599997147918));
#10635=CARTESIAN_POINT('Origin',(70.0999984331429,1.5,127.599997147918));
#10636=CARTESIAN_POINT('Origin',(70.0999984331429,14.5,127.599997147918));
#10637=CARTESIAN_POINT('Origin',(70.0999984331429,1.5,127.599997147918));
#10638=CARTESIAN_POINT('Origin',(124.599997214973,1.5,35.3999992087483));
#10639=CARTESIAN_POINT('',(125.589997214973,14.5,35.3999992087483));
#10640=CARTESIAN_POINT('Origin',(124.599997214973,14.5,35.3999992087483));
#10641=CARTESIAN_POINT('',(125.589997214973,1.5,35.3999992087483));
#10642=CARTESIAN_POINT('',(125.589997214973,1.5,35.3999992087483));
#10643=CARTESIAN_POINT('Origin',(124.599997214973,1.5,35.3999992087483));
#10644=CARTESIAN_POINT('Origin',(124.599997214973,14.5,35.3999992087483));
#10645=CARTESIAN_POINT('Origin',(124.599997214973,1.5,35.3999992087483));
#10646=CARTESIAN_POINT('Origin',(124.599997214973,1.5,111.099997516721));
#10647=CARTESIAN_POINT('',(125.589997214973,14.5,111.099997516721));
#10648=CARTESIAN_POINT('Origin',(124.599997214973,14.5,111.099997516721));
#10649=CARTESIAN_POINT('',(125.589997214973,1.5,111.099997516721));
#10650=CARTESIAN_POINT('',(125.589997214973,1.5,111.099997516721));
#10651=CARTESIAN_POINT('Origin',(124.599997214973,1.5,111.099997516721));
#10652=CARTESIAN_POINT('Origin',(124.599997214973,14.5,111.099997516721));
#10653=CARTESIAN_POINT('Origin',(124.599997214973,1.5,111.099997516721));
#10654=CARTESIAN_POINT('Origin',(-19.199992865324,14.5,124.099997226149));
#10655=CARTESIAN_POINT('',(-20.1899423368581,1.50000000000001,124.099997226149));
#10656=CARTESIAN_POINT('Origin',(-19.199992865324,1.50000000000001,124.099997226149));
#10657=CARTESIAN_POINT('',(-20.1899423368581,14.5,124.099997226149));
#10658=CARTESIAN_POINT('',(-20.1899423368581,14.5,124.099997226149));
#10659=CARTESIAN_POINT('Origin',(-19.199992865324,14.5,124.099997226149));
#10660=CARTESIAN_POINT('Origin',(-19.199992865324,1.50000000000001,124.099997226149));
#10661=CARTESIAN_POINT('Origin',(-19.199992865324,14.5,124.099997226149));
#10662=CARTESIAN_POINT('Origin',(-77.9999933950603,14.5,79.7500011883676));
#10663=CARTESIAN_POINT('',(-32.707598416383,14.5,42.0000006258488));
#10664=CARTESIAN_POINT('',(-32.707598416383,14.5,33.1989005692678));
#10665=CARTESIAN_POINT('',(-32.707598416383,14.5,57.1021198721531));
#10666=CARTESIAN_POINT('',(-32.3194646301496,14.5,33.1942799295661));
#10667=CARTESIAN_POINT('',(-15.999989695847,14.5,33.0000004917383));
#10668=CARTESIAN_POINT('',(-32.3283925677721,14.5,32.4443330701622));
#10669=CARTESIAN_POINT('',(-32.3194646301496,14.5,33.1942799295661));
#10670=CARTESIAN_POINT('',(-28.6154820818051,14.5,32.4001317606947));
#10671=CARTESIAN_POINT('',(-32.3283925677721,14.5,32.4443330701622));
#10672=CARTESIAN_POINT('',(-28.6065541441826,14.5,33.1500786200986));
#10673=CARTESIAN_POINT('',(-28.6065541441826,14.5,33.1500786200986));
#10674=CARTESIAN_POINT('',(-15.999989695847,14.5,33.0000004917383));
#10675=CARTESIAN_POINT('',(-15.999989695847,14.5,33.0000004917383));
#10676=CARTESIAN_POINT('',(-15.999989695847,14.5,127.999997138977));
#10677=CARTESIAN_POINT('',(-15.999989695847,14.5,127.999997138977));
#10678=CARTESIAN_POINT('',(-37.9999955743551,14.5,127.999997138977));
#10679=CARTESIAN_POINT('',(-15.999989695847,14.5,127.999997138977));
#10680=CARTESIAN_POINT('',(-37.9999955743551,14.5,136.000002026558));
#10681=CARTESIAN_POINT('',(-37.9999955743551,14.5,127.999997138977));
#10682=CARTESIAN_POINT('',(-63.9999959617853,14.5,136.000002026558));
#10683=CARTESIAN_POINT('',(-37.9999955743551,14.5,136.000002026558));
#10684=CARTESIAN_POINT('',(-63.9999959617853,14.5,131.000001952052));
#10685=CARTESIAN_POINT('',(-63.9999959617853,14.5,136.000002026558));
#10686=CARTESIAN_POINT('',(-85.9999962896109,14.5,131.000001952052));
#10687=CARTESIAN_POINT('',(-63.9999959617853,14.5,131.000001952052));
#10688=CARTESIAN_POINT('',(-85.9999962896109,14.5,106.000001579523));
#10689=CARTESIAN_POINT('',(-85.9999962896109,14.5,131.000001952052));
#10690=CARTESIAN_POINT('',(-94.9999964237213,14.5,106.000001579523));
#10691=CARTESIAN_POINT('',(-85.9999962896109,14.5,106.000001579523));
#10692=CARTESIAN_POINT('',(-94.9999964237213,14.5,110.000001639128));
#10693=CARTESIAN_POINT('',(-94.9999964237213,14.5,106.000001579523));
#10694=CARTESIAN_POINT('',(-113.999996706843,14.5,110.000001639128));
#10695=CARTESIAN_POINT('',(-94.9999964237213,14.5,110.000001639128));
#10696=CARTESIAN_POINT('',(-113.999996706843,14.5,115.000001713634));
#10697=CARTESIAN_POINT('',(-113.999996706843,14.5,110.000001639128));
#10698=CARTESIAN_POINT('',(-139.999997094274,14.5,115.000001713634));
#10699=CARTESIAN_POINT('',(-113.999996706843,14.5,115.000001713634));
#10700=CARTESIAN_POINT('',(-139.999997094274,14.5,32.0000004768372));
#10701=CARTESIAN_POINT('',(-139.999997094274,14.5,115.000001713634));
#10702=CARTESIAN_POINT('',(-120.999996811152,14.5,32.0000004768372));
#10703=CARTESIAN_POINT('',(-139.999997094274,14.5,32.0000004768372));
#10704=CARTESIAN_POINT('',(-120.999996811152,14.5,28.0000004172325));
#10705=CARTESIAN_POINT('',(-120.999996811152,14.5,32.0000004768372));
#10706=CARTESIAN_POINT('',(-100.999996513128,14.5,28.0000004172325));
#10707=CARTESIAN_POINT('',(-120.999996811152,14.5,28.0000004172325));
#10708=CARTESIAN_POINT('',(-100.999996513128,14.5,23.5000003501773));
#10709=CARTESIAN_POINT('',(-100.999996513128,14.5,28.0000004172325));
#10710=CARTESIAN_POINT('',(-76.9999961555004,14.5,23.5000003501773));
#10711=CARTESIAN_POINT('',(-100.999996513128,14.5,23.5000003501773));
#10712=CARTESIAN_POINT('',(-76.9999961555004,14.5,28.5000004246831));
#10713=CARTESIAN_POINT('',(-76.9999961555004,14.5,23.5000003501773));
#10714=CARTESIAN_POINT('',(-57.9999958723783,14.5,28.5000004246831));
#10715=CARTESIAN_POINT('',(-76.9999961555004,14.5,28.5000004246831));
#10716=CARTESIAN_POINT('',(-57.9999958723783,14.5,33.5000004991889));
#10717=CARTESIAN_POINT('',(-57.9999958723783,14.5,28.5000004246831));
#10718=CARTESIAN_POINT('',(-34.9999933689833,14.5,33.2261909817635));
#10719=CARTESIAN_POINT('',(-15.999989695847,14.5,33.0000004917383));
#10720=CARTESIAN_POINT('',(-34.9999933689833,14.5,42.0000006258488));
#10721=CARTESIAN_POINT('',(-34.9999933689833,14.5,57.1021198721531));
#10722=CARTESIAN_POINT('',(-55.3537959057217,14.5,42.0000006258488));
#10723=CARTESIAN_POINT('Origin',(-15.999989695847,13.,33.0000004917383));
#10724=CARTESIAN_POINT('',(-32.707598416383,5.50000000000001,33.1989005692678));
#10725=CARTESIAN_POINT('',(-32.707598416383,13.75,33.1989005692678));
#10726=CARTESIAN_POINT('',(-34.9999933689833,5.50000000000001,33.2261909817635));
#10727=CARTESIAN_POINT('',(-24.3612652462063,5.50000000000001,33.0995394732305));
#10728=CARTESIAN_POINT('',(-34.9999933689833,9.25000000000001,33.2261909817635));
#10729=CARTESIAN_POINT('',(-57.9999958723783,1.5,33.5000004991889));
#10730=CARTESIAN_POINT('',(-57.9999958723783,13.,33.5000004991889));
#10731=CARTESIAN_POINT('',(-32.3194646301496,1.5,33.1942799295661));
#10732=CARTESIAN_POINT('',(-47.2738330894781,1.5,33.3723081019825));
#10733=CARTESIAN_POINT('',(-32.3194646301496,8.50000000000001,33.1942799295661));
#10734=CARTESIAN_POINT('Origin',(-32.707598416383,14.5,34.4542385559386));
#10735=CARTESIAN_POINT('',(-32.707598416383,5.50000000000001,42.0000006258488));
#10736=CARTESIAN_POINT('',(-32.707598416383,14.5,42.0000006258488));
#10737=CARTESIAN_POINT('',(-32.707598416383,5.50000000000001,34.4542385559386));
#10738=CARTESIAN_POINT('Origin',(-34.9999933689833,14.5,42.0000006258488));
#10739=CARTESIAN_POINT('',(-34.9999933689833,5.50000000000001,42.0000006258488));
#10740=CARTESIAN_POINT('',(-34.9999933689833,5.50000000000001,34.4542385559386));
#10741=CARTESIAN_POINT('',(-34.9999933689833,14.5,42.0000006258488));
#10742=CARTESIAN_POINT('Origin',(-32.707598416383,14.5,42.0000006258488));
#10743=CARTESIAN_POINT('',(-34.9999933689833,5.50000000000001,42.0000006258488));
#10744=CARTESIAN_POINT('Origin',(-33.8537958926831,5.50000000000001,38.2271195908937));
#10745=CARTESIAN_POINT('Origin',(-47.2768090686856,1.25,33.1223258155145));
#10746=CARTESIAN_POINT('',(-57.4999958723783,1.,32.9940126894488));
#10747=CARTESIAN_POINT('',(-59.9090882608465,3.40909238846812,35.4319554516539));
#10748=CARTESIAN_POINT('',(-32.8253811615005,1.00000000000001,32.7002673150452));
#10749=CARTESIAN_POINT('',(-47.2797850478931,1.,32.8723435290465));
#10750=CARTESIAN_POINT('',(-31.1307471988749,2.67481576269158,34.3550275425815));
#10751=CARTESIAN_POINT('Origin',(-32.2956053725931,1.25,56.1999486468442));
#10752=CARTESIAN_POINT('',(-32.834309099123,1.00000000000001,31.9503204556413));
#10753=CARTESIAN_POINT('',(-32.5455876590611,1.00000000000001,56.2029246260517));
#10754=CARTESIAN_POINT('',(-32.3283925677721,1.5,32.4443330701622));
#10755=CARTESIAN_POINT('',(-32.8343090991231,1.00000000000001,31.9503204556413));
#10756=CARTESIAN_POINT('',(-32.0456230861252,1.5,56.1969726676367));
#10757=CARTESIAN_POINT('Origin',(-54.5172468519677,1.25,32.4584683476576));
#10758=CARTESIAN_POINT('',(-28.1214694672842,1.00000000000001,31.8942152293437));
#10759=CARTESIAN_POINT('',(-54.5202228311752,0.999999999999999,32.2084860611896));
#10760=CARTESIAN_POINT('',(-28.6154820818051,1.50000000000001,32.4001317606947));
#10761=CARTESIAN_POINT('',(-28.1214694672842,1.00000000000001,31.8942152293437));
#10762=CARTESIAN_POINT('',(-54.5142708727602,1.5,32.7084506341255));
#10763=CARTESIAN_POINT('Origin',(-28.0827303136902,1.25,56.1497953789616));
#10764=CARTESIAN_POINT('',(-28.1065895712467,1.00000000000001,33.1441266616836));
#10765=CARTESIAN_POINT('',(-27.8327480272222,1.00000000000001,56.1468193997541));
#10766=CARTESIAN_POINT('',(-28.6065541441826,1.50000000000001,33.1500786200986));
#10767=CARTESIAN_POINT('',(-28.2047181832464,1.09813556530971,33.1452948592911));
#10768=CARTESIAN_POINT('',(-28.3327126001582,1.50000000000001,56.1527713581691));
#10769=CARTESIAN_POINT('Origin',(-77.9999933950603,0.999999999999999,79.7500011883676));
#10770=CARTESIAN_POINT('',(-57.4999958723783,1.,28.0000004246831));
#10771=CARTESIAN_POINT('',(-57.4999958723783,1.,56.6250008437783));
#10772=CARTESIAN_POINT('',(-76.4999961555004,0.999999999999999,28.0000004246831));
#10773=CARTESIAN_POINT('',(-67.9999946337193,1.,28.0000004246831));
#10774=CARTESIAN_POINT('',(-76.4999961555004,0.999999999999999,23.0000003501773));
#10775=CARTESIAN_POINT('',(-76.4999961555004,0.999999999999999,54.1250008065253));
#10776=CARTESIAN_POINT('',(-101.499996513128,0.999999999999996,23.0000003501773));
#10777=CARTESIAN_POINT('',(-77.4999947752804,0.999999999999999,23.0000003501773));
#10778=CARTESIAN_POINT('',(-101.499996513128,0.999999999999996,27.5000004172325));
#10779=CARTESIAN_POINT('',(-101.499996513128,0.999999999999996,51.6250007692724));
#10780=CARTESIAN_POINT('',(-121.499996811152,0.999999999999994,27.5000004172325));
#10781=CARTESIAN_POINT('',(-89.4999949540943,0.999999999999999,27.5000004172325));
#10782=CARTESIAN_POINT('',(-121.499996811152,0.999999999999994,31.5000004768372));
#10783=CARTESIAN_POINT('',(-121.499996811152,0.999999999999994,53.8750008028001));
#10784=CARTESIAN_POINT('',(-139.999997094274,0.999999999999992,31.5000004768372));
#10785=CARTESIAN_POINT('',(-99.4999951031059,0.999999999999996,31.5000004768372));
#10786=CARTESIAN_POINT('',(-139.999997094274,0.999999999999992,115.500001713634));
#10787=CARTESIAN_POINT('',(-139.999997094274,0.999999999999992,55.8750008326024));
#10788=CARTESIAN_POINT('',(-113.499996706843,0.999999999999994,115.500001713634));
#10789=CARTESIAN_POINT('',(-108.999995244667,0.999999999999992,115.500001713634));
#10790=CARTESIAN_POINT('',(-113.499996706843,0.999999999999994,110.500001639128));
#10791=CARTESIAN_POINT('',(-113.499996706843,0.999999999999994,97.3750014510006));
#10792=CARTESIAN_POINT('',(-94.4999964237213,0.999999999999996,110.500001639128));
#10793=CARTESIAN_POINT('',(-95.9999950509518,0.999999999999996,110.500001639128));
#10794=CARTESIAN_POINT('',(-94.4999964237213,0.999999999999996,106.500001579523));
#10795=CARTESIAN_POINT('',(-94.4999964237213,0.999999999999996,94.8750014137477));
#10796=CARTESIAN_POINT('',(-86.4999962896109,0.999999999999999,106.500001579523));
#10797=CARTESIAN_POINT('',(-86.4999949093908,0.999999999999999,106.500001579523));
#10798=CARTESIAN_POINT('',(-86.4999962896109,0.999999999999999,131.500001952052));
#10799=CARTESIAN_POINT('',(-86.4999962896109,0.999999999999999,92.8750013839453));
#10800=CARTESIAN_POINT('',(-64.4999959617853,1.,131.500001952052));
#10801=CARTESIAN_POINT('',(-81.9999948423356,0.999999999999999,131.500001952052));
#10802=CARTESIAN_POINT('',(-64.4999959617853,1.,136.500002026558));
#10803=CARTESIAN_POINT('',(-64.4999959617853,1.,105.37500157021));
#10804=CARTESIAN_POINT('',(-37.4999955743551,1.,136.500002026558));
#10805=CARTESIAN_POINT('',(-70.9999946784228,1.,136.500002026558));
#10806=CARTESIAN_POINT('',(-37.4999955743551,1.,128.499997138977));
#10807=CARTESIAN_POINT('',(-37.4999955743551,1.,107.875001607463));
#10808=CARTESIAN_POINT('',(-15.999989695847,1.00000000000001,128.499997138977));
#10809=CARTESIAN_POINT('',(-57.9999944847077,1.,128.499997138977));
#10810=CARTESIAN_POINT('',(-15.999989695847,1.00000000000001,33.0000004917383));
#10811=CARTESIAN_POINT('',(-15.999989695847,1.00000000000001,103.874999163672));
#10812=CARTESIAN_POINT('',(-13.999989695847,1.00000000000001,33.0000004917383));
#10813=CARTESIAN_POINT('',(-46.9999915454537,1.,33.0000004917383));
#10814=CARTESIAN_POINT('',(-13.999989695847,1.00000000000001,127.999997138977));
#10815=CARTESIAN_POINT('',(-13.999989695847,1.00000000000001,103.874999163672));
#10816=CARTESIAN_POINT('',(-15.999989695847,1.00000000000001,129.999997138977));
#10817=CARTESIAN_POINT('Origin',(-15.999989695847,1.00000000000001,127.999997138977));
#10818=CARTESIAN_POINT('',(-35.9999955743551,1.00000000000001,129.999997138977));
#10819=CARTESIAN_POINT('',(-57.9999944847077,1.,129.999997138977));
#10820=CARTESIAN_POINT('',(-35.9999955743551,1.00000000000001,136.000002026558));
#10821=CARTESIAN_POINT('',(-35.9999955743551,1.00000000000001,107.875001607463));
#10822=CARTESIAN_POINT('',(-37.9999955743551,1.,138.000002026558));
#10823=CARTESIAN_POINT('Origin',(-37.9999955743551,1.,136.000002026558));
#10824=CARTESIAN_POINT('',(-63.9999959617853,1.,138.000002026558));
#10825=CARTESIAN_POINT('',(-70.9999946784228,1.,138.000002026558));
#10826=CARTESIAN_POINT('',(-65.9999959617853,1.,136.000002026558));
#10827=CARTESIAN_POINT('Origin',(-63.9999959617853,1.,136.000002026558));
#10828=CARTESIAN_POINT('',(-65.9999959617853,1.,133.000001952052));
#10829=CARTESIAN_POINT('',(-65.9999959617853,1.,105.37500157021));
#10830=CARTESIAN_POINT('',(-85.9999962896109,0.999999999999999,133.000001952052));
#10831=CARTESIAN_POINT('',(-81.9999948423356,0.999999999999999,133.000001952052));
#10832=CARTESIAN_POINT('',(-87.9999962896109,0.999999999999999,131.000001952052));
#10833=CARTESIAN_POINT('Origin',(-85.9999962896109,0.999999999999999,131.000001952052));
#10834=CARTESIAN_POINT('',(-87.9999962896109,0.999999999999999,108.000001579523));
#10835=CARTESIAN_POINT('',(-87.9999962896109,0.999999999999999,92.8750013839453));
#10836=CARTESIAN_POINT('',(-92.9999964237213,0.999999999999996,108.000001579523));
#10837=CARTESIAN_POINT('',(-86.4999949093908,0.999999999999999,108.000001579523));
#10838=CARTESIAN_POINT('',(-92.9999964237213,0.999999999999996,110.000001639128));
#10839=CARTESIAN_POINT('',(-92.9999964237213,0.999999999999996,94.8750014137477));
#10840=CARTESIAN_POINT('',(-94.9999964237213,0.999999999999996,112.000001639128));
#10841=CARTESIAN_POINT('Origin',(-94.9999964237213,0.999999999999996,110.000001639128));
#10842=CARTESIAN_POINT('',(-111.999996706843,0.999999999999994,112.000001639128));
#10843=CARTESIAN_POINT('',(-95.9999950509518,0.999999999999996,112.000001639128));
#10844=CARTESIAN_POINT('',(-111.999996706843,0.999999999999994,115.000001713634));
#10845=CARTESIAN_POINT('',(-111.999996706843,0.999999999999994,97.3750014510006));
#10846=CARTESIAN_POINT('',(-113.999996706843,0.999999999999994,117.000001713634));
#10847=CARTESIAN_POINT('Origin',(-113.999996706843,0.999999999999994,115.000001713634));
#10848=CARTESIAN_POINT('',(-139.999997094274,0.999999999999992,117.000001713634));
#10849=CARTESIAN_POINT('',(-108.999995244667,0.999999999999992,117.000001713634));
#10850=CARTESIAN_POINT('',(-141.999997094274,0.999999999999992,115.000001713634));
#10851=CARTESIAN_POINT('Origin',(-139.999997094274,0.999999999999992,115.000001713634));
#10852=CARTESIAN_POINT('',(-141.999997094274,0.999999999999992,32.0000004768372));
#10853=CARTESIAN_POINT('',(-141.999997094274,0.999999999999992,55.8750008326024));
#10854=CARTESIAN_POINT('',(-139.999997094274,0.999999999999992,30.0000004768372));
#10855=CARTESIAN_POINT('Origin',(-139.999997094274,0.999999999999992,32.0000004768372));
#10856=CARTESIAN_POINT('',(-122.999996811152,0.999999999999994,30.0000004768372));
#10857=CARTESIAN_POINT('',(-99.4999951031059,0.999999999999996,30.0000004768372));
#10858=CARTESIAN_POINT('',(-122.999996811152,0.999999999999994,28.0000004172325));
#10859=CARTESIAN_POINT('',(-122.999996811152,0.999999999999994,53.8750008028001));
#10860=CARTESIAN_POINT('',(-120.999996811152,0.999999999999994,26.0000004172325));
#10861=CARTESIAN_POINT('Origin',(-120.999996811152,0.999999999999994,28.0000004172325));
#10862=CARTESIAN_POINT('',(-102.999996513128,0.999999999999996,26.0000004172325));
#10863=CARTESIAN_POINT('',(-89.4999949540943,0.999999999999999,26.0000004172325));
#10864=CARTESIAN_POINT('',(-102.999996513128,0.999999999999996,23.5000003501773));
#10865=CARTESIAN_POINT('',(-102.999996513128,0.999999999999996,51.6250007692724));
#10866=CARTESIAN_POINT('',(-100.999996513128,0.999999999999996,21.5000003501773));
#10867=CARTESIAN_POINT('Origin',(-100.999996513128,0.999999999999996,23.5000003501773));
#10868=CARTESIAN_POINT('',(-76.9999961555004,0.999999999999999,21.5000003501773));
#10869=CARTESIAN_POINT('',(-77.4999947752804,0.999999999999999,21.5000003501773));
#10870=CARTESIAN_POINT('',(-74.9999961555004,0.999999999999999,23.5000003501773));
#10871=CARTESIAN_POINT('Origin',(-76.9999961555004,0.999999999999999,23.5000003501773));
#10872=CARTESIAN_POINT('',(-74.9999961555004,0.999999999999999,26.5000004246831));
#10873=CARTESIAN_POINT('',(-74.9999961555004,0.999999999999999,54.1250008065253));
#10874=CARTESIAN_POINT('',(-57.9999958723783,1.,26.5000004246831));
#10875=CARTESIAN_POINT('',(-67.9999946337193,1.,26.5000004246831));
#10876=CARTESIAN_POINT('',(-55.9999958723784,0.999999999999999,28.5000004246831));
#10877=CARTESIAN_POINT('Origin',(-57.9999958723783,1.,28.5000004246831));
#10878=CARTESIAN_POINT('',(-55.9999958723784,0.999999999999999,31.4760492602285));
#10879=CARTESIAN_POINT('',(-55.9999958723784,0.999999999999999,56.6250008437783));
#10880=CARTESIAN_POINT('',(-16.0237975295071,1.00000000000001,31.0001421999945));
#10881=CARTESIAN_POINT('',(-47.2976409231382,1.,31.3724498102387));
#10882=CARTESIAN_POINT('',(-14.0001314041032,1.00000000000001,32.9761926580783));
#10883=CARTESIAN_POINT('Ctrl Pts',(-16.0237975295071,1.00000000000001,31.0001421999945));
#10884=CARTESIAN_POINT('Ctrl Pts',(-15.6195748320666,1.00000000000001,30.995330025661));
#10885=CARTESIAN_POINT('Ctrl Pts',(-15.3022362781572,1.00000000000001,31.0221950152915));
#10886=CARTESIAN_POINT('Ctrl Pts',(-15.0494924333614,1.00000000000001,31.0826477102501));
#10887=CARTESIAN_POINT('Ctrl Pts',(-14.8555391090794,1.00000000000001,31.1290385577047));
#10888=CARTESIAN_POINT('Ctrl Pts',(-14.69716440276,1.00000000000001,31.1957693972083));
#10889=CARTESIAN_POINT('Ctrl Pts',(-14.5672005102119,1.00000000000001,31.2853793216928));
#10890=CARTESIAN_POINT('Ctrl Pts',(-14.4527942188484,1.00000000000001,31.3642623016393));
#10891=CARTESIAN_POINT('Ctrl Pts',(-14.3599893291395,1.00000000000001,31.4612166752135));
#10892=CARTESIAN_POINT('Ctrl Pts',(-14.2849468612048,1.00000000000001,31.578111279616));
#10893=CARTESIAN_POINT('Ctrl Pts',(-14.2063254318744,1.00000000000001,31.7005808775925));
#10894=CARTESIAN_POINT('Ctrl Pts',(-14.1454741554043,1.00000000000001,31.847564501663));
#10895=CARTESIAN_POINT('Ctrl Pts',(-14.1004937306956,1.00000000000001,32.0246275277627));
#10896=CARTESIAN_POINT('Ctrl Pts',(-14.0375366886903,1.00000000000001,32.2724545423796));
#10897=CARTESIAN_POINT('Ctrl Pts',(-14.0048150198343,1.00000000000001,32.5827688846749));
#10898=CARTESIAN_POINT('Ctrl Pts',(-14.0001314041032,1.00000000000001,32.9761926580783));
#10899=CARTESIAN_POINT('',(-47.2738330894782,1.,33.3723081019825));
#10900=CARTESIAN_POINT('',(-47.2738330894781,1.,33.3723081019825));
#10901=CARTESIAN_POINT('Origin',(-99.4999951031059,1.25,31.7500004768372));
#10902=CARTESIAN_POINT('',(-120.999996811152,1.49999999999999,32.0000004768372));
#10903=CARTESIAN_POINT('',(-139.999997094274,1.49999999999999,32.0000004768372));
#10904=CARTESIAN_POINT('',(-99.4999951031059,1.5,32.0000004768372));
#10905=CARTESIAN_POINT('',(-139.999997094274,4.25000000000001,34.7500004768372));
#10906=CARTESIAN_POINT('',(-121.499996811152,0.999999999999994,31.5000004768372));
#10907=CARTESIAN_POINT('Origin',(-121.249996811152,1.24999999999999,53.8750008028001));
#10908=CARTESIAN_POINT('',(-120.999996811152,1.49999999999999,28.0000004172325));
#10909=CARTESIAN_POINT('',(-121.499996811152,0.999999999999994,27.5000004172325));
#10910=CARTESIAN_POINT('',(-120.999996811152,1.49999999999999,53.8750008028001));
#10911=CARTESIAN_POINT('Origin',(-89.4999949540943,1.25,27.7500004172325));
#10912=CARTESIAN_POINT('',(-100.999996513128,1.5,28.0000004172325));
#10913=CARTESIAN_POINT('',(-101.499996513128,0.999999999999996,27.5000004172325));
#10914=CARTESIAN_POINT('',(-89.4999949540943,1.5,28.0000004172325));
#10915=CARTESIAN_POINT('Origin',(-101.249996513128,1.25,51.6250007692724));
#10916=CARTESIAN_POINT('',(-100.999996513128,1.5,23.5000003501773));
#10917=CARTESIAN_POINT('',(-101.499996513128,0.999999999999996,23.0000003501773));
#10918=CARTESIAN_POINT('',(-100.999996513128,1.5,51.6250007692724));
#10919=CARTESIAN_POINT('Origin',(-77.4999947752804,1.25,23.2500003501773));
#10920=CARTESIAN_POINT('',(-76.9999961555004,1.5,23.5000003501773));
#10921=CARTESIAN_POINT('',(-76.4999961555004,0.999999999999999,23.0000003501773));
#10922=CARTESIAN_POINT('',(-77.4999947752804,1.5,23.5000003501773));
#10923=CARTESIAN_POINT('Origin',(-76.7499961555004,1.25,54.1250008065253));
#10924=CARTESIAN_POINT('',(-76.9999961555004,1.5,28.5000004246831));
#10925=CARTESIAN_POINT('',(-76.4999961555004,0.999999999999999,28.0000004246831));
#10926=CARTESIAN_POINT('',(-76.9999961555004,1.5,54.1250008065253));
#10927=CARTESIAN_POINT('Origin',(-67.9999946337193,1.25,28.2500004246831));
#10928=CARTESIAN_POINT('',(-57.9999958723783,1.5,28.5000004246831));
#10929=CARTESIAN_POINT('',(-57.4999958723783,1.,28.0000004246831));
#10930=CARTESIAN_POINT('',(-67.9999946337193,1.5,28.5000004246831));
#10931=CARTESIAN_POINT('Origin',(-57.7499958723783,1.25,56.6250008437783));
#10932=CARTESIAN_POINT('',(-57.9999958723783,1.5,56.6250008437783));
#10933=CARTESIAN_POINT('Origin',(-57.9999944847077,1.25,128.249997138977));
#10934=CARTESIAN_POINT('',(-37.9999955743551,1.5,127.999997138977));
#10935=CARTESIAN_POINT('',(-15.999989695847,1.50000000000001,127.999997138977));
#10936=CARTESIAN_POINT('',(-57.9999944847077,1.5,127.999997138977));
#10937=CARTESIAN_POINT('',(-15.999989695847,4.24999999999997,125.249997138977));
#10938=CARTESIAN_POINT('',(-37.4999955743551,1.,128.499997138977));
#10939=CARTESIAN_POINT('Origin',(-37.7499955743551,1.25,107.875001607463));
#10940=CARTESIAN_POINT('',(-37.9999955743551,1.5,136.000002026558));
#10941=CARTESIAN_POINT('',(-37.4999955743551,1.,136.500002026558));
#10942=CARTESIAN_POINT('',(-37.9999955743551,1.5,107.875001607463));
#10943=CARTESIAN_POINT('Origin',(-70.9999946784228,1.25,136.250002026558));
#10944=CARTESIAN_POINT('',(-63.9999959617853,1.5,136.000002026558));
#10945=CARTESIAN_POINT('',(-64.4999959617853,1.,136.500002026558));
#10946=CARTESIAN_POINT('',(-70.9999946784228,1.5,136.000002026558));
#10947=CARTESIAN_POINT('Origin',(-64.2499959617853,1.25,105.37500157021));
#10948=CARTESIAN_POINT('',(-63.9999959617853,1.5,131.000001952052));
#10949=CARTESIAN_POINT('',(-64.4999959617853,1.,131.500001952052));
#10950=CARTESIAN_POINT('',(-63.9999959617853,1.5,105.37500157021));
#10951=CARTESIAN_POINT('Origin',(-81.9999948423356,1.25,131.250001952052));
#10952=CARTESIAN_POINT('',(-85.9999962896109,1.5,131.000001952052));
#10953=CARTESIAN_POINT('',(-86.4999962896109,0.999999999999999,131.500001952052));
#10954=CARTESIAN_POINT('',(-81.9999948423356,1.5,131.000001952052));
#10955=CARTESIAN_POINT('Origin',(-86.2499962896109,1.25,92.8750013839453));
#10956=CARTESIAN_POINT('',(-85.9999962896109,1.5,106.000001579523));
#10957=CARTESIAN_POINT('',(-86.4999962896109,0.999999999999999,106.500001579523));
#10958=CARTESIAN_POINT('',(-85.9999962896109,1.5,92.8750013839453));
#10959=CARTESIAN_POINT('Origin',(-86.4999949093908,1.25,106.250001579523));
#10960=CARTESIAN_POINT('',(-94.9999964237213,1.5,106.000001579523));
#10961=CARTESIAN_POINT('',(-94.4999964237213,0.999999999999996,106.500001579523));
#10962=CARTESIAN_POINT('',(-86.4999949093908,1.5,106.000001579523));
#10963=CARTESIAN_POINT('Origin',(-94.7499964237213,1.25,94.8750014137477));
#10964=CARTESIAN_POINT('',(-94.9999964237213,1.5,110.000001639128));
#10965=CARTESIAN_POINT('',(-94.4999964237213,0.999999999999996,110.500001639128));
#10966=CARTESIAN_POINT('',(-94.9999964237213,1.5,94.8750014137477));
#10967=CARTESIAN_POINT('Origin',(-95.9999950509518,1.25,110.250001639128));
#10968=CARTESIAN_POINT('',(-113.999996706843,1.49999999999999,110.000001639128));
#10969=CARTESIAN_POINT('',(-113.499996706843,0.999999999999994,110.500001639128));
#10970=CARTESIAN_POINT('',(-95.9999950509518,1.5,110.000001639128));
#10971=CARTESIAN_POINT('Origin',(-113.749996706843,1.24999999999999,97.3750014510006));
#10972=CARTESIAN_POINT('',(-113.999996706843,1.49999999999999,115.000001713634));
#10973=CARTESIAN_POINT('',(-113.499996706843,0.999999999999994,115.500001713634));
#10974=CARTESIAN_POINT('',(-113.999996706843,1.49999999999999,97.3750014510006));
#10975=CARTESIAN_POINT('Origin',(-108.999995244667,1.24999999999999,115.250001713634));
#10976=CARTESIAN_POINT('',(-139.999997094274,1.49999999999999,115.000001713634));
#10977=CARTESIAN_POINT('',(-139.999997094274,25.000000309199,91.5000014044342));
#10978=CARTESIAN_POINT('',(-108.999995244667,1.49999999999999,115.000001713634));
#10979=CARTESIAN_POINT('Origin',(-37.9999955743551,13.,127.999997138977));
#10980=CARTESIAN_POINT('',(-37.9999955743551,13.,127.999997138977));
#10981=CARTESIAN_POINT('',(-15.999989695847,13.,127.999997138977));
#10982=CARTESIAN_POINT('Origin',(-37.9999955743551,13.,136.000002026558));
#10983=CARTESIAN_POINT('',(-37.9999955743551,13.,136.000002026558));
#10984=CARTESIAN_POINT('Origin',(-63.9999959617853,13.,136.000002026558));
#10985=CARTESIAN_POINT('',(-63.9999959617853,13.,136.000002026558));
#10986=CARTESIAN_POINT('Origin',(-63.9999959617853,13.,131.000001952052));
#10987=CARTESIAN_POINT('',(-63.9999959617853,13.,131.000001952052));
#10988=CARTESIAN_POINT('Origin',(-85.9999962896109,13.,131.000001952052));
#10989=CARTESIAN_POINT('',(-85.9999962896109,13.,131.000001952052));
#10990=CARTESIAN_POINT('Origin',(-85.9999962896109,13.,106.000001579523));
#10991=CARTESIAN_POINT('',(-85.9999962896109,13.,106.000001579523));
#10992=CARTESIAN_POINT('Origin',(-94.9999964237213,13.,106.000001579523));
#10993=CARTESIAN_POINT('',(-94.9999964237213,13.,106.000001579523));
#10994=CARTESIAN_POINT('Origin',(-94.9999964237213,13.,110.000001639128));
#10995=CARTESIAN_POINT('',(-94.9999964237213,13.,110.000001639128));
#10996=CARTESIAN_POINT('Origin',(-113.999996706843,13.,110.000001639128));
#10997=CARTESIAN_POINT('',(-113.999996706843,13.,110.000001639128));
#10998=CARTESIAN_POINT('Origin',(-113.999996706843,13.,115.000001713634));
#10999=CARTESIAN_POINT('',(-113.999996706843,13.,115.000001713634));
#11000=CARTESIAN_POINT('Origin',(-139.999997094274,13.,115.000001713634));
#11001=CARTESIAN_POINT('',(-139.999997094274,13.,115.000001713634));
#11002=CARTESIAN_POINT('Ctrl Pts',(-16.0237975295071,3.00000000000001,31.0001421999945));
#11003=CARTESIAN_POINT('Ctrl Pts',(-16.0237975295071,1.00000000000001,31.0001421999945));
#11004=CARTESIAN_POINT('Ctrl Pts',(-15.6195748320666,3.00000000000001,30.995330025661));
#11005=CARTESIAN_POINT('Ctrl Pts',(-15.6195748320666,1.00000000000001,30.995330025661));
#11006=CARTESIAN_POINT('Ctrl Pts',(-15.3022362781572,3.00000000000001,31.0221950152915));
#11007=CARTESIAN_POINT('Ctrl Pts',(-15.3022362781572,1.00000000000001,31.0221950152915));
#11008=CARTESIAN_POINT('Ctrl Pts',(-14.8555391090794,3.00000000000001,31.1290385577047));
#11009=CARTESIAN_POINT('Ctrl Pts',(-14.8555391090794,1.00000000000001,31.1290385577047));
#11010=CARTESIAN_POINT('Ctrl Pts',(-14.69716440276,3.00000000000001,31.1957693972083));
#11011=CARTESIAN_POINT('Ctrl Pts',(-14.69716440276,1.00000000000001,31.1957693972083));
#11012=CARTESIAN_POINT('Ctrl Pts',(-14.4527942188484,3.00000000000001,31.3642623016393));
#11013=CARTESIAN_POINT('Ctrl Pts',(-14.4527942188484,1.00000000000001,31.3642623016393));
#11014=CARTESIAN_POINT('Ctrl Pts',(-14.3599893291395,3.00000000000001,31.4612166752135));
#11015=CARTESIAN_POINT('Ctrl Pts',(-14.3599893291395,1.00000000000001,31.4612166752135));
#11016=CARTESIAN_POINT('Ctrl Pts',(-14.2063254318744,3.00000000000001,31.7005808775925));
#11017=CARTESIAN_POINT('Ctrl Pts',(-14.2063254318744,1.00000000000001,31.7005808775925));
#11018=CARTESIAN_POINT('Ctrl Pts',(-14.1454741554043,3.00000000000001,31.847564501663));
#11019=CARTESIAN_POINT('Ctrl Pts',(-14.1454741554043,1.00000000000001,31.847564501663));
#11020=CARTESIAN_POINT('Ctrl Pts',(-14.0375366886903,3.00000000000001,32.2724545423796));
#11021=CARTESIAN_POINT('Ctrl Pts',(-14.0375366886903,1.00000000000001,32.2724545423796));
#11022=CARTESIAN_POINT('Ctrl Pts',(-14.0048150198343,3.00000000000001,32.5827688846749));
#11023=CARTESIAN_POINT('Ctrl Pts',(-14.0048150198343,1.00000000000001,32.5827688846749));
#11024=CARTESIAN_POINT('Ctrl Pts',(-14.0001314041032,3.00000000000001,32.9761926580783));
#11025=CARTESIAN_POINT('Ctrl Pts',(-14.0001314041032,1.00000000000001,32.9761926580783));
#11026=CARTESIAN_POINT('',(-14.0001314041032,3.00000000000001,32.9761926580783));
#11027=CARTESIAN_POINT('',(-16.0237975295071,3.00000000000001,31.0001421999945));
#11028=CARTESIAN_POINT('Ctrl Pts',(-14.0001314041032,3.00000000000001,32.9761926580783));
#11029=CARTESIAN_POINT('Ctrl Pts',(-14.0048150198343,3.00000000000001,32.5827688846749));
#11030=CARTESIAN_POINT('Ctrl Pts',(-14.0375366886903,3.00000000000001,32.2724545423796));
#11031=CARTESIAN_POINT('Ctrl Pts',(-14.1004937306956,3.00000000000001,32.0246275277627));
#11032=CARTESIAN_POINT('Ctrl Pts',(-14.1454741554043,3.00000000000001,31.847564501663));
#11033=CARTESIAN_POINT('Ctrl Pts',(-14.2063254318744,3.00000000000001,31.7005808775925));
#11034=CARTESIAN_POINT('Ctrl Pts',(-14.2849468612048,3.00000000000001,31.578111279616));
#11035=CARTESIAN_POINT('Ctrl Pts',(-14.3599893291395,3.00000000000001,31.4612166752135));
#11036=CARTESIAN_POINT('Ctrl Pts',(-14.4527942188484,3.00000000000001,31.3642623016393));
#11037=CARTESIAN_POINT('Ctrl Pts',(-14.5672005102119,3.00000000000001,31.2853793216928));
#11038=CARTESIAN_POINT('Ctrl Pts',(-14.69716440276,3.00000000000001,31.1957693972083));
#11039=CARTESIAN_POINT('Ctrl Pts',(-14.8555391090794,3.00000000000001,31.1290385577047));
#11040=CARTESIAN_POINT('Ctrl Pts',(-15.0494924333614,3.00000000000001,31.0826477102501));
#11041=CARTESIAN_POINT('Ctrl Pts',(-15.3022362781572,3.00000000000001,31.0221950152915));
#11042=CARTESIAN_POINT('Ctrl Pts',(-15.6195748320666,3.00000000000001,30.995330025661));
#11043=CARTESIAN_POINT('Ctrl Pts',(-16.0237975295071,3.00000000000001,31.0001421999945));
#11044=CARTESIAN_POINT('',(-14.0001314041032,3.00000000000001,32.9761926580783));
#11045=CARTESIAN_POINT('',(-16.0237975295071,3.00000000000001,31.0001421999945));
#11046=CARTESIAN_POINT('Origin',(-111.999996706843,13.,115.000001713634));
#11047=CARTESIAN_POINT('',(-111.999996706843,16.,112.000001639128));
#11048=CARTESIAN_POINT('',(-111.999996706843,2.99999999999999,112.000001639128));
#11049=CARTESIAN_POINT('',(-111.999996706843,16.,115.000001713634));
#11050=CARTESIAN_POINT('',(-111.999996706843,16.,115.000001713634));
#11051=CARTESIAN_POINT('',(-111.999996706843,13.,115.000001713634));
#11052=CARTESIAN_POINT('Origin',(-113.999996706843,13.,112.000001639128));
#11053=CARTESIAN_POINT('',(-94.9999964237213,16.,112.000001639128));
#11054=CARTESIAN_POINT('',(-94.9999964237213,2.99999999999999,112.000001639128));
#11055=CARTESIAN_POINT('',(-94.9999964237213,16.,112.000001639128));
#11056=CARTESIAN_POINT('Origin',(-94.9999964237213,13.,110.000001639128));
#11057=CARTESIAN_POINT('',(-92.9999964237213,16.,110.000001639128));
#11058=CARTESIAN_POINT('',(-92.9999964237213,13.,110.000001639128));
#11059=CARTESIAN_POINT('Origin',(-94.9999964237213,16.,110.000001639128));
#11060=CARTESIAN_POINT('Origin',(-92.9999964237213,13.,110.000001639128));
#11061=CARTESIAN_POINT('',(-92.9999964237213,16.,108.000001579523));
#11062=CARTESIAN_POINT('',(-92.9999964237213,2.99999999999999,108.000001579523));
#11063=CARTESIAN_POINT('',(-92.9999964237213,16.,110.000001639128));
#11064=CARTESIAN_POINT('Origin',(-120.999996811152,13.,28.0000004172325));
#11065=CARTESIAN_POINT('',(-120.999996811152,13.,28.0000004172325));
#11066=CARTESIAN_POINT('',(-120.999996811152,13.,32.0000004768372));
#11067=CARTESIAN_POINT('Origin',(-94.9999964237213,13.,108.000001579523));
#11068=CARTESIAN_POINT('',(-87.9999962896109,16.,108.000001579523));
#11069=CARTESIAN_POINT('',(-87.9999962896109,13.,108.000001579523));
#11070=CARTESIAN_POINT('',(-85.9999962896109,16.,108.000001579523));
#11071=CARTESIAN_POINT('Origin',(-100.999996513128,13.,28.0000004172325));
#11072=CARTESIAN_POINT('',(-100.999996513128,13.,28.0000004172325));
#11073=CARTESIAN_POINT('Origin',(-87.9999962896109,13.,106.000001579523));
#11074=CARTESIAN_POINT('',(-87.9999962896109,16.,131.000001952052));
#11075=CARTESIAN_POINT('',(-87.9999962896109,3.,131.000001952052));
#11076=CARTESIAN_POINT('',(-87.9999962896109,16.,131.000001952052));
#11077=CARTESIAN_POINT('Origin',(-100.999996513128,13.,23.5000003501773));
#11078=CARTESIAN_POINT('',(-100.999996513128,13.,23.5000003501773));
#11079=CARTESIAN_POINT('Origin',(-85.9999962896109,13.,131.000001952052));
#11080=CARTESIAN_POINT('',(-85.9999962896109,16.,133.000001952052));
#11081=CARTESIAN_POINT('',(-85.9999962896109,13.,133.000001952052));
#11082=CARTESIAN_POINT('Origin',(-85.9999962896109,16.,131.000001952052));
#11083=CARTESIAN_POINT('Origin',(-76.9999961555004,13.,23.5000003501773));
#11084=CARTESIAN_POINT('',(-76.9999961555004,13.,23.5000003501773));
#11085=CARTESIAN_POINT('Origin',(-85.9999962896109,13.,133.000001952052));
#11086=CARTESIAN_POINT('',(-65.9999959617853,16.,133.000001952052));
#11087=CARTESIAN_POINT('',(-65.9999959617853,13.,133.000001952052));
#11088=CARTESIAN_POINT('',(-63.9999959617853,16.,133.000001952052));
#11089=CARTESIAN_POINT('Origin',(-76.9999961555004,13.,28.5000004246831));
#11090=CARTESIAN_POINT('',(-76.9999961555004,13.,28.5000004246831));
#11091=CARTESIAN_POINT('Origin',(-65.9999959617853,13.,131.000001952052));
#11092=CARTESIAN_POINT('',(-65.9999959617853,16.,136.000002026558));
#11093=CARTESIAN_POINT('',(-65.9999959617853,3.,136.000002026558));
#11094=CARTESIAN_POINT('',(-65.9999959617853,16.,136.000002026558));
#11095=CARTESIAN_POINT('Origin',(-57.9999958723783,13.,28.5000004246831));
#11096=CARTESIAN_POINT('',(-57.9999958723783,13.,28.5000004246831));
#11097=CARTESIAN_POINT('Origin',(-63.9999959617853,13.,136.000002026558));
#11098=CARTESIAN_POINT('',(-63.9999959617853,16.,138.000002026558));
#11099=CARTESIAN_POINT('',(-63.9999959617853,13.,138.000002026558));
#11100=CARTESIAN_POINT('Origin',(-63.9999959617853,16.,136.000002026558));
#11101=CARTESIAN_POINT('Origin',(-57.9999958723783,13.,33.5000004991889));
#11102=CARTESIAN_POINT('Origin',(-63.9999959617853,13.,138.000002026558));
#11103=CARTESIAN_POINT('',(-37.9999955743551,16.,138.000002026558));
#11104=CARTESIAN_POINT('',(-37.9999955743551,3.,138.000002026558));
#11105=CARTESIAN_POINT('',(-37.9999955743551,16.,138.000002026558));
#11106=CARTESIAN_POINT('Origin',(-37.9999955743551,13.,136.000002026558));
#11107=CARTESIAN_POINT('',(-35.9999955743551,16.,136.000002026558));
#11108=CARTESIAN_POINT('',(-35.9999955743551,13.,136.000002026558));
#11109=CARTESIAN_POINT('Origin',(-37.9999955743551,16.,136.000002026558));
#11110=CARTESIAN_POINT('Origin',(-32.3194646301496,4.00000000000001,33.1942799295661));
#11111=CARTESIAN_POINT('',(-32.3283925677721,4.00000000000001,32.4443330701622));
#11112=CARTESIAN_POINT('Origin',(-35.9999955743551,13.,136.000002026558));
#11113=CARTESIAN_POINT('',(-35.9999955743551,16.,129.999997138977));
#11114=CARTESIAN_POINT('',(-35.9999955743551,3.,129.999997138977));
#11115=CARTESIAN_POINT('',(-35.9999955743551,16.,136.000002026558));
#11116=CARTESIAN_POINT('Origin',(-30.4719373247886,9.25000000000001,32.4222324154284));
#11117=CARTESIAN_POINT('',(-28.6154820818051,3.00000000000001,32.4001317606947));
#11118=CARTESIAN_POINT('Origin',(-37.9999955743551,13.,129.999997138977));
#11119=CARTESIAN_POINT('',(-15.999989695847,16.,129.999997138977));
#11120=CARTESIAN_POINT('',(-15.999989695847,3.00000000000001,129.999997138977));
#11121=CARTESIAN_POINT('',(-15.999989695847,16.,129.999997138977));
#11122=CARTESIAN_POINT('Origin',(-28.6065541441826,14.5,33.1500786200986));
#11123=CARTESIAN_POINT('',(-28.6065541441826,3.00000000000001,33.1500786200986));
#11124=CARTESIAN_POINT('Origin',(-15.999989695847,13.,127.999997138977));
#11125=CARTESIAN_POINT('',(-13.999989695847,16.,127.999997138977));
#11126=CARTESIAN_POINT('',(-13.999989695847,13.,127.999997138977));
#11127=CARTESIAN_POINT('Origin',(-15.999989695847,16.,127.999997138977));
#11128=CARTESIAN_POINT('Origin',(-15.999989695847,13.,33.0000004917383));
#11129=CARTESIAN_POINT('',(-15.999989695847,13.,33.0000004917383));
#11130=CARTESIAN_POINT('Origin',(-13.999989695847,13.,127.999997138977));
#11131=CARTESIAN_POINT('',(-13.999989695847,16.,33.0000004917383));
#11132=CARTESIAN_POINT('',(-13.999989695847,3.00000000000001,33.0000004917383));
#11133=CARTESIAN_POINT('',(-13.999989695847,16.,127.999997138977));
#11134=CARTESIAN_POINT('Origin',(-15.999989695847,13.,33.0000004917383));
#11135=CARTESIAN_POINT('',(-15.999989695847,13.,33.0000004917383));
#11136=CARTESIAN_POINT('',(-15.999989695847,16.,33.0000004917383));
#11137=CARTESIAN_POINT('',(-15.999989695847,13.,33.0000004917383));
#11138=CARTESIAN_POINT('',(-15.999989695847,16.,33.0000004917383));
#11139=CARTESIAN_POINT('Origin',(-15.999989695847,16.,33.0000004917383));
#11140=CARTESIAN_POINT('',(-14.0001314041032,4.00000000000001,32.9761926580783));
#11141=CARTESIAN_POINT('',(-14.0001314041032,4.00000000000001,32.9761926580783));
#11142=CARTESIAN_POINT('',(-14.0001314041032,16.,32.9761926580783));
#11143=CARTESIAN_POINT('',(-14.0001314041032,13.,32.9761926580783));
#11144=CARTESIAN_POINT('',(-15.999989695847,16.,33.0000004917383));
#11145=CARTESIAN_POINT('Ctrl Pts',(-16.0237975295071,4.00000000000001,31.0001421999945));
#11146=CARTESIAN_POINT('Ctrl Pts',(-16.0237975295071,1.00000000000001,31.0001421999945));
#11147=CARTESIAN_POINT('Ctrl Pts',(-15.6969415376973,4.00000000000001,30.9962510577491));
#11148=CARTESIAN_POINT('Ctrl Pts',(-15.6969415376973,1.00000000000001,30.9962510577491));
#11149=CARTESIAN_POINT('Ctrl Pts',(-15.4017923479971,4.00000000000001,31.0123288430642));
#11150=CARTESIAN_POINT('Ctrl Pts',(-15.4017923479971,1.00000000000001,31.0123288430642));
#11151=CARTESIAN_POINT('Ctrl Pts',(-14.9510944987757,4.00000000000001,31.0995100299555));
#11152=CARTESIAN_POINT('Ctrl Pts',(-14.9510944987757,1.00000000000001,31.0995100299555));
#11153=CARTESIAN_POINT('Ctrl Pts',(-14.7888851282912,4.00000000000001,31.155500115569));
#11154=CARTESIAN_POINT('Ctrl Pts',(-14.7888851282912,1.00000000000001,31.155500115569));
#11155=CARTESIAN_POINT('Ctrl Pts',(-14.534331878455,4.00000000000001,31.2985763752742));
#11156=CARTESIAN_POINT('Ctrl Pts',(-14.534331878455,1.00000000000001,31.2985763752742));
#11157=CARTESIAN_POINT('Ctrl Pts',(-14.4322119859456,4.00000000000001,31.3835776426426));
#11158=CARTESIAN_POINT('Ctrl Pts',(-14.4322119859456,1.00000000000001,31.3835776426426));
#11159=CARTESIAN_POINT('Ctrl Pts',(-14.2507893183305,4.00000000000001,31.6125702010747));
#11160=CARTESIAN_POINT('Ctrl Pts',(-14.2507893183305,1.00000000000001,31.6125702010747));
#11161=CARTESIAN_POINT('Ctrl Pts',(-14.1768459355353,4.00000000000001,31.7617505607135));
#11162=CARTESIAN_POINT('Ctrl Pts',(-14.1768459355353,1.00000000000001,31.7617505607135));
#11163=CARTESIAN_POINT('Ctrl Pts',(-14.035543296809,4.00000000000001,32.2372958462347));
#11164=CARTESIAN_POINT('Ctrl Pts',(-14.035543296809,1.00000000000001,32.2372958462347));
#11165=CARTESIAN_POINT('Ctrl Pts',(-14.0046792929563,4.00000000000001,32.5941699439321));
#11166=CARTESIAN_POINT('Ctrl Pts',(-14.0046792929563,1.00000000000001,32.5941699439321));
#11167=CARTESIAN_POINT('Ctrl Pts',(-14.0001314041032,4.00000000000001,32.9761926580783));
#11168=CARTESIAN_POINT('Ctrl Pts',(-14.0001314041032,1.00000000000001,32.9761926580783));
#11169=CARTESIAN_POINT('',(-16.0237975295071,4.00000000000001,31.0001421999945));
#11170=CARTESIAN_POINT('',(-16.0237975295071,4.00000000000001,31.0001421999945));
#11171=CARTESIAN_POINT('Ctrl Pts',(-14.0001314041032,4.00000000000001,32.9761926580783));
#11172=CARTESIAN_POINT('Ctrl Pts',(-14.0046792929563,4.00000000000001,32.5941699439321));
#11173=CARTESIAN_POINT('Ctrl Pts',(-14.035543296809,4.00000000000001,32.2372958462347));
#11174=CARTESIAN_POINT('Ctrl Pts',(-14.1223517943746,4.00000000000001,31.9451472201893));
#11175=CARTESIAN_POINT('Ctrl Pts',(-14.1768459355353,4.00000000000001,31.7617505607135));
#11176=CARTESIAN_POINT('Ctrl Pts',(-14.2507893183305,4.00000000000001,31.6125702010747));
#11177=CARTESIAN_POINT('Ctrl Pts',(-14.3470007772539,4.00000000000001,31.4911316376417));
#11178=CARTESIAN_POINT('Ctrl Pts',(-14.4322119859456,4.00000000000001,31.3835776426426));
#11179=CARTESIAN_POINT('Ctrl Pts',(-14.534331878455,4.00000000000001,31.2985763752742));
#11180=CARTESIAN_POINT('Ctrl Pts',(-14.6538413850848,4.00000000000001,31.2314038947861));
#11181=CARTESIAN_POINT('Ctrl Pts',(-14.7888851282912,4.00000000000001,31.155500115569));
#11182=CARTESIAN_POINT('Ctrl Pts',(-14.9510944987757,4.00000000000001,31.0995100299555));
#11183=CARTESIAN_POINT('Ctrl Pts',(-15.1473897210398,4.00000000000001,31.0615394683306));
#11184=CARTESIAN_POINT('Ctrl Pts',(-15.4017923479971,4.00000000000001,31.0123288430642));
#11185=CARTESIAN_POINT('Ctrl Pts',(-15.6969415376973,4.00000000000001,30.9962510577491));
#11186=CARTESIAN_POINT('Ctrl Pts',(-16.0237975295071,4.00000000000001,31.0001421999945));
#11187=CARTESIAN_POINT('Ctrl Pts',(-16.0237975295071,16.,31.0001421999945));
#11188=CARTESIAN_POINT('Ctrl Pts',(-16.0237975295071,12.,31.0001421999945));
#11189=CARTESIAN_POINT('Ctrl Pts',(-16.0237975295071,8.00000000000001,31.0001421999945));
#11190=CARTESIAN_POINT('Ctrl Pts',(-16.0237975295071,4.,31.0001421999945));
#11191=CARTESIAN_POINT('Ctrl Pts',(-15.4850876782674,16.,30.9937289883273));
#11192=CARTESIAN_POINT('Ctrl Pts',(-15.4850876782674,12.,30.9937289883273));
#11193=CARTESIAN_POINT('Ctrl Pts',(-15.4850876782674,8.00000000000001,30.9937289883273));
#11194=CARTESIAN_POINT('Ctrl Pts',(-15.4850876782674,4.,30.9937289883273));
#11195=CARTESIAN_POINT('Ctrl Pts',(-14.8155966290763,16.,31.0852440728645));
#11196=CARTESIAN_POINT('Ctrl Pts',(-14.8155966290763,12.,31.0852440728645));
#11197=CARTESIAN_POINT('Ctrl Pts',(-14.8155966290763,8.00000000000001,31.0852440728645));
#11198=CARTESIAN_POINT('Ctrl Pts',(-14.8155966290763,4.,31.0852440728645));
#11199=CARTESIAN_POINT('Ctrl Pts',(-14.2758734307045,16.,31.4661184603098));
#11200=CARTESIAN_POINT('Ctrl Pts',(-14.2758734307045,12.,31.4661184603098));
#11201=CARTESIAN_POINT('Ctrl Pts',(-14.2758734307045,8.,31.4661184603098));
#11202=CARTESIAN_POINT('Ctrl Pts',(-14.2758734307045,4.,31.4661184603098));
#11203=CARTESIAN_POINT('Ctrl Pts',(-14.0514910967507,16.,32.0676050292394));
#11204=CARTESIAN_POINT('Ctrl Pts',(-14.0514910967507,12.,32.0676050292394));
#11205=CARTESIAN_POINT('Ctrl Pts',(-14.0514910967507,8.00000000000001,32.0676050292394));
#11206=CARTESIAN_POINT('Ctrl Pts',(-14.0514910967507,4.,32.0676050292394));
#11207=CARTESIAN_POINT('Ctrl Pts',(-14.0033380099368,16.,32.7068377324584));
#11208=CARTESIAN_POINT('Ctrl Pts',(-14.0033380099368,12.,32.7068377324584));
#11209=CARTESIAN_POINT('Ctrl Pts',(-14.0033380099368,8.00000000000001,32.7068377324584));
#11210=CARTESIAN_POINT('Ctrl Pts',(-14.0033380099368,4.,32.7068377324584));
#11211=CARTESIAN_POINT('Ctrl Pts',(-14.0001314041032,16.,32.9761926580783));
#11212=CARTESIAN_POINT('Ctrl Pts',(-14.0001314041032,12.,32.9761926580783));
#11213=CARTESIAN_POINT('Ctrl Pts',(-14.0001314041032,8.00000000000001,32.9761926580783));
#11214=CARTESIAN_POINT('Ctrl Pts',(-14.0001314041032,4.,32.9761926580783));
#11215=CARTESIAN_POINT('',(-16.0237975295071,16.,31.0001421999945));
#11216=CARTESIAN_POINT('Ctrl Pts',(-16.0237975295071,4.,31.0001421999945));
#11217=CARTESIAN_POINT('Ctrl Pts',(-16.0237975295071,8.00000000000001,31.0001421999945));
#11218=CARTESIAN_POINT('Ctrl Pts',(-16.0237975295071,12.,31.0001421999945));
#11219=CARTESIAN_POINT('Ctrl Pts',(-16.0237975295071,16.,31.0001421999945));
#11220=CARTESIAN_POINT('Ctrl Pts',(-16.0237975295071,16.,31.0001421999945));
#11221=CARTESIAN_POINT('Ctrl Pts',(-15.4850876782674,16.,30.9937289883273));
#11222=CARTESIAN_POINT('Ctrl Pts',(-15.1503421536718,16.,31.0394865305959));
#11223=CARTESIAN_POINT('Ctrl Pts',(-14.8930155249788,16.,31.1258443663044));
#11224=CARTESIAN_POINT('Ctrl Pts',(-14.6356888962857,16.,31.2122022020129));
#11225=CARTESIAN_POINT('Ctrl Pts',(-14.4557811634951,16.,31.3391603311613));
#11226=CARTESIAN_POINT('Ctrl Pts',(-14.3209508303091,16.,31.5229367095215));
#11227=CARTESIAN_POINT('Ctrl Pts',(-14.186120497123,16.,31.7067130878816));
#11228=CARTESIAN_POINT('Ctrl Pts',(-14.0963675635415,16.,31.9473077154534));
#11229=CARTESIAN_POINT('Ctrl Pts',(-14.045048547097,16.,32.311609348297));
#11230=CARTESIAN_POINT('Ctrl Pts',(-14.0193890388748,16.,32.4937601647187));
#11231=CARTESIAN_POINT('Ctrl Pts',(-14.0033380099368,16.,32.7068377324584));
#11232=CARTESIAN_POINT('Ctrl Pts',(-14.0001314041032,16.,32.9761926580783));
#11233=CARTESIAN_POINT('Origin',(-16.0237975295071,13.,31.0001421999945));
#11234=CARTESIAN_POINT('',(-55.9999958723784,16.,31.4760492602285));
#11235=CARTESIAN_POINT('',(-55.9999958723784,13.,31.4760492602285));
#11236=CARTESIAN_POINT('',(-16.0237975295071,16.,31.0001421999945));
#11237=CARTESIAN_POINT('Origin',(-113.999996706843,13.,115.000001713634));
#11238=CARTESIAN_POINT('',(-113.999996706843,16.,117.000001713634));
#11239=CARTESIAN_POINT('Origin',(-113.999996706843,16.,115.000001713634));
#11240=CARTESIAN_POINT('',(-113.999996706843,13.,117.000001713634));
#11241=CARTESIAN_POINT('Origin',(-139.999997094274,13.,117.000001713634));
#11242=CARTESIAN_POINT('',(-139.999997094274,16.,117.000001713634));
#11243=CARTESIAN_POINT('',(-113.999996706843,16.,117.000001713634));
#11244=CARTESIAN_POINT('',(-139.999997094274,13.,117.000001713634));
#11245=CARTESIAN_POINT('Origin',(-139.999997094274,13.,115.000001713634));
#11246=CARTESIAN_POINT('',(-141.999997094274,16.,115.000001713634));
#11247=CARTESIAN_POINT('Origin',(-139.999997094274,16.,115.000001713634));
#11248=CARTESIAN_POINT('',(-141.999997094274,13.,115.000001713634));
#11249=CARTESIAN_POINT('Origin',(-57.9999958723783,13.,28.5000004246831));
#11250=CARTESIAN_POINT('',(-57.9999958723783,16.,26.5000004246831));
#11251=CARTESIAN_POINT('',(-57.9999958723783,13.,26.5000004246831));
#11252=CARTESIAN_POINT('',(-55.9999958723784,16.,28.5000004246831));
#11253=CARTESIAN_POINT('Origin',(-57.9999958723783,16.,28.5000004246831));
#11254=CARTESIAN_POINT('',(-55.9999958723784,13.,28.5000004246831));
#11255=CARTESIAN_POINT('Origin',(-57.9999958723783,13.,26.5000004246831));
#11256=CARTESIAN_POINT('',(-74.9999961555004,16.,26.5000004246831));
#11257=CARTESIAN_POINT('',(-74.9999961555004,13.,26.5000004246831));
#11258=CARTESIAN_POINT('',(-76.9999961555004,16.,26.5000004246831));
#11259=CARTESIAN_POINT('Origin',(-76.9999961555004,13.,23.5000003501773));
#11260=CARTESIAN_POINT('',(-76.9999961555004,16.,21.5000003501773));
#11261=CARTESIAN_POINT('',(-76.9999961555004,13.,21.5000003501773));
#11262=CARTESIAN_POINT('',(-74.9999961555004,16.,23.5000003501773));
#11263=CARTESIAN_POINT('Origin',(-76.9999961555004,16.,23.5000003501773));
#11264=CARTESIAN_POINT('',(-74.9999961555004,13.,23.5000003501773));
#11265=CARTESIAN_POINT('Origin',(-76.9999961555004,13.,21.5000003501773));
#11266=CARTESIAN_POINT('',(-100.999996513128,16.,21.5000003501773));
#11267=CARTESIAN_POINT('',(-100.999996513128,13.,21.5000003501773));
#11268=CARTESIAN_POINT('',(-100.999996513128,16.,21.5000003501773));
#11269=CARTESIAN_POINT('Origin',(-100.999996513128,13.,23.5000003501773));
#11270=CARTESIAN_POINT('',(-102.999996513128,16.,23.5000003501773));
#11271=CARTESIAN_POINT('',(-102.999996513128,13.,23.5000003501773));
#11272=CARTESIAN_POINT('Origin',(-100.999996513128,16.,23.5000003501773));
#11273=CARTESIAN_POINT('Origin',(-102.999996513128,13.,23.5000003501773));
#11274=CARTESIAN_POINT('',(-102.999996513128,16.,26.0000004172325));
#11275=CARTESIAN_POINT('',(-102.999996513128,13.,26.0000004172325));
#11276=CARTESIAN_POINT('',(-102.999996513128,16.,23.5000003501773));
#11277=CARTESIAN_POINT('Origin',(-120.999996811152,13.,28.0000004172325));
#11278=CARTESIAN_POINT('',(-122.999996811152,16.,28.0000004172325));
#11279=CARTESIAN_POINT('',(-122.999996811152,13.,28.0000004172325));
#11280=CARTESIAN_POINT('',(-120.999996811152,16.,26.0000004172325));
#11281=CARTESIAN_POINT('Origin',(-120.999996811152,16.,28.0000004172325));
#11282=CARTESIAN_POINT('',(-120.999996811152,13.,26.0000004172325));
#11283=CARTESIAN_POINT('Origin',(-122.999996811152,13.,28.0000004172325));
#11284=CARTESIAN_POINT('',(-122.999996811152,16.,30.0000004768372));
#11285=CARTESIAN_POINT('',(-122.999996811152,13.,30.0000004768372));
#11286=CARTESIAN_POINT('',(-122.999996811152,16.,28.0000004172325));
#11287=CARTESIAN_POINT('Origin',(-139.999997094274,13.,32.0000004768372));
#11288=CARTESIAN_POINT('',(-141.999997094274,16.,32.0000004768372));
#11289=CARTESIAN_POINT('',(-141.999997094274,13.,32.0000004768372));
#11290=CARTESIAN_POINT('',(-139.999997094274,16.,30.0000004768372));
#11291=CARTESIAN_POINT('Origin',(-139.999997094274,16.,32.0000004768372));
#11292=CARTESIAN_POINT('',(-139.999997094274,13.,30.0000004768372));
#11293=CARTESIAN_POINT('Origin',(-141.999997094274,13.,32.0000004768372));
#11294=CARTESIAN_POINT('',(-141.999997094274,16.,32.0000004768372));
#11295=CARTESIAN_POINT('Origin',(-139.999997094274,13.,32.0000004768372));
#11296=CARTESIAN_POINT('',(-139.999997094274,13.,32.0000004768372));
#11297=CARTESIAN_POINT('Origin',(-120.999996811152,13.,32.0000004768372));
#11298=CARTESIAN_POINT('Origin',(-15.999989695847,13.,127.999997138977));
#11299=CARTESIAN_POINT('Origin',(-74.9999961555004,13.,28.5000004246831));
#11300=CARTESIAN_POINT('',(-74.9999961555004,16.,23.5000003501773));
#11301=CARTESIAN_POINT('Origin',(-55.9999958723784,13.,33.5000004991889));
#11302=CARTESIAN_POINT('',(-55.9999958723784,16.,28.5000004246831));
#11303=CARTESIAN_POINT('Origin',(-120.999996811152,13.,30.0000004768372));
#11304=CARTESIAN_POINT('',(-139.999997094274,16.,30.0000004768372));
#11305=CARTESIAN_POINT('Origin',(-100.999996513128,13.,26.0000004172325));
#11306=CARTESIAN_POINT('',(-120.999996811152,16.,26.0000004172325));
#11307=CARTESIAN_POINT('Origin',(-77.9999933950603,16.,79.7500011883676));
#11308=CARTESIAN_POINT('Origin',(-57.9999919980764,14.5,33.4999992512167));
#11309=CARTESIAN_POINT('',(-57.9999919980764,14.5,33.4999992512167));
#11310=CARTESIAN_POINT('',(-90.9999942034483,14.5,33.4999992512167));
#11311=CARTESIAN_POINT('',(-57.9999919980764,14.5,33.4999992512167));
#11312=CARTESIAN_POINT('',(-90.9999942034483,5.5,33.4999992512167));
#11313=CARTESIAN_POINT('',(-90.9999942034483,14.5,33.4999992512167));
#11314=CARTESIAN_POINT('',(-57.9999919980764,5.5,33.4999992512167));
#11315=CARTESIAN_POINT('',(-57.9999919980764,5.5,33.4999992512167));
#11316=CARTESIAN_POINT('',(-57.9999919980764,14.5,33.4999992512167));
#11317=CARTESIAN_POINT('Origin',(-57.9999919980764,14.5,32.0000004768372));
#11318=CARTESIAN_POINT('',(-57.9999919980764,14.5,32.0000004768372));
#11319=CARTESIAN_POINT('',(-57.9999919980764,14.5,32.0000004768372));
#11320=CARTESIAN_POINT('',(-57.9999919980764,5.5,32.0000004768372));
#11321=CARTESIAN_POINT('',(-57.9999919980764,5.5,32.0000004768372));
#11322=CARTESIAN_POINT('',(-57.9999919980764,14.5,32.0000004768372));
#11323=CARTESIAN_POINT('Origin',(-90.9999942034483,14.5,32.0000004768372));
#11324=CARTESIAN_POINT('',(-90.9999942034483,14.5,32.0000004768372));
#11325=CARTESIAN_POINT('',(-90.9999942034483,14.5,32.0000004768372));
#11326=CARTESIAN_POINT('',(-90.9999942034483,5.5,32.0000004768372));
#11327=CARTESIAN_POINT('',(-90.9999942034483,5.5,32.0000004768372));
#11328=CARTESIAN_POINT('',(-90.9999942034483,14.5,32.0000004768372));
#11329=CARTESIAN_POINT('Origin',(-90.9999942034483,14.5,31.9913655774367));
#11330=CARTESIAN_POINT('',(-90.9999942034483,5.5,31.9913655774367));
#11331=CARTESIAN_POINT('',(-90.9999942034483,5.5,70.9037372626465));
#11332=CARTESIAN_POINT('',(-90.9999942034483,14.5,31.9913655774367));
#11333=CARTESIAN_POINT('',(-90.9999942034483,14.5,31.9913655774367));
#11334=CARTESIAN_POINT('',(-90.9999942034483,14.5,70.9037372626465));
#11335=CARTESIAN_POINT('Origin',(-90.9999942034483,14.5,31.9913655774367));
#11336=CARTESIAN_POINT('',(-90.9999942034483,14.5,69.0287672651011));
#11337=CARTESIAN_POINT('',(-90.9999942034483,14.5,70.9037372626465));
#11338=CARTESIAN_POINT('',(-90.9999942034483,5.5,69.0287672651011));
#11339=CARTESIAN_POINT('',(-90.9999942034483,14.5,69.0287672651011));
#11340=CARTESIAN_POINT('',(-90.9999942034483,5.5,70.9037372626465));
#11341=CARTESIAN_POINT('Origin',(-92.9999942332506,14.5,70.9037372626465));
#11342=CARTESIAN_POINT('',(-92.9999942332506,14.5,31.9913655774367));
#11343=CARTESIAN_POINT('',(-92.9999942332506,14.5,70.9037372626465));
#11344=CARTESIAN_POINT('',(-92.9999942332506,14.5,31.9913655774367));
#11345=CARTESIAN_POINT('',(-92.9999942332506,5.5,31.9913655774367));
#11346=CARTESIAN_POINT('',(-92.9999942332506,14.5,31.9913655774367));
#11347=CARTESIAN_POINT('',(-92.9999942332506,5.5,70.9037372626465));
#11348=CARTESIAN_POINT('',(-92.9999942332506,5.5,31.9913655774367));
#11349=CARTESIAN_POINT('',(-92.9999942332506,14.5,70.9037372626465));
#11350=CARTESIAN_POINT('Origin',(-92.9999942332506,14.5,31.9913655774367));
#11351=CARTESIAN_POINT('',(-90.9999942034483,14.5,31.9913655774367));
#11352=CARTESIAN_POINT('',(-90.9999942034483,5.5,31.9913655774367));
#11353=CARTESIAN_POINT('Origin',(-32.6870286117156,14.5,70.9037532357205));
#11354=CARTESIAN_POINT('',(-90.9999942034483,14.5,70.9037532357205));
#11355=CARTESIAN_POINT('',(-32.6870286117156,14.5,70.9037532357205));
#11356=CARTESIAN_POINT('',(-90.9999942034483,14.5,70.9037532357205));
#11357=CARTESIAN_POINT('',(-92.9999942332506,14.5,70.9037372626465));
#11358=CARTESIAN_POINT('',(-90.9999942034483,5.5,70.9037532357205));
#11359=CARTESIAN_POINT('',(-92.9999942332506,5.5,70.9037372626465));
#11360=CARTESIAN_POINT('',(-32.6870286117156,5.50000000000001,70.9037532357205));
#11361=CARTESIAN_POINT('',(-90.9999942034483,5.5,70.9037532357205));
#11362=CARTESIAN_POINT('',(-32.6870286117156,14.5,70.9037532357205));
#11363=CARTESIAN_POINT('Origin',(-32.6870286117156,14.5,69.0287672651011));
#11364=CARTESIAN_POINT('',(-32.6870286117156,14.5,69.0287672651011));
#11365=CARTESIAN_POINT('',(-32.6870286117156,14.5,70.9037532357205));
#11366=CARTESIAN_POINT('',(-32.6870286117156,5.50000000000001,69.0287672651011));
#11367=CARTESIAN_POINT('',(-32.6870286117156,5.50000000000001,70.9037532357205));
#11368=CARTESIAN_POINT('',(-32.6870286117156,14.5,69.0287672651011));
#11369=CARTESIAN_POINT('Origin',(-90.9999942034483,14.5,69.0287672651011));
#11370=CARTESIAN_POINT('',(-32.6870286117156,14.5,69.0287672651011));
#11371=CARTESIAN_POINT('',(-32.6870286117156,5.50000000000001,69.0287672651011));
#11372=CARTESIAN_POINT('Origin',(-61.843511407582,5.50000000000001,69.9662602504108));
#11373=CARTESIAN_POINT('Origin',(-61.843511407582,14.5,69.9662602504108));
#11374=CARTESIAN_POINT('Origin',(-32.707598416383,14.5,46.9535689535731));
#11375=CARTESIAN_POINT('',(-32.707598416383,14.5,69.0000010281801));
#11376=CARTESIAN_POINT('',(-32.707598416383,14.5,46.9535689535731));
#11377=CARTESIAN_POINT('',(-32.707598416383,14.5,69.0000010281801));
#11378=CARTESIAN_POINT('',(-32.707598416383,5.50000000000001,69.0000010281801));
#11379=CARTESIAN_POINT('',(-32.707598416383,14.5,69.0000010281801));
#11380=CARTESIAN_POINT('',(-32.707598416383,5.50000000000001,46.9535689535731));
#11381=CARTESIAN_POINT('',(-32.707598416383,5.50000000000001,69.0000010281801));
#11382=CARTESIAN_POINT('',(-32.707598416383,14.5,46.9535689535731));
#11383=CARTESIAN_POINT('Origin',(-34.9999933689833,14.5,46.9535689535731));
#11384=CARTESIAN_POINT('',(-34.9999933689833,14.5,46.9535689535731));
#11385=CARTESIAN_POINT('',(-32.707598416383,14.5,46.9535689535731));
#11386=CARTESIAN_POINT('',(-34.9999933689833,5.50000000000001,46.9535689535731));
#11387=CARTESIAN_POINT('',(-32.707598416383,5.50000000000001,46.9535689535731));
#11388=CARTESIAN_POINT('',(-34.9999933689833,14.5,46.9535689535731));
#11389=CARTESIAN_POINT('Origin',(-34.9999933689833,14.5,69.0000010281801));
#11390=CARTESIAN_POINT('',(-34.9999933689833,14.5,69.0000010281801));
#11391=CARTESIAN_POINT('',(-34.9999933689833,14.5,46.9535689535731));
#11392=CARTESIAN_POINT('',(-34.9999933689833,5.50000000000001,69.0000010281801));
#11393=CARTESIAN_POINT('',(-34.9999933689833,5.50000000000001,46.9535689535731));
#11394=CARTESIAN_POINT('',(-34.9999933689833,14.5,69.0000010281801));
#11395=CARTESIAN_POINT('Origin',(-32.707598416383,14.5,69.0000010281801));
#11396=CARTESIAN_POINT('',(-34.9999933689833,14.5,69.0000010281801));
#11397=CARTESIAN_POINT('',(-34.9999933689833,5.50000000000001,69.0000010281801));
#11398=CARTESIAN_POINT('Origin',(-33.8537958926831,5.50000000000001,57.9767849908766));
#11399=CARTESIAN_POINT('Origin',(-33.8537958926831,14.5,57.9767849908766));
#11400=CARTESIAN_POINT('Origin',(-19.2999928630888,14.5,36.3999991863966));
#11401=CARTESIAN_POINT('',(-20.2899423346229,1.50000000000001,36.3999991863966));
#11402=CARTESIAN_POINT('Origin',(-19.2999928630888,1.50000000000001,36.3999991863966));
#11403=CARTESIAN_POINT('',(-20.2899423346229,14.5,36.3999991863966));
#11404=CARTESIAN_POINT('',(-20.2899423346229,14.5,36.3999991863966));
#11405=CARTESIAN_POINT('Origin',(-19.2999928630888,14.5,36.3999991863966));
#11406=CARTESIAN_POINT('Origin',(-19.2999928630888,1.50000000000001,36.3999991863966));
#11407=CARTESIAN_POINT('Origin',(-19.2999928630888,14.5,36.3999991863966));
#11408=CARTESIAN_POINT('Origin',(-82.0999914593995,14.5,127.599997147918));
#11409=CARTESIAN_POINT('',(-83.0899914593995,1.5,127.599997147918));
#11410=CARTESIAN_POINT('Origin',(-82.0999914593995,1.5,127.599997147918));
#11411=CARTESIAN_POINT('',(-83.0899914593995,14.5,127.599997147918));
#11412=CARTESIAN_POINT('',(-83.0899914593995,14.5,127.599997147918));
#11413=CARTESIAN_POINT('Origin',(-82.0999914593995,14.5,127.599997147918));
#11414=CARTESIAN_POINT('Origin',(-82.0999914593995,1.5,127.599997147918));
#11415=CARTESIAN_POINT('Origin',(-82.0999914593995,14.5,127.599997147918));
#11416=CARTESIAN_POINT('Origin',(-136.59999024123,14.5,35.3999992087483));
#11417=CARTESIAN_POINT('',(-137.58999024123,1.5,35.3999992087483));
#11418=CARTESIAN_POINT('Origin',(-136.59999024123,1.5,35.3999992087483));
#11419=CARTESIAN_POINT('',(-137.58999024123,14.5,35.3999992087483));
#11420=CARTESIAN_POINT('',(-137.58999024123,14.5,35.3999992087483));
#11421=CARTESIAN_POINT('Origin',(-136.59999024123,14.5,35.3999992087483));
#11422=CARTESIAN_POINT('Origin',(-136.59999024123,1.5,35.3999992087483));
#11423=CARTESIAN_POINT('Origin',(-136.59999024123,14.5,35.3999992087483));
#11424=CARTESIAN_POINT('Origin',(-136.59999024123,14.5,111.099997516721));
#11425=CARTESIAN_POINT('',(-137.58999024123,1.5,111.099997516721));
#11426=CARTESIAN_POINT('Origin',(-136.59999024123,1.5,111.099997516721));
#11427=CARTESIAN_POINT('',(-137.58999024123,14.5,111.099997516721));
#11428=CARTESIAN_POINT('',(-137.58999024123,14.5,111.099997516721));
#11429=CARTESIAN_POINT('Origin',(-136.59999024123,14.5,111.099997516721));
#11430=CARTESIAN_POINT('Origin',(-136.59999024123,1.5,111.099997516721));
#11431=CARTESIAN_POINT('Origin',(-136.59999024123,14.5,111.099997516721));
#11432=UNCERTAINTY_MEASURE_WITH_UNIT(LENGTH_MEASURE(0.01),#11436,
'DISTANCE_ACCURACY_VALUE',
'Maximum model space distance between geometric entities at asserted c
onnectivities');
#11433=UNCERTAINTY_MEASURE_WITH_UNIT(LENGTH_MEASURE(0.01),#11436,
'DISTANCE_ACCURACY_VALUE',
'Maximum model space distance between geometric entities at asserted c
onnectivities');
#11434=(
GEOMETRIC_REPRESENTATION_CONTEXT(3)
GLOBAL_UNCERTAINTY_ASSIGNED_CONTEXT((#11432))
GLOBAL_UNIT_ASSIGNED_CONTEXT((#11436,#11437,#11438))
REPRESENTATION_CONTEXT('','3D')
);
#11435=(
GEOMETRIC_REPRESENTATION_CONTEXT(3)
GLOBAL_UNCERTAINTY_ASSIGNED_CONTEXT((#11433))
GLOBAL_UNIT_ASSIGNED_CONTEXT((#11436,#11437,#11438))
REPRESENTATION_CONTEXT('','3D')
);
#11436=(
LENGTH_UNIT()
NAMED_UNIT(*)
SI_UNIT(.MILLI.,.METRE.)
);
#11437=(
NAMED_UNIT(*)
PLANE_ANGLE_UNIT()
SI_UNIT($,.RADIAN.)
);
#11438=(
NAMED_UNIT(*)
SI_UNIT($,.STERADIAN.)
SOLID_ANGLE_UNIT()
);
#11439=SHAPE_DEFINITION_REPRESENTATION(#11440,#11441);
#11440=PRODUCT_DEFINITION_SHAPE('',$,#11443);
#11441=SHAPE_REPRESENTATION('',(#6835),#11434);
#11442=PRODUCT_DEFINITION_CONTEXT('part definition',#11447,'design');
#11443=PRODUCT_DEFINITION('2026-06-29-02-45-40-884',
'PROJECT_TYPEFACE_SHELL',#11444,#11442);
#11444=PRODUCT_DEFINITION_FORMATION('',$,#11449);
#11445=PRODUCT_RELATED_PRODUCT_CATEGORY('PROJECT_TYPEFACE_SHELL',
'PROJECT_TYPEFACE_SHELL',(#11449));
#11446=APPLICATION_PROTOCOL_DEFINITION('international standard',
'automotive_design',2009,#11447);
#11447=APPLICATION_CONTEXT(
'Core Data for Automotive Mechanical Design Process');
#11448=PRODUCT_CONTEXT('part definition',#11447,'mechanical');
#11449=PRODUCT('2026-06-29-02-45-40-884','PROJECT_TYPEFACE_SHELL',$,(#11448));
#11450=PRESENTATION_STYLE_ASSIGNMENT((#11451));
#11451=SURFACE_STYLE_USAGE(.BOTH.,#11452);
#11452=SURFACE_SIDE_STYLE('',(#11453));
#11453=SURFACE_STYLE_FILL_AREA(#11454);
#11454=FILL_AREA_STYLE('Steel - Satin',(#11455));
#11455=FILL_AREA_STYLE_COLOUR('Steel - Satin',#11456);
#11456=COLOUR_RGB('Steel - Satin',0.627450980392157,0.627450980392157,0.627450980392157);
ENDSEC;
END-ISO-10303-21;
